原始指標名稱,映射後指標名稱,相似度,片段內容
G-1-1_1,Q1,0.8691665095204517,"人壽、銀行、證券、投信、創投、保代等子公司
就其產業性質及業務範圍，辨識各自之氣候風險與機會，負責第一線氣候風險控
管，並將氣候議題納入相關之營運活動，定期報告氣候指標及目標達成情形以及績效提升計畫。定期檢視 督導改善組織 主席/召集人 開會頻率 氣候治理角色
推動及落實執行氣候風險管理之"
G-1-1_1,Q1,0.8570847992934401,"附錄 氣候治理與策略 目錄 導言 氣候相關風險與機會 實踐低碳金融 情境分析與財務衝擊 結語
05氣候治理與策略02
2-1氣候治理架構 
新光金控建構完整的氣候治理架構，董事會為集團氣候風險治理最高決策單位，
轄下設有董事會層級之功能性委員會－企業永續經營委員會負責監督集團氣候相關策略推動及風險機會，其中企業永續經營委員會均為董事組成。
為落實執行氣候風險治理業務，新光金控企業永續經營委員會下設有企業永續經"
G-1-1_1,Q1,0.8565127190451775,"
核心單位，檢視氣候風險評估分析專案執行結果，呈報審計委員會與董事會，並形成金控集團整體氣候風險控管措施每季 金控總經理 風險管理委員會推動及落實執行企業永續經營策略之核心單位，呈報永續經營委員會與董事會至少每年一次，現行每年兩次金控總經理 企業永續經營管理委員會隸屬董事會，監督集團整體風險控管的有效性每季 董事長提名後經董事會決議之董事或獨立董事審計委員會隸屬董事會，為制定集團永續推動及氣候風險策略核心，督導集團氣候變遷減緩與調適，以及氣候相關目標執行情形至少每年一次，現行每年兩次董事長提名後經董事會決議之董事或獨立董事企業永續經營委員會氣候風險治理最高決策單位，負氣候風險治理之最終責任至少每年一次，現行每年兩次董事長 董事會"
G-1-1_1,Q1,0.8489371496634202,"附錄 氣候治理與策略 目錄 導言 氣候相關風險與機會 實踐低碳金融 情境分析與財務衝擊 結語
093-2辨識集團氣候相關風險與機會來源
為擬定集團氣候策略，新光金控已與子公司達成短、中、長期影響
時序之充分共識，並蒐研國內外氣候相關文獻與報告，建立氣候風險議題庫，依照新光金控集團業務型態製作氣候風險與機會問卷，透過內部專家法調查新光金控與永續發展、風險管理、能資源管   理、投資、客戶關係相關部門之意見。氣候風險矩陣"
G-1-1_1,Q1,0.8434030893298337,"附錄 氣候治理與策略 目錄 導言 氣候相關風險與機會 實踐低碳金融 情境分析與財務衝擊 結語
062-2相關辦法運作情形
新光金控已將氣候風險管理與執行方針納入「永續金融政策」及「風險管理政策」，持續精進金融業各項風險管理面向與氣候變遷風險相互之影響，更新修訂集
團永續金融政策及各項風險管理辦法，並訂定權責單位、風險辨識、風險衡量及監督控管機制，以強化氣候相關風險管理。
對於高碳排之產業，如煤炭及非典型石油與天然氣等，應審慎檢視交易對手因氣候變遷所產生負
面影響，針對上述產業經檢視凡列入排除名單者，於未進行任何改善前，皆不得再新增交易往來，並確立2045年零煤投融資目標。"
G-1-1_1,Q1,0.8419178976085825,"為落實執行氣候風險治理業務，新光金控企業永續經營委員會下設有企業永續經
營管理委員會，與風險管理委員會共同評估氣候相關風險與機會、研擬集團整體之氣候風險管理，並由永續發展部及風險管理部共同落實推動，透過各子公司積極參與，推動面向得涵蓋所有可能面臨氣候風險之各項業務，以期透過定期評估來控管氣候風險的潛在衝擊以維護股東價值，其架構如下：
董事會
永續發展部/風險管理部永續經營管理委員會 總經理 風險管理委員會企業永續經營委員會 審計委員會
人壽、銀行、證券、投信、創投、保代等子公司
就其產業性質及業務範圍，辨識各自之氣候風險與機會，負責第一線氣候風險控"
G-1-1_2,Q2,0.8647552833780439,"人壽、銀行、證券、投信、創投、保代等子公司
就其產業性質及業務範圍，辨識各自之氣候風險與機會，負責第一線氣候風險控
管，並將氣候議題納入相關之營運活動，定期報告氣候指標及目標達成情形以及績效提升計畫。定期檢視 督導改善組織 主席/召集人 開會頻率 氣候治理角色
推動及落實執行氣候風險管理之"
G-1-1_2,Q2,0.8558798103578015,"附錄 氣候治理與策略 目錄 導言 氣候相關風險與機會 實踐低碳金融 情境分析與財務衝擊 結語
05氣候治理與策略02
2-1氣候治理架構 
新光金控建構完整的氣候治理架構，董事會為集團氣候風險治理最高決策單位，
轄下設有董事會層級之功能性委員會－企業永續經營委員會負責監督集團氣候相關策略推動及風險機會，其中企業永續經營委員會均為董事組成。
為落實執行氣候風險治理業務，新光金控企業永續經營委員會下設有企業永續經"
G-1-1_2,Q2,0.8533721044815397,"
核心單位，檢視氣候風險評估分析專案執行結果，呈報審計委員會與董事會，並形成金控集團整體氣候風險控管措施每季 金控總經理 風險管理委員會推動及落實執行企業永續經營策略之核心單位，呈報永續經營委員會與董事會至少每年一次，現行每年兩次金控總經理 企業永續經營管理委員會隸屬董事會，監督集團整體風險控管的有效性每季 董事長提名後經董事會決議之董事或獨立董事審計委員會隸屬董事會，為制定集團永續推動及氣候風險策略核心，督導集團氣候變遷減緩與調適，以及氣候相關目標執行情形至少每年一次，現行每年兩次董事長提名後經董事會決議之董事或獨立董事企業永續經營委員會氣候風險治理最高決策單位，負氣候風險治理之最終責任至少每年一次，現行每年兩次董事長 董事會"
G-1-1_2,Q2,0.8498448136562387,"附錄 氣候治理與策略 目錄 導言 氣候相關風險與機會 實踐低碳金融 情境分析與財務衝擊 結語
093-2辨識集團氣候相關風險與機會來源
為擬定集團氣候策略，新光金控已與子公司達成短、中、長期影響
時序之充分共識，並蒐研國內外氣候相關文獻與報告，建立氣候風險議題庫，依照新光金控集團業務型態製作氣候風險與機會問卷，透過內部專家法調查新光金控與永續發展、風險管理、能資源管   理、投資、客戶關係相關部門之意見。氣候風險矩陣"
G-1-1_2,Q2,0.8458566259690469,"附錄 氣候治理與策略 目錄 導言 氣候相關風險與機會 實踐低碳金融 情境分析與財務衝擊 結語
062-2相關辦法運作情形
新光金控已將氣候風險管理與執行方針納入「永續金融政策」及「風險管理政策」，持續精進金融業各項風險管理面向與氣候變遷風險相互之影響，更新修訂集
團永續金融政策及各項風險管理辦法，並訂定權責單位、風險辨識、風險衡量及監督控管機制，以強化氣候相關風險管理。
對於高碳排之產業，如煤炭及非典型石油與天然氣等，應審慎檢視交易對手因氣候變遷所產生負
面影響，針對上述產業經檢視凡列入排除名單者，於未進行任何改善前，皆不得再新增交易往來，並確立2045年零煤投融資目標。"
G-1-1_2,Q2,0.8409791608516994,"為落實執行氣候風險治理業務，新光金控企業永續經營委員會下設有企業永續經
營管理委員會，與風險管理委員會共同評估氣候相關風險與機會、研擬集團整體之氣候風險管理，並由永續發展部及風險管理部共同落實推動，透過各子公司積極參與，推動面向得涵蓋所有可能面臨氣候風險之各項業務，以期透過定期評估來控管氣候風險的潛在衝擊以維護股東價值，其架構如下：
董事會
永續發展部/風險管理部永續經營管理委員會 總經理 風險管理委員會企業永續經營委員會 審計委員會
人壽、銀行、證券、投信、創投、保代等子公司
就其產業性質及業務範圍，辨識各自之氣候風險與機會，負責第一線氣候風險控"
G-1-1_2,Q2,0.8406877153942466,"附錄 氣候治理與策略 目錄 導言 氣候相關風險與機會 實踐低碳金融 情境分析與財務衝擊 結語
10氣候相關風險說明
實體風險
發生時間 / 風險事件描述 財務衝擊 / 因應策略
短期
立即性風險：
因氣候變遷導致極端氣候事件遽增，恐對上游供應商、公司營運據點以及投融資標的據
點帶來災害衝擊，造成房舍、設備、營運資產及擔保品損害，甚至導致營運中斷。營收獲利減少 / 營運成本增加 / 資產價值降低
針對極端氣候事件導致設備受損，部份設備改轉租賃模式以轉嫁財損風險。"
G-1-2_3,Q3,0.8777916513339636,"人壽、銀行、證券、投信、創投、保代等子公司
就其產業性質及業務範圍，辨識各自之氣候風險與機會，負責第一線氣候風險控
管，並將氣候議題納入相關之營運活動，定期報告氣候指標及目標達成情形以及績效提升計畫。定期檢視 督導改善組織 主席/召集人 開會頻率 氣候治理角色
推動及落實執行氣候風險管理之"
G-1-2_3,Q3,0.872642686755221,"附錄 氣候治理與策略 目錄 導言 氣候相關風險與機會 實踐低碳金融 情境分析與財務衝擊 結語
05氣候治理與策略02
2-1氣候治理架構 
新光金控建構完整的氣候治理架構，董事會為集團氣候風險治理最高決策單位，
轄下設有董事會層級之功能性委員會－企業永續經營委員會負責監督集團氣候相關策略推動及風險機會，其中企業永續經營委員會均為董事組成。
為落實執行氣候風險治理業務，新光金控企業永續經營委員會下設有企業永續經"
G-1-2_3,Q3,0.8627661312524358,"
核心單位，檢視氣候風險評估分析專案執行結果，呈報審計委員會與董事會，並形成金控集團整體氣候風險控管措施每季 金控總經理 風險管理委員會推動及落實執行企業永續經營策略之核心單位，呈報永續經營委員會與董事會至少每年一次，現行每年兩次金控總經理 企業永續經營管理委員會隸屬董事會，監督集團整體風險控管的有效性每季 董事長提名後經董事會決議之董事或獨立董事審計委員會隸屬董事會，為制定集團永續推動及氣候風險策略核心，督導集團氣候變遷減緩與調適，以及氣候相關目標執行情形至少每年一次，現行每年兩次董事長提名後經董事會決議之董事或獨立董事企業永續經營委員會氣候風險治理最高決策單位，負氣候風險治理之最終責任至少每年一次，現行每年兩次董事長 董事會"
G-1-2_3,Q3,0.8623547990843937,"附錄 氣候治理與策略 目錄 導言 氣候相關風險與機會 實踐低碳金融 情境分析與財務衝擊 結語
093-2辨識集團氣候相關風險與機會來源
為擬定集團氣候策略，新光金控已與子公司達成短、中、長期影響
時序之充分共識，並蒐研國內外氣候相關文獻與報告，建立氣候風險議題庫，依照新光金控集團業務型態製作氣候風險與機會問卷，透過內部專家法調查新光金控與永續發展、風險管理、能資源管   理、投資、客戶關係相關部門之意見。氣候風險矩陣"
G-1-2_3,Q3,0.8578788459193853,"附錄 氣候治理與策略 目錄 導言 氣候相關風險與機會 實踐低碳金融 情境分析與財務衝擊 結語
062-2相關辦法運作情形
新光金控已將氣候風險管理與執行方針納入「永續金融政策」及「風險管理政策」，持續精進金融業各項風險管理面向與氣候變遷風險相互之影響，更新修訂集
團永續金融政策及各項風險管理辦法，並訂定權責單位、風險辨識、風險衡量及監督控管機制，以強化氣候相關風險管理。
對於高碳排之產業，如煤炭及非典型石油與天然氣等，應審慎檢視交易對手因氣候變遷所產生負
面影響，針對上述產業經檢視凡列入排除名單者，於未進行任何改善前，皆不得再新增交易往來，並確立2045年零煤投融資目標。"
G-1-2_3,Q3,0.8531771253970359,"附錄 氣候治理與策略 目錄 導言 氣候相關風險與機會 實踐低碳金融 情境分析與財務衝擊 結語
30為降低氣候因子對元富投資收益之衝擊，定
期藉由使用氣候相關情境來評估轉型風險，以反應未來氣候變遷對被投資公司營運曝險情況，並進行潛在損失分析，進而可展開相關氣候風險管理作為或因應措施。本公司轉型風險情境分析流程如下：元富證券-轉型風險情境分析"
G-1-2_3,Q3,0.8525778155112155,"為落實執行氣候風險治理業務，新光金控企業永續經營委員會下設有企業永續經
營管理委員會，與風險管理委員會共同評估氣候相關風險與機會、研擬集團整體之氣候風險管理，並由永續發展部及風險管理部共同落實推動，透過各子公司積極參與，推動面向得涵蓋所有可能面臨氣候風險之各項業務，以期透過定期評估來控管氣候風險的潛在衝擊以維護股東價值，其架構如下：
董事會
永續發展部/風險管理部永續經營管理委員會 總經理 風險管理委員會企業永續經營委員會 審計委員會
人壽、銀行、證券、投信、創投、保代等子公司
就其產業性質及業務範圍，辨識各自之氣候風險與機會，負責第一線氣候風險控"
G-1-2_3,Q3,0.8506979817739326,"附錄 氣候治理與策略 目錄 導言 氣候相關風險與機會 實踐低碳金融 情境分析與財務衝擊 結語
08氣候相關風險與機會03
國際清算銀行（Bank for International Settlements, 
BIS）的《綠天鵝報告》（The Green Swan）指出，氣候衝擊將造成下一個系統性金融風險。國際貨幣基金組織（International Monetary Fund, IMF）甚至表示，氣候變遷對金融體系的穩定性構成嚴重風險，氣候危機絕對會引發金融危機。因此，預測氣候變遷對金融業整體的衝擊與風險，並有效洞察可能的各項金融風險，對於金控集團調整風險控管與營運的策略相當重要。"
G-1-2_3,Q3,0.8499421939497231,"附錄 氣候治理與策略 目錄 導言 氣候相關風險與機會 實踐低碳金融 情境分析與財務衝擊 結語
10氣候相關風險說明
實體風險
發生時間 / 風險事件描述 財務衝擊 / 因應策略
短期
立即性風險：
因氣候變遷導致極端氣候事件遽增，恐對上游供應商、公司營運據點以及投融資標的據
點帶來災害衝擊，造成房舍、設備、營運資產及擔保品損害，甚至導致營運中斷。營收獲利減少 / 營運成本增加 / 資產價值降低
針對極端氣候事件導致設備受損，部份設備改轉租賃模式以轉嫁財損風險。"
G-1-2_3,Q3,0.845711609200033,"附錄 氣候治理與策略 目錄 導言 氣候相關風險與機會 實踐低碳金融 情境分析與財務衝擊 結語
12氣候相關機會說明
資源效率
財務效益 / 因應策略
營運成本減少 / 營收增加
盤點內部作業流程節點以進
行無紙優化，自有營運據點設備更新，使營運活動能資源使用效率提升。
未來新建案皆取得銀級以上
綠建築證書為目標，提升建築物環境永續效能。持續活化舊建築物與設備，導入各項節能措施，改善既有建築物能源效率。發生時間 / 機會描述
短期
成本優化機會：
提高產品服務數位化
比重、推行內部文書流程無紙化，盤點內部營運據點設備，提高節能設備使用可望帶來營運成本減少效益。
打造永續綠建築以達成"
G-1-2_3,Q3,0.8449317976721723,"附錄 氣候治理與策略 目錄 導言 氣候相關風險與機會 實踐低碳金融 情境分析與財務衝擊 結語
02導言01
1-1新光金控的氣候理念  
根據世界經濟論壇（World Economic Forum, WEF）於2023年1月發
表之《2023年全球風險報告》（Global Risk Report 2023, GRR 2023）顯示，未來十年全球10大風險前三名為「氣候變遷減緩失敗」、「氣候變遷調適失敗」及「自然災害及極端天氣事件」，顯見氣候變遷對於地球的影響已成為全球共同的風險，並與資本市場的資金流向產生鍵結。
國家發展委員會於2022年公布「2050淨零碳排路徑」，以「能源"
G-1-2_3,Q3,0.8422531125682139,"附錄 氣候治理與策略 目錄 導言 氣候相關風險與機會 實踐低碳金融 情境分析與財務衝擊 結語
03
1-2氣候指標與目標
隨著全球淨零排放趨勢，我國國家發展委員
會已於2022年3月公布「臺灣2050年淨零排放路徑」，推動四大轉型策略、建構兩大基礎環境，期許逐步實現2050年淨零排放之永續社會。
為呼應國家淨零政策，新光除了督促自身營
運減碳，更發揮核心職能訂定投融資面之氣候變遷減緩、調適指標及目標來定期追蹤、落實減碳作為，以期有效管理氣候風險與機會，響應國家永續轉型。                               
新光金控落實永續金融精神，依循國家政策"
G-1-2_3,Q3,0.8406212287407206,"經問卷調查結果分析得出集團十二項氣候風險議題（四項實體風險與八項轉型風險)及四項氣候機會議題，並根據風險議題依序進行商業活動連結，依「發生可能性」與「影響程度」進行量化並排序，針對重大項目分析各氣候風險因子對集團各類業務之影響層面與衝擊程度，相關質量化說明如下：短期
2023-2025中期
2025-2028長期
2028-2031
 低 高高
影響程度發
生可能性21
3
64
57
98
10
11
12
1全球暖化影響，使我國用電需求迅速增
加，造成無預警斷電
2若未採取積極永續作為，恐使新光集團
喪失投資人青睞
3因應政策加嚴或全球零碳排趨勢，高碳
排放產業投資效益受影響"
G-1-2_3,Q3,0.8405117628384257,"附錄 氣候治理與策略 目錄 導言 氣候相關風險與機會 實踐低碳金融 情境分析與財務衝擊 結語
185-1情境分析設定說明
新光金控依循各國監理機關所公佈之氣候變遷壓力測試架構與國際永續倡議組織之方法    
論，並參考IPCC第五次評估報告書、第六次評估報告書及NGFS等氣候變遷情境種類，透過系統化的評估流程進行集團整體年度氣候實體風險及轉型風險情境分析，以強化公司之策略規劃與因應作為。
根據近期國際間氣候政策趨勢與本國低碳轉型目標，針對實體風險情境分析，新光金控擇"
G-1-2_3,Q3,0.8402401158630608,"根據國際金融穩定委員會(Financial Stability Board, 
FSB)定義，將氣候相關風險區分為氣候變遷影響之「實體風險」與低碳經濟影響之「轉型風險」，並列出為減緩與適應氣候變遷可能帶來的氣候相關「機會」。3-1氣候相關風險傳導路徑
新光金控定期考量氣候相關風險因子，包括立即性極端天氣事件或長期性氣候模式變化、政策和法規變動、技術創新、市場結構改變、名譽傷害等建立集團氣候風險及機會議題庫，並採用內部專家法，依集團「發生可能性」和「影響程度」進行重大性排序，並製作氣候風險矩陣圖進行公司各項業務之財務影響評估，以擬定氣候因應管理對策。
實體風險"
G-1-2_4,Q4,0.867671202555558,"人壽、銀行、證券、投信、創投、保代等子公司
就其產業性質及業務範圍，辨識各自之氣候風險與機會，負責第一線氣候風險控
管，並將氣候議題納入相關之營運活動，定期報告氣候指標及目標達成情形以及績效提升計畫。定期檢視 督導改善組織 主席/召集人 開會頻率 氣候治理角色
推動及落實執行氣候風險管理之"
G-1-2_4,Q4,0.8603504319464733,"附錄 氣候治理與策略 目錄 導言 氣候相關風險與機會 實踐低碳金融 情境分析與財務衝擊 結語
05氣候治理與策略02
2-1氣候治理架構 
新光金控建構完整的氣候治理架構，董事會為集團氣候風險治理最高決策單位，
轄下設有董事會層級之功能性委員會－企業永續經營委員會負責監督集團氣候相關策略推動及風險機會，其中企業永續經營委員會均為董事組成。
為落實執行氣候風險治理業務，新光金控企業永續經營委員會下設有企業永續經"
G-1-2_4,Q4,0.8512598519481435,"
核心單位，檢視氣候風險評估分析專案執行結果，呈報審計委員會與董事會，並形成金控集團整體氣候風險控管措施每季 金控總經理 風險管理委員會推動及落實執行企業永續經營策略之核心單位，呈報永續經營委員會與董事會至少每年一次，現行每年兩次金控總經理 企業永續經營管理委員會隸屬董事會，監督集團整體風險控管的有效性每季 董事長提名後經董事會決議之董事或獨立董事審計委員會隸屬董事會，為制定集團永續推動及氣候風險策略核心，督導集團氣候變遷減緩與調適，以及氣候相關目標執行情形至少每年一次，現行每年兩次董事長提名後經董事會決議之董事或獨立董事企業永續經營委員會氣候風險治理最高決策單位，負氣候風險治理之最終責任至少每年一次，現行每年兩次董事長 董事會"
G-1-2_4,Q4,0.8502093417490094,"附錄 氣候治理與策略 目錄 導言 氣候相關風險與機會 實踐低碳金融 情境分析與財務衝擊 結語
093-2辨識集團氣候相關風險與機會來源
為擬定集團氣候策略，新光金控已與子公司達成短、中、長期影響
時序之充分共識，並蒐研國內外氣候相關文獻與報告，建立氣候風險議題庫，依照新光金控集團業務型態製作氣候風險與機會問卷，透過內部專家法調查新光金控與永續發展、風險管理、能資源管   理、投資、客戶關係相關部門之意見。氣候風險矩陣"
G-1-2_4,Q4,0.8489772945366268,"附錄 氣候治理與策略 目錄 導言 氣候相關風險與機會 實踐低碳金融 情境分析與財務衝擊 結語
062-2相關辦法運作情形
新光金控已將氣候風險管理與執行方針納入「永續金融政策」及「風險管理政策」，持續精進金融業各項風險管理面向與氣候變遷風險相互之影響，更新修訂集
團永續金融政策及各項風險管理辦法，並訂定權責單位、風險辨識、風險衡量及監督控管機制，以強化氣候相關風險管理。
對於高碳排之產業，如煤炭及非典型石油與天然氣等，應審慎檢視交易對手因氣候變遷所產生負
面影響，針對上述產業經檢視凡列入排除名單者，於未進行任何改善前，皆不得再新增交易往來，並確立2045年零煤投融資目標。"
G-1-2_4,Q4,0.8454582618573827,"附錄 氣候治理與策略 目錄 導言 氣候相關風險與機會 實踐低碳金融 情境分析與財務衝擊 結語
30為降低氣候因子對元富投資收益之衝擊，定
期藉由使用氣候相關情境來評估轉型風險，以反應未來氣候變遷對被投資公司營運曝險情況，並進行潛在損失分析，進而可展開相關氣候風險管理作為或因應措施。本公司轉型風險情境分析流程如下：元富證券-轉型風險情境分析"
G-1-2_4,Q4,0.844580746034213,"為落實執行氣候風險治理業務，新光金控企業永續經營委員會下設有企業永續經
營管理委員會，與風險管理委員會共同評估氣候相關風險與機會、研擬集團整體之氣候風險管理，並由永續發展部及風險管理部共同落實推動，透過各子公司積極參與，推動面向得涵蓋所有可能面臨氣候風險之各項業務，以期透過定期評估來控管氣候風險的潛在衝擊以維護股東價值，其架構如下：
董事會
永續發展部/風險管理部永續經營管理委員會 總經理 風險管理委員會企業永續經營委員會 審計委員會
人壽、銀行、證券、投信、創投、保代等子公司
就其產業性質及業務範圍，辨識各自之氣候風險與機會，負責第一線氣候風險控"
G-1-2_4,Q4,0.8409384891428864,"附錄 氣候治理與策略 目錄 導言 氣候相關風險與機會 實踐低碳金融 情境分析與財務衝擊 結語
08氣候相關風險與機會03
國際清算銀行（Bank for International Settlements, 
BIS）的《綠天鵝報告》（The Green Swan）指出，氣候衝擊將造成下一個系統性金融風險。國際貨幣基金組織（International Monetary Fund, IMF）甚至表示，氣候變遷對金融體系的穩定性構成嚴重風險，氣候危機絕對會引發金融危機。因此，預測氣候變遷對金融業整體的衝擊與風險，並有效洞察可能的各項金融風險，對於金控集團調整風險控管與營運的策略相當重要。"
G-1-3_5,Q5,0.8696462776337633,"人壽、銀行、證券、投信、創投、保代等子公司
就其產業性質及業務範圍，辨識各自之氣候風險與機會，負責第一線氣候風險控
管，並將氣候議題納入相關之營運活動，定期報告氣候指標及目標達成情形以及績效提升計畫。定期檢視 督導改善組織 主席/召集人 開會頻率 氣候治理角色
推動及落實執行氣候風險管理之"
G-1-3_5,Q5,0.8574289915318043,"附錄 氣候治理與策略 目錄 導言 氣候相關風險與機會 實踐低碳金融 情境分析與財務衝擊 結語
05氣候治理與策略02
2-1氣候治理架構 
新光金控建構完整的氣候治理架構，董事會為集團氣候風險治理最高決策單位，
轄下設有董事會層級之功能性委員會－企業永續經營委員會負責監督集團氣候相關策略推動及風險機會，其中企業永續經營委員會均為董事組成。
為落實執行氣候風險治理業務，新光金控企業永續經營委員會下設有企業永續經"
G-1-3_5,Q5,0.855706365539467,"
核心單位，檢視氣候風險評估分析專案執行結果，呈報審計委員會與董事會，並形成金控集團整體氣候風險控管措施每季 金控總經理 風險管理委員會推動及落實執行企業永續經營策略之核心單位，呈報永續經營委員會與董事會至少每年一次，現行每年兩次金控總經理 企業永續經營管理委員會隸屬董事會，監督集團整體風險控管的有效性每季 董事長提名後經董事會決議之董事或獨立董事審計委員會隸屬董事會，為制定集團永續推動及氣候風險策略核心，督導集團氣候變遷減緩與調適，以及氣候相關目標執行情形至少每年一次，現行每年兩次董事長提名後經董事會決議之董事或獨立董事企業永續經營委員會氣候風險治理最高決策單位，負氣候風險治理之最終責任至少每年一次，現行每年兩次董事長 董事會"
G-1-3_5,Q5,0.8478313638724642,"附錄 氣候治理與策略 目錄 導言 氣候相關風險與機會 實踐低碳金融 情境分析與財務衝擊 結語
093-2辨識集團氣候相關風險與機會來源
為擬定集團氣候策略，新光金控已與子公司達成短、中、長期影響
時序之充分共識，並蒐研國內外氣候相關文獻與報告，建立氣候風險議題庫，依照新光金控集團業務型態製作氣候風險與機會問卷，透過內部專家法調查新光金控與永續發展、風險管理、能資源管   理、投資、客戶關係相關部門之意見。氣候風險矩陣"
G-1-3_5,Q5,0.8456937705464007,"為落實執行氣候風險治理業務，新光金控企業永續經營委員會下設有企業永續經
營管理委員會，與風險管理委員會共同評估氣候相關風險與機會、研擬集團整體之氣候風險管理，並由永續發展部及風險管理部共同落實推動，透過各子公司積極參與，推動面向得涵蓋所有可能面臨氣候風險之各項業務，以期透過定期評估來控管氣候風險的潛在衝擊以維護股東價值，其架構如下：
董事會
永續發展部/風險管理部永續經營管理委員會 總經理 風險管理委員會企業永續經營委員會 審計委員會
人壽、銀行、證券、投信、創投、保代等子公司
就其產業性質及業務範圍，辨識各自之氣候風險與機會，負責第一線氣候風險控"
G-1-3_5,Q5,0.8410949803914073,"附錄 氣候治理與策略 目錄 導言 氣候相關風險與機會 實踐低碳金融 情境分析與財務衝擊 結語
062-2相關辦法運作情形
新光金控已將氣候風險管理與執行方針納入「永續金融政策」及「風險管理政策」，持續精進金融業各項風險管理面向與氣候變遷風險相互之影響，更新修訂集
團永續金融政策及各項風險管理辦法，並訂定權責單位、風險辨識、風險衡量及監督控管機制，以強化氣候相關風險管理。
對於高碳排之產業，如煤炭及非典型石油與天然氣等，應審慎檢視交易對手因氣候變遷所產生負
面影響，針對上述產業經檢視凡列入排除名單者，於未進行任何改善前，皆不得再新增交易往來，並確立2045年零煤投融資目標。"
G-2-1_6,Q6,0.8426718941917303,"人壽、銀行、證券、投信、創投、保代等子公司
就其產業性質及業務範圍，辨識各自之氣候風險與機會，負責第一線氣候風險控
管，並將氣候議題納入相關之營運活動，定期報告氣候指標及目標達成情形以及績效提升計畫。定期檢視 督導改善組織 主席/召集人 開會頻率 氣候治理角色
推動及落實執行氣候風險管理之"
G-2-1_7,Q7,0.8416765015337364,"人壽、銀行、證券、投信、創投、保代等子公司
就其產業性質及業務範圍，辨識各自之氣候風險與機會，負責第一線氣候風險控
管，並將氣候議題納入相關之營運活動，定期報告氣候指標及目標達成情形以及績效提升計畫。定期檢視 督導改善組織 主席/召集人 開會頻率 氣候治理角色
推動及落實執行氣候風險管理之"
G-2-1_7,Q7,0.8400560289654774,"附錄 氣候治理與策略 目錄 導言 氣候相關風險與機會 實踐低碳金融 情境分析與財務衝擊 結語
05氣候治理與策略02
2-1氣候治理架構 
新光金控建構完整的氣候治理架構，董事會為集團氣候風險治理最高決策單位，
轄下設有董事會層級之功能性委員會－企業永續經營委員會負責監督集團氣候相關策略推動及風險機會，其中企業永續經營委員會均為董事組成。
為落實執行氣候風險治理業務，新光金控企業永續經營委員會下設有企業永續經"
G-2-2_9,Q9,0.8424249663430171,"附錄 氣候治理與策略 目錄 導言 氣候相關風險與機會 實踐低碳金融 情境分析與財務衝擊 結語
05氣候治理與策略02
2-1氣候治理架構 
新光金控建構完整的氣候治理架構，董事會為集團氣候風險治理最高決策單位，
轄下設有董事會層級之功能性委員會－企業永續經營委員會負責監督集團氣候相關策略推動及風險機會，其中企業永續經營委員會均為董事組成。
為落實執行氣候風險治理業務，新光金控企業永續經營委員會下設有企業永續經"
G-2-2_10,Q10,0.8441607316153776,"人壽、銀行、證券、投信、創投、保代等子公司
就其產業性質及業務範圍，辨識各自之氣候風險與機會，負責第一線氣候風險控
管，並將氣候議題納入相關之營運活動，定期報告氣候指標及目標達成情形以及績效提升計畫。定期檢視 督導改善組織 主席/召集人 開會頻率 氣候治理角色
推動及落實執行氣候風險管理之"
G-2-2_10,Q10,0.8434781739404558,"附錄 氣候治理與策略 目錄 導言 氣候相關風險與機會 實踐低碳金融 情境分析與財務衝擊 結語
093-2辨識集團氣候相關風險與機會來源
為擬定集團氣候策略，新光金控已與子公司達成短、中、長期影響
時序之充分共識，並蒐研國內外氣候相關文獻與報告，建立氣候風險議題庫，依照新光金控集團業務型態製作氣候風險與機會問卷，透過內部專家法調查新光金控與永續發展、風險管理、能資源管   理、投資、客戶關係相關部門之意見。氣候風險矩陣"
G-2-3_11,Q11,0.842539131618921,"附錄 氣候治理與策略 目錄 導言 氣候相關風險與機會 實踐低碳金融 情境分析與財務衝擊 結語
05氣候治理與策略02
2-1氣候治理架構 
新光金控建構完整的氣候治理架構，董事會為集團氣候風險治理最高決策單位，
轄下設有董事會層級之功能性委員會－企業永續經營委員會負責監督集團氣候相關策略推動及風險機會，其中企業永續經營委員會均為董事組成。
為落實執行氣候風險治理業務，新光金控企業永續經營委員會下設有企業永續經"
G-2-3_11,Q11,0.8425144862492542,"附錄 氣候治理與策略 目錄 導言 氣候相關風險與機會 實踐低碳金融 情境分析與財務衝擊 結語
093-2辨識集團氣候相關風險與機會來源
為擬定集團氣候策略，新光金控已與子公司達成短、中、長期影響
時序之充分共識，並蒐研國內外氣候相關文獻與報告，建立氣候風險議題庫，依照新光金控集團業務型態製作氣候風險與機會問卷，透過內部專家法調查新光金控與永續發展、風險管理、能資源管   理、投資、客戶關係相關部門之意見。氣候風險矩陣"
G-2-3_11,Q11,0.8411875592757418,"附錄 氣候治理與策略 目錄 導言 氣候相關風險與機會 實踐低碳金融 情境分析與財務衝擊 結語
30為降低氣候因子對元富投資收益之衝擊，定
期藉由使用氣候相關情境來評估轉型風險，以反應未來氣候變遷對被投資公司營運曝險情況，並進行潛在損失分析，進而可展開相關氣候風險管理作為或因應措施。本公司轉型風險情境分析流程如下：元富證券-轉型風險情境分析"
G-2-4_13,Q13,0.8452555592257208,"附錄 氣候治理與策略 目錄 導言 氣候相關風險與機會 實踐低碳金融 情境分析與財務衝擊 結語
05氣候治理與策略02
2-1氣候治理架構 
新光金控建構完整的氣候治理架構，董事會為集團氣候風險治理最高決策單位，
轄下設有董事會層級之功能性委員會－企業永續經營委員會負責監督集團氣候相關策略推動及風險機會，其中企業永續經營委員會均為董事組成。
為落實執行氣候風險治理業務，新光金控企業永續經營委員會下設有企業永續經"
G-2-4_13,Q13,0.8401850720789056,"附錄 氣候治理與策略 目錄 導言 氣候相關風險與機會 實踐低碳金融 情境分析與財務衝擊 結語
093-2辨識集團氣候相關風險與機會來源
為擬定集團氣候策略，新光金控已與子公司達成短、中、長期影響
時序之充分共識，並蒐研國內外氣候相關文獻與報告，建立氣候風險議題庫，依照新光金控集團業務型態製作氣候風險與機會問卷，透過內部專家法調查新光金控與永續發展、風險管理、能資源管   理、投資、客戶關係相關部門之意見。氣候風險矩陣"
S-1-1_14,Q14,0.851253045232109,"附錄 氣候治理與策略 目錄 導言 氣候相關風險與機會 實踐低碳金融 情境分析與財務衝擊 結語
10氣候相關風險說明
實體風險
發生時間 / 風險事件描述 財務衝擊 / 因應策略
短期
立即性風險：
因氣候變遷導致極端氣候事件遽增，恐對上游供應商、公司營運據點以及投融資標的據
點帶來災害衝擊，造成房舍、設備、營運資產及擔保品損害，甚至導致營運中斷。營收獲利減少 / 營運成本增加 / 資產價值降低
針對極端氣候事件導致設備受損，部份設備改轉租賃模式以轉嫁財損風險。"
S-1-1_14,Q14,0.8479234336630361,"經問卷調查結果分析得出集團十二項氣候風險議題（四項實體風險與八項轉型風險)及四項氣候機會議題，並根據風險議題依序進行商業活動連結，依「發生可能性」與「影響程度」進行量化並排序，針對重大項目分析各氣候風險因子對集團各類業務之影響層面與衝擊程度，相關質量化說明如下：短期
2023-2025中期
2025-2028長期
2028-2031
 低 高高
影響程度發
生可能性21
3
64
57
98
10
11
12
1全球暖化影響，使我國用電需求迅速增
加，造成無預警斷電
2若未採取積極永續作為，恐使新光集團
喪失投資人青睞
3因應政策加嚴或全球零碳排趨勢，高碳
排放產業投資效益受影響"
S-1-1_14,Q14,0.842670872130654,"附錄 氣候治理與策略 目錄 導言 氣候相關風險與機會 實踐低碳金融 情境分析與財務衝擊 結語
11轉型風險 中長期
發生時間 / 風險事件描述 財務衝擊 / 因應策略
中期
名譽風險：
全球積極朝向永續發展為目
標，若公司未採取積極永續作為，恐影響公司商譽，使新光集團喪失投資人、客戶及消費者等利害關係人青睞。營收獲利減少 / 投資人資金挹注減少
公司依循全球永續趨勢積極投入永續行動，於既有風險政策中納入氣候風險管理，透過修正投資、融資及不動產等相關規範，積極響應永續金融。
積極參與國際永續相關倡議及聯盟及國際/
國內永續評比，藉以提升利害關係人對公司信任，並掌握國內外永續及氣候變遷資訊。
長期"
S-1-1_14,Q14,0.8421274095925302,"短期
成本優化機會：
提高產品服務數位化
比重、推行內部文書流程無紙化，盤點內部營運據點設備，提高節能設備使用可望帶來營運成本減少效益。
打造永續綠建築以達成
環境友善及資源有效運用，進而吸引或消費者信賴增加營收。產品和服務
發生時間 / 機會描述 財務效益 / 因應策略
短期
市場機會：
因應溫度上升造成二次空氣污染物
的生成，並使呼吸道及心臟血管疾病率增加，開發相關保險產品可望帶來正面效益。營收增加
子公司新光人壽針對呼吸及循環系統疾病推出「空汙保單」，將持續開發相關商品，掌握市場利基。
短期
市場機會：
透過編製企業永續報告書、揭露碳"
S-1-1_15,Q15,0.8549661509757823,"經問卷調查結果分析得出集團十二項氣候風險議題（四項實體風險與八項轉型風險)及四項氣候機會議題，並根據風險議題依序進行商業活動連結，依「發生可能性」與「影響程度」進行量化並排序，針對重大項目分析各氣候風險因子對集團各類業務之影響層面與衝擊程度，相關質量化說明如下：短期
2023-2025中期
2025-2028長期
2028-2031
 低 高高
影響程度發
生可能性21
3
64
57
98
10
11
12
1全球暖化影響，使我國用電需求迅速增
加，造成無預警斷電
2若未採取積極永續作為，恐使新光集團
喪失投資人青睞
3因應政策加嚴或全球零碳排趨勢，高碳
排放產業投資效益受影響"
S-1-1_15,Q15,0.8522014546907253,"附錄 氣候治理與策略 目錄 導言 氣候相關風險與機會 實踐低碳金融 情境分析與財務衝擊 結語
11轉型風險 中長期
發生時間 / 風險事件描述 財務衝擊 / 因應策略
中期
名譽風險：
全球積極朝向永續發展為目
標，若公司未採取積極永續作為，恐影響公司商譽，使新光集團喪失投資人、客戶及消費者等利害關係人青睞。營收獲利減少 / 投資人資金挹注減少
公司依循全球永續趨勢積極投入永續行動，於既有風險政策中納入氣候風險管理，透過修正投資、融資及不動產等相關規範，積極響應永續金融。
積極參與國際永續相關倡議及聯盟及國際/
國內永續評比，藉以提升利害關係人對公司信任，並掌握國內外永續及氣候變遷資訊。
長期"
S-1-1_15,Q15,0.8510762286658936,"附錄 氣候治理與策略 目錄 導言 氣候相關風險與機會 實踐低碳金融 情境分析與財務衝擊 結語
10氣候相關風險說明
實體風險
發生時間 / 風險事件描述 財務衝擊 / 因應策略
短期
立即性風險：
因氣候變遷導致極端氣候事件遽增，恐對上游供應商、公司營運據點以及投融資標的據
點帶來災害衝擊，造成房舍、設備、營運資產及擔保品損害，甚至導致營運中斷。營收獲利減少 / 營運成本增加 / 資產價值降低
針對極端氣候事件導致設備受損，部份設備改轉租賃模式以轉嫁財損風險。"
S-1-1_15,Q15,0.8462190408150616,"附錄 氣候治理與策略 目錄 導言 氣候相關風險與機會 實踐低碳金融 情境分析與財務衝擊 結語
30為降低氣候因子對元富投資收益之衝擊，定
期藉由使用氣候相關情境來評估轉型風險，以反應未來氣候變遷對被投資公司營運曝險情況，並進行潛在損失分析，進而可展開相關氣候風險管理作為或因應措施。本公司轉型風險情境分析流程如下：元富證券-轉型風險情境分析"
S-1-1_15,Q15,0.8419657553550667,"附錄 氣候治理與策略 目錄 導言 氣候相關風險與機會 實踐低碳金融 情境分析與財務衝擊 結語
12氣候相關機會說明
資源效率
財務效益 / 因應策略
營運成本減少 / 營收增加
盤點內部作業流程節點以進
行無紙優化，自有營運據點設備更新，使營運活動能資源使用效率提升。
未來新建案皆取得銀級以上
綠建築證書為目標，提升建築物環境永續效能。持續活化舊建築物與設備，導入各項節能措施，改善既有建築物能源效率。發生時間 / 機會描述
短期
成本優化機會：
提高產品服務數位化
比重、推行內部文書流程無紙化，盤點內部營運據點設備，提高節能設備使用可望帶來營運成本減少效益。
打造永續綠建築以達成"
S-1-1_16,Q16,0.8526822237916891,"附錄 氣候治理與策略 目錄 導言 氣候相關風險與機會 實踐低碳金融 情境分析與財務衝擊 結語
11轉型風險 中長期
發生時間 / 風險事件描述 財務衝擊 / 因應策略
中期
名譽風險：
全球積極朝向永續發展為目
標，若公司未採取積極永續作為，恐影響公司商譽，使新光集團喪失投資人、客戶及消費者等利害關係人青睞。營收獲利減少 / 投資人資金挹注減少
公司依循全球永續趨勢積極投入永續行動，於既有風險政策中納入氣候風險管理，透過修正投資、融資及不動產等相關規範，積極響應永續金融。
積極參與國際永續相關倡議及聯盟及國際/
國內永續評比，藉以提升利害關係人對公司信任，並掌握國內外永續及氣候變遷資訊。
長期"
S-1-1_16,Q16,0.85259304106024,"經問卷調查結果分析得出集團十二項氣候風險議題（四項實體風險與八項轉型風險)及四項氣候機會議題，並根據風險議題依序進行商業活動連結，依「發生可能性」與「影響程度」進行量化並排序，針對重大項目分析各氣候風險因子對集團各類業務之影響層面與衝擊程度，相關質量化說明如下：短期
2023-2025中期
2025-2028長期
2028-2031
 低 高高
影響程度發
生可能性21
3
64
57
98
10
11
12
1全球暖化影響，使我國用電需求迅速增
加，造成無預警斷電
2若未採取積極永續作為，恐使新光集團
喪失投資人青睞
3因應政策加嚴或全球零碳排趨勢，高碳
排放產業投資效益受影響"
S-1-1_16,Q16,0.8497458528559352,"附錄 氣候治理與策略 目錄 導言 氣候相關風險與機會 實踐低碳金融 情境分析與財務衝擊 結語
10氣候相關風險說明
實體風險
發生時間 / 風險事件描述 財務衝擊 / 因應策略
短期
立即性風險：
因氣候變遷導致極端氣候事件遽增，恐對上游供應商、公司營運據點以及投融資標的據
點帶來災害衝擊，造成房舍、設備、營運資產及擔保品損害，甚至導致營運中斷。營收獲利減少 / 營運成本增加 / 資產價值降低
針對極端氣候事件導致設備受損，部份設備改轉租賃模式以轉嫁財損風險。"
S-1-1_16,Q16,0.8427702649361547,"積極參與國際永續相關倡議及聯盟及國際/
國內永續評比，藉以提升利害關係人對公司信任，並掌握國內外永續及氣候變遷資訊。
長期
技術風險：
國內外環境相關法規政策逐
漸趨嚴、未來產業被迫轉型需增加額外營運支出，或是轉型不及時而造成營收降低，將間接影響本公司投資收益。
長期
市場風險：
市場往低碳經濟轉型，高碳
排產業將逐漸被淘汰，既有投資、授信風險評估方法將漸漸不適用於低碳經濟市場，進而帶來投融資收益損失風險。營運成本增加
定期針對進行轉型風險情境分析，評估資產組合在氣候變遷情境下可能產生之影響,並參酌執行結果調整投資決策。
依其業務/商品之市場風險及信用風險機制管
理。"
S-1-1_16,Q16,0.8420897513833857,"附錄 氣候治理與策略 目錄 導言 氣候相關風險與機會 實踐低碳金融 情境分析與財務衝擊 結語
12氣候相關機會說明
資源效率
財務效益 / 因應策略
營運成本減少 / 營收增加
盤點內部作業流程節點以進
行無紙優化，自有營運據點設備更新，使營運活動能資源使用效率提升。
未來新建案皆取得銀級以上
綠建築證書為目標，提升建築物環境永續效能。持續活化舊建築物與設備，導入各項節能措施，改善既有建築物能源效率。發生時間 / 機會描述
短期
成本優化機會：
提高產品服務數位化
比重、推行內部文書流程無紙化，盤點內部營運據點設備，提高節能設備使用可望帶來營運成本減少效益。
打造永續綠建築以達成"
S-1-1_16,Q16,0.8412213577166672,"短期
成本優化機會：
提高產品服務數位化
比重、推行內部文書流程無紙化，盤點內部營運據點設備，提高節能設備使用可望帶來營運成本減少效益。
打造永續綠建築以達成
環境友善及資源有效運用，進而吸引或消費者信賴增加營收。產品和服務
發生時間 / 機會描述 財務效益 / 因應策略
短期
市場機會：
因應溫度上升造成二次空氣污染物
的生成，並使呼吸道及心臟血管疾病率增加，開發相關保險產品可望帶來正面效益。營收增加
子公司新光人壽針對呼吸及循環系統疾病推出「空汙保單」，將持續開發相關商品，掌握市場利基。
短期
市場機會：
透過編製企業永續報告書、揭露碳"
S-1-2_17,Q17,0.8726809771670933,"附錄 氣候治理與策略 目錄 導言 氣候相關風險與機會 實踐低碳金融 情境分析與財務衝擊 結語
10氣候相關風險說明
實體風險
發生時間 / 風險事件描述 財務衝擊 / 因應策略
短期
立即性風險：
因氣候變遷導致極端氣候事件遽增，恐對上游供應商、公司營運據點以及投融資標的據
點帶來災害衝擊，造成房舍、設備、營運資產及擔保品損害，甚至導致營運中斷。營收獲利減少 / 營運成本增加 / 資產價值降低
針對極端氣候事件導致設備受損，部份設備改轉租賃模式以轉嫁財損風險。"
S-1-2_17,Q17,0.8663995689157115,"經問卷調查結果分析得出集團十二項氣候風險議題（四項實體風險與八項轉型風險)及四項氣候機會議題，並根據風險議題依序進行商業活動連結，依「發生可能性」與「影響程度」進行量化並排序，針對重大項目分析各氣候風險因子對集團各類業務之影響層面與衝擊程度，相關質量化說明如下：短期
2023-2025中期
2025-2028長期
2028-2031
 低 高高
影響程度發
生可能性21
3
64
57
98
10
11
12
1全球暖化影響，使我國用電需求迅速增
加，造成無預警斷電
2若未採取積極永續作為，恐使新光集團
喪失投資人青睞
3因應政策加嚴或全球零碳排趨勢，高碳
排放產業投資效益受影響"
S-1-2_17,Q17,0.8600675528359802,"附錄 氣候治理與策略 目錄 導言 氣候相關風險與機會 實踐低碳金融 情境分析與財務衝擊 結語
11轉型風險 中長期
發生時間 / 風險事件描述 財務衝擊 / 因應策略
中期
名譽風險：
全球積極朝向永續發展為目
標，若公司未採取積極永續作為，恐影響公司商譽，使新光集團喪失投資人、客戶及消費者等利害關係人青睞。營收獲利減少 / 投資人資金挹注減少
公司依循全球永續趨勢積極投入永續行動，於既有風險政策中納入氣候風險管理，透過修正投資、融資及不動產等相關規範，積極響應永續金融。
積極參與國際永續相關倡議及聯盟及國際/
國內永續評比，藉以提升利害關係人對公司信任，並掌握國內外永續及氣候變遷資訊。
長期"
S-1-2_17,Q17,0.8511343597067023,"附錄 氣候治理與策略 目錄 導言 氣候相關風險與機會 實踐低碳金融 情境分析與財務衝擊 結語
08氣候相關風險與機會03
國際清算銀行（Bank for International Settlements, 
BIS）的《綠天鵝報告》（The Green Swan）指出，氣候衝擊將造成下一個系統性金融風險。國際貨幣基金組織（International Monetary Fund, IMF）甚至表示，氣候變遷對金融體系的穩定性構成嚴重風險，氣候危機絕對會引發金融危機。因此，預測氣候變遷對金融業整體的衝擊與風險，並有效洞察可能的各項金融風險，對於金控集團調整風險控管與營運的策略相當重要。"
S-1-2_17,Q17,0.8507486212124185,"根據國際金融穩定委員會(Financial Stability Board, 
FSB)定義，將氣候相關風險區分為氣候變遷影響之「實體風險」與低碳經濟影響之「轉型風險」，並列出為減緩與適應氣候變遷可能帶來的氣候相關「機會」。3-1氣候相關風險傳導路徑
新光金控定期考量氣候相關風險因子，包括立即性極端天氣事件或長期性氣候模式變化、政策和法規變動、技術創新、市場結構改變、名譽傷害等建立集團氣候風險及機會議題庫，並採用內部專家法，依集團「發生可能性」和「影響程度」進行重大性排序，並製作氣候風險矩陣圖進行公司各項業務之財務影響評估，以擬定氣候因應管理對策。
實體風險"
S-1-2_17,Q17,0.8495281662947044,"附錄 氣候治理與策略 目錄 導言 氣候相關風險與機會 實踐低碳金融 情境分析與財務衝擊 結語
30為降低氣候因子對元富投資收益之衝擊，定
期藉由使用氣候相關情境來評估轉型風險，以反應未來氣候變遷對被投資公司營運曝險情況，並進行潛在損失分析，進而可展開相關氣候風險管理作為或因應措施。本公司轉型風險情境分析流程如下：元富證券-轉型風險情境分析"
S-1-2_17,Q17,0.8427901898587882,"附錄 氣候治理與策略 目錄 導言 氣候相關風險與機會 實踐低碳金融 情境分析與財務衝擊 結語
062-2相關辦法運作情形
新光金控已將氣候風險管理與執行方針納入「永續金融政策」及「風險管理政策」，持續精進金融業各項風險管理面向與氣候變遷風險相互之影響，更新修訂集
團永續金融政策及各項風險管理辦法，並訂定權責單位、風險辨識、風險衡量及監督控管機制，以強化氣候相關風險管理。
對於高碳排之產業，如煤炭及非典型石油與天然氣等，應審慎檢視交易對手因氣候變遷所產生負
面影響，針對上述產業經檢視凡列入排除名單者，於未進行任何改善前，皆不得再新增交易往來，並確立2045年零煤投融資目標。"
S-1-2_18,Q18,0.8675008028470284,"經問卷調查結果分析得出集團十二項氣候風險議題（四項實體風險與八項轉型風險)及四項氣候機會議題，並根據風險議題依序進行商業活動連結，依「發生可能性」與「影響程度」進行量化並排序，針對重大項目分析各氣候風險因子對集團各類業務之影響層面與衝擊程度，相關質量化說明如下：短期
2023-2025中期
2025-2028長期
2028-2031
 低 高高
影響程度發
生可能性21
3
64
57
98
10
11
12
1全球暖化影響，使我國用電需求迅速增
加，造成無預警斷電
2若未採取積極永續作為，恐使新光集團
喪失投資人青睞
3因應政策加嚴或全球零碳排趨勢，高碳
排放產業投資效益受影響"
S-1-2_18,Q18,0.866226124097377,"附錄 氣候治理與策略 目錄 導言 氣候相關風險與機會 實踐低碳金融 情境分析與財務衝擊 結語
11轉型風險 中長期
發生時間 / 風險事件描述 財務衝擊 / 因應策略
中期
名譽風險：
全球積極朝向永續發展為目
標，若公司未採取積極永續作為，恐影響公司商譽，使新光集團喪失投資人、客戶及消費者等利害關係人青睞。營收獲利減少 / 投資人資金挹注減少
公司依循全球永續趨勢積極投入永續行動，於既有風險政策中納入氣候風險管理，透過修正投資、融資及不動產等相關規範，積極響應永續金融。
積極參與國際永續相關倡議及聯盟及國際/
國內永續評比，藉以提升利害關係人對公司信任，並掌握國內外永續及氣候變遷資訊。
長期"
S-1-2_18,Q18,0.8661580674737441,"附錄 氣候治理與策略 目錄 導言 氣候相關風險與機會 實踐低碳金融 情境分析與財務衝擊 結語
10氣候相關風險說明
實體風險
發生時間 / 風險事件描述 財務衝擊 / 因應策略
短期
立即性風險：
因氣候變遷導致極端氣候事件遽增，恐對上游供應商、公司營運據點以及投融資標的據
點帶來災害衝擊，造成房舍、設備、營運資產及擔保品損害，甚至導致營運中斷。營收獲利減少 / 營運成本增加 / 資產價值降低
針對極端氣候事件導致設備受損，部份設備改轉租賃模式以轉嫁財損風險。"
S-1-2_18,Q18,0.8516151342239109,"附錄 氣候治理與策略 目錄 導言 氣候相關風險與機會 實踐低碳金融 情境分析與財務衝擊 結語
30為降低氣候因子對元富投資收益之衝擊，定
期藉由使用氣候相關情境來評估轉型風險，以反應未來氣候變遷對被投資公司營運曝險情況，並進行潛在損失分析，進而可展開相關氣候風險管理作為或因應措施。本公司轉型風險情境分析流程如下：元富證券-轉型風險情境分析"
S-1-2_18,Q18,0.8481350951362578,"根據國際金融穩定委員會(Financial Stability Board, 
FSB)定義，將氣候相關風險區分為氣候變遷影響之「實體風險」與低碳經濟影響之「轉型風險」，並列出為減緩與適應氣候變遷可能帶來的氣候相關「機會」。3-1氣候相關風險傳導路徑
新光金控定期考量氣候相關風險因子，包括立即性極端天氣事件或長期性氣候模式變化、政策和法規變動、技術創新、市場結構改變、名譽傷害等建立集團氣候風險及機會議題庫，並採用內部專家法，依集團「發生可能性」和「影響程度」進行重大性排序，並製作氣候風險矩陣圖進行公司各項業務之財務影響評估，以擬定氣候因應管理對策。
實體風險"
S-1-2_18,Q18,0.8471308094932282,"附錄 氣候治理與策略 目錄 導言 氣候相關風險與機會 實踐低碳金融 情境分析與財務衝擊 結語
08氣候相關風險與機會03
國際清算銀行（Bank for International Settlements, 
BIS）的《綠天鵝報告》（The Green Swan）指出，氣候衝擊將造成下一個系統性金融風險。國際貨幣基金組織（International Monetary Fund, IMF）甚至表示，氣候變遷對金融體系的穩定性構成嚴重風險，氣候危機絕對會引發金融危機。因此，預測氣候變遷對金融業整體的衝擊與風險，並有效洞察可能的各項金融風險，對於金控集團調整風險控管與營運的策略相當重要。"
S-1-2_18,Q18,0.8426223130619364,"(每年)屬高氣候變遷風險產業之債券、證券投資標的以及企業長期融資放款。
資產負債表
綜合損益表現金流量表股票投資
氣候情境 受氣候情境之財務影響
Current
Policies財務影響指標：稅息折舊及攤銷前利潤率(EBITDA 
Margin)
與2022年相比，投資標的平均稅息折舊及攤銷前利
潤率最大降幅3.42%。
財務影響指標：稅息折舊及攤銷前利潤率(EBITDA Margin)
與2022年相比，投資標的平均稅息折舊及攤銷前利
潤率最大降幅15.47%。Net Zero 
2050債券投資
氣候情境受氣候情境之評級變化
短期 中期 長期"
S-1-2_18,Q18,0.8405077694245293,"附錄 氣候治理與策略 目錄 導言 氣候相關風險與機會 實踐低碳金融 情境分析與財務衝擊 結語
20參考政府間氣候變遷專門委員會（IPCC）以危害度、曝露度、脆弱度等三因子交集定義氣
候變遷實體風險衝擊，並依國家災害防救科技中心（National Science and Technology Center for Disaster Reduction , NCDR）於氣候變遷災害風險調適平台發布全台鄉鎮區域RCP8.5情境 淹水潛勢地圖，進行淹水潛勢實體風險情境分析，了解於本世紀末(2075年-2099年)氣候變遷衝擊可能損害程度。模型方法二"
S-1-2_19,Q19,0.8717655897642851,"附錄 氣候治理與策略 目錄 導言 氣候相關風險與機會 實踐低碳金融 情境分析與財務衝擊 結語
10氣候相關風險說明
實體風險
發生時間 / 風險事件描述 財務衝擊 / 因應策略
短期
立即性風險：
因氣候變遷導致極端氣候事件遽增，恐對上游供應商、公司營運據點以及投融資標的據
點帶來災害衝擊，造成房舍、設備、營運資產及擔保品損害，甚至導致營運中斷。營收獲利減少 / 營運成本增加 / 資產價值降低
針對極端氣候事件導致設備受損，部份設備改轉租賃模式以轉嫁財損風險。"
S-1-2_19,Q19,0.8701976743161193,"附錄 氣候治理與策略 目錄 導言 氣候相關風險與機會 實踐低碳金融 情境分析與財務衝擊 結語
11轉型風險 中長期
發生時間 / 風險事件描述 財務衝擊 / 因應策略
中期
名譽風險：
全球積極朝向永續發展為目
標，若公司未採取積極永續作為，恐影響公司商譽，使新光集團喪失投資人、客戶及消費者等利害關係人青睞。營收獲利減少 / 投資人資金挹注減少
公司依循全球永續趨勢積極投入永續行動，於既有風險政策中納入氣候風險管理，透過修正投資、融資及不動產等相關規範，積極響應永續金融。
積極參與國際永續相關倡議及聯盟及國際/
國內永續評比，藉以提升利害關係人對公司信任，並掌握國內外永續及氣候變遷資訊。
長期"
S-1-2_19,Q19,0.8687303107117882,"經問卷調查結果分析得出集團十二項氣候風險議題（四項實體風險與八項轉型風險)及四項氣候機會議題，並根據風險議題依序進行商業活動連結，依「發生可能性」與「影響程度」進行量化並排序，針對重大項目分析各氣候風險因子對集團各類業務之影響層面與衝擊程度，相關質量化說明如下：短期
2023-2025中期
2025-2028長期
2028-2031
 低 高高
影響程度發
生可能性21
3
64
57
98
10
11
12
1全球暖化影響，使我國用電需求迅速增
加，造成無預警斷電
2若未採取積極永續作為，恐使新光集團
喪失投資人青睞
3因應政策加嚴或全球零碳排趨勢，高碳
排放產業投資效益受影響"
S-1-2_19,Q19,0.8552636550427086,"附錄 氣候治理與策略 目錄 導言 氣候相關風險與機會 實踐低碳金融 情境分析與財務衝擊 結語
08氣候相關風險與機會03
國際清算銀行（Bank for International Settlements, 
BIS）的《綠天鵝報告》（The Green Swan）指出，氣候衝擊將造成下一個系統性金融風險。國際貨幣基金組織（International Monetary Fund, IMF）甚至表示，氣候變遷對金融體系的穩定性構成嚴重風險，氣候危機絕對會引發金融危機。因此，預測氣候變遷對金融業整體的衝擊與風險，並有效洞察可能的各項金融風險，對於金控集團調整風險控管與營運的策略相當重要。"
S-1-2_19,Q19,0.8546034457342098,"根據國際金融穩定委員會(Financial Stability Board, 
FSB)定義，將氣候相關風險區分為氣候變遷影響之「實體風險」與低碳經濟影響之「轉型風險」，並列出為減緩與適應氣候變遷可能帶來的氣候相關「機會」。3-1氣候相關風險傳導路徑
新光金控定期考量氣候相關風險因子，包括立即性極端天氣事件或長期性氣候模式變化、政策和法規變動、技術創新、市場結構改變、名譽傷害等建立集團氣候風險及機會議題庫，並採用內部專家法，依集團「發生可能性」和「影響程度」進行重大性排序，並製作氣候風險矩陣圖進行公司各項業務之財務影響評估，以擬定氣候因應管理對策。
實體風險"
S-1-2_19,Q19,0.851552262130326,"附錄 氣候治理與策略 目錄 導言 氣候相關風險與機會 實踐低碳金融 情境分析與財務衝擊 結語
30為降低氣候因子對元富投資收益之衝擊，定
期藉由使用氣候相關情境來評估轉型風險，以反應未來氣候變遷對被投資公司營運曝險情況，並進行潛在損失分析，進而可展開相關氣候風險管理作為或因應措施。本公司轉型風險情境分析流程如下：元富證券-轉型風險情境分析"
S-1-2_19,Q19,0.8501851494579642,"附錄 氣候治理與策略 目錄 導言 氣候相關風險與機會 實踐低碳金融 情境分析與財務衝擊 結語
062-2相關辦法運作情形
新光金控已將氣候風險管理與執行方針納入「永續金融政策」及「風險管理政策」，持續精進金融業各項風險管理面向與氣候變遷風險相互之影響，更新修訂集
團永續金融政策及各項風險管理辦法，並訂定權責單位、風險辨識、風險衡量及監督控管機制，以強化氣候相關風險管理。
對於高碳排之產業，如煤炭及非典型石油與天然氣等，應審慎檢視交易對手因氣候變遷所產生負
面影響，針對上述產業經檢視凡列入排除名單者，於未進行任何改善前，皆不得再新增交易往來，並確立2045年零煤投融資目標。"
S-1-2_19,Q19,0.8457359384683358,"積極參與國際永續相關倡議及聯盟及國際/
國內永續評比，藉以提升利害關係人對公司信任，並掌握國內外永續及氣候變遷資訊。
長期
技術風險：
國內外環境相關法規政策逐
漸趨嚴、未來產業被迫轉型需增加額外營運支出，或是轉型不及時而造成營收降低，將間接影響本公司投資收益。
長期
市場風險：
市場往低碳經濟轉型，高碳
排產業將逐漸被淘汰，既有投資、授信風險評估方法將漸漸不適用於低碳經濟市場，進而帶來投融資收益損失風險。營運成本增加
定期針對進行轉型風險情境分析，評估資產組合在氣候變遷情境下可能產生之影響,並參酌執行結果調整投資決策。
依其業務/商品之市場風險及信用風險機制管
理。"
S-1-2_19,Q19,0.8444709861161529,"(每年)屬高氣候變遷風險產業之債券、證券投資標的以及企業長期融資放款。
資產負債表
綜合損益表現金流量表股票投資
氣候情境 受氣候情境之財務影響
Current
Policies財務影響指標：稅息折舊及攤銷前利潤率(EBITDA 
Margin)
與2022年相比，投資標的平均稅息折舊及攤銷前利
潤率最大降幅3.42%。
財務影響指標：稅息折舊及攤銷前利潤率(EBITDA Margin)
與2022年相比，投資標的平均稅息折舊及攤銷前利
潤率最大降幅15.47%。Net Zero 
2050債券投資
氣候情境受氣候情境之評級變化
短期 中期 長期"
S-1-2_19,Q19,0.8440110786930275,"附錄 氣候治理與策略 目錄 導言 氣候相關風險與機會 實踐低碳金融 情境分析與財務衝擊 結語
12氣候相關機會說明
資源效率
財務效益 / 因應策略
營運成本減少 / 營收增加
盤點內部作業流程節點以進
行無紙優化，自有營運據點設備更新，使營運活動能資源使用效率提升。
未來新建案皆取得銀級以上
綠建築證書為目標，提升建築物環境永續效能。持續活化舊建築物與設備，導入各項節能措施，改善既有建築物能源效率。發生時間 / 機會描述
短期
成本優化機會：
提高產品服務數位化
比重、推行內部文書流程無紙化，盤點內部營運據點設備，提高節能設備使用可望帶來營運成本減少效益。
打造永續綠建築以達成"
S-1-2_19,Q19,0.8437983319384567,"附錄 氣候治理與策略 目錄 導言 氣候相關風險與機會 實踐低碳金融 情境分析與財務衝擊 結語
093-2辨識集團氣候相關風險與機會來源
為擬定集團氣候策略，新光金控已與子公司達成短、中、長期影響
時序之充分共識，並蒐研國內外氣候相關文獻與報告，建立氣候風險議題庫，依照新光金控集團業務型態製作氣候風險與機會問卷，透過內部專家法調查新光金控與永續發展、風險管理、能資源管   理、投資、客戶關係相關部門之意見。氣候風險矩陣"
S-1-2_19,Q19,0.8406506893878297,"附錄 氣候治理與策略 目錄 導言 氣候相關風險與機會 實踐低碳金融 情境分析與財務衝擊 結語
20參考政府間氣候變遷專門委員會（IPCC）以危害度、曝露度、脆弱度等三因子交集定義氣
候變遷實體風險衝擊，並依國家災害防救科技中心（National Science and Technology Center for Disaster Reduction , NCDR）於氣候變遷災害風險調適平台發布全台鄉鎮區域RCP8.5情境 淹水潛勢地圖，進行淹水潛勢實體風險情境分析，了解於本世紀末(2075年-2099年)氣候變遷衝擊可能損害程度。模型方法二"
S-1-3_20,Q20,0.853140886870609,"經問卷調查結果分析得出集團十二項氣候風險議題（四項實體風險與八項轉型風險)及四項氣候機會議題，並根據風險議題依序進行商業活動連結，依「發生可能性」與「影響程度」進行量化並排序，針對重大項目分析各氣候風險因子對集團各類業務之影響層面與衝擊程度，相關質量化說明如下：短期
2023-2025中期
2025-2028長期
2028-2031
 低 高高
影響程度發
生可能性21
3
64
57
98
10
11
12
1全球暖化影響，使我國用電需求迅速增
加，造成無預警斷電
2若未採取積極永續作為，恐使新光集團
喪失投資人青睞
3因應政策加嚴或全球零碳排趨勢，高碳
排放產業投資效益受影響"
S-1-3_20,Q20,0.8499713595688927,"附錄 氣候治理與策略 目錄 導言 氣候相關風險與機會 實踐低碳金融 情境分析與財務衝擊 結語
10氣候相關風險說明
實體風險
發生時間 / 風險事件描述 財務衝擊 / 因應策略
短期
立即性風險：
因氣候變遷導致極端氣候事件遽增，恐對上游供應商、公司營運據點以及投融資標的據
點帶來災害衝擊，造成房舍、設備、營運資產及擔保品損害，甚至導致營運中斷。營收獲利減少 / 營運成本增加 / 資產價值降低
針對極端氣候事件導致設備受損，部份設備改轉租賃模式以轉嫁財損風險。"
S-1-3_20,Q20,0.8492437574496249,"附錄 氣候治理與策略 目錄 導言 氣候相關風險與機會 實踐低碳金融 情境分析與財務衝擊 結語
11轉型風險 中長期
發生時間 / 風險事件描述 財務衝擊 / 因應策略
中期
名譽風險：
全球積極朝向永續發展為目
標，若公司未採取積極永續作為，恐影響公司商譽，使新光集團喪失投資人、客戶及消費者等利害關係人青睞。營收獲利減少 / 投資人資金挹注減少
公司依循全球永續趨勢積極投入永續行動，於既有風險政策中納入氣候風險管理，透過修正投資、融資及不動產等相關規範，積極響應永續金融。
積極參與國際永續相關倡議及聯盟及國際/
國內永續評比，藉以提升利害關係人對公司信任，並掌握國內外永續及氣候變遷資訊。
長期"
S-1-3_20,Q20,0.8469997149074346,"附錄 氣候治理與策略 目錄 導言 氣候相關風險與機會 實踐低碳金融 情境分析與財務衝擊 結語
30為降低氣候因子對元富投資收益之衝擊，定
期藉由使用氣候相關情境來評估轉型風險，以反應未來氣候變遷對被投資公司營運曝險情況，並進行潛在損失分析，進而可展開相關氣候風險管理作為或因應措施。本公司轉型風險情境分析流程如下：元富證券-轉型風險情境分析"
S-1-3_20,Q20,0.8443716133719019,"根據國際金融穩定委員會(Financial Stability Board, 
FSB)定義，將氣候相關風險區分為氣候變遷影響之「實體風險」與低碳經濟影響之「轉型風險」，並列出為減緩與適應氣候變遷可能帶來的氣候相關「機會」。3-1氣候相關風險傳導路徑
新光金控定期考量氣候相關風險因子，包括立即性極端天氣事件或長期性氣候模式變化、政策和法規變動、技術創新、市場結構改變、名譽傷害等建立集團氣候風險及機會議題庫，並採用內部專家法，依集團「發生可能性」和「影響程度」進行重大性排序，並製作氣候風險矩陣圖進行公司各項業務之財務影響評估，以擬定氣候因應管理對策。
實體風險"
S-1-4_21,Q21,0.8451580841018274,"經問卷調查結果分析得出集團十二項氣候風險議題（四項實體風險與八項轉型風險)及四項氣候機會議題，並根據風險議題依序進行商業活動連結，依「發生可能性」與「影響程度」進行量化並排序，針對重大項目分析各氣候風險因子對集團各類業務之影響層面與衝擊程度，相關質量化說明如下：短期
2023-2025中期
2025-2028長期
2028-2031
 低 高高
影響程度發
生可能性21
3
64
57
98
10
11
12
1全球暖化影響，使我國用電需求迅速增
加，造成無預警斷電
2若未採取積極永續作為，恐使新光集團
喪失投資人青睞
3因應政策加嚴或全球零碳排趨勢，高碳
排放產業投資效益受影響"
S-1-4_22,Q22,0.8453251542093245,"經問卷調查結果分析得出集團十二項氣候風險議題（四項實體風險與八項轉型風險)及四項氣候機會議題，並根據風險議題依序進行商業活動連結，依「發生可能性」與「影響程度」進行量化並排序，針對重大項目分析各氣候風險因子對集團各類業務之影響層面與衝擊程度，相關質量化說明如下：短期
2023-2025中期
2025-2028長期
2028-2031
 低 高高
影響程度發
生可能性21
3
64
57
98
10
11
12
1全球暖化影響，使我國用電需求迅速增
加，造成無預警斷電
2若未採取積極永續作為，恐使新光集團
喪失投資人青睞
3因應政策加嚴或全球零碳排趨勢，高碳
排放產業投資效益受影響"
#S-1-5_#S2,QS2,0.8477424024119697,"根據國際金融穩定委員會(Financial Stability Board, 
FSB)定義，將氣候相關風險區分為氣候變遷影響之「實體風險」與低碳經濟影響之「轉型風險」，並列出為減緩與適應氣候變遷可能帶來的氣候相關「機會」。3-1氣候相關風險傳導路徑
新光金控定期考量氣候相關風險因子，包括立即性極端天氣事件或長期性氣候模式變化、政策和法規變動、技術創新、市場結構改變、名譽傷害等建立集團氣候風險及機會議題庫，並採用內部專家法，依集團「發生可能性」和「影響程度」進行重大性排序，並製作氣候風險矩陣圖進行公司各項業務之財務影響評估，以擬定氣候因應管理對策。
實體風險"
#S-1-5_#S2,QS2,0.8461825580852937,"附錄 氣候治理與策略 目錄 導言 氣候相關風險與機會 實踐低碳金融 情境分析與財務衝擊 結語
10氣候相關風險說明
實體風險
發生時間 / 風險事件描述 財務衝擊 / 因應策略
短期
立即性風險：
因氣候變遷導致極端氣候事件遽增，恐對上游供應商、公司營運據點以及投融資標的據
點帶來災害衝擊，造成房舍、設備、營運資產及擔保品損害，甚至導致營運中斷。營收獲利減少 / 營運成本增加 / 資產價值降低
針對極端氣候事件導致設備受損，部份設備改轉租賃模式以轉嫁財損風險。"
#S-1-5_#S2,QS2,0.8446808447994263,"附錄 氣候治理與策略 目錄 導言 氣候相關風險與機會 實踐低碳金融 情境分析與財務衝擊 結語
08氣候相關風險與機會03
國際清算銀行（Bank for International Settlements, 
BIS）的《綠天鵝報告》（The Green Swan）指出，氣候衝擊將造成下一個系統性金融風險。國際貨幣基金組織（International Monetary Fund, IMF）甚至表示，氣候變遷對金融體系的穩定性構成嚴重風險，氣候危機絕對會引發金融危機。因此，預測氣候變遷對金融業整體的衝擊與風險，並有效洞察可能的各項金融風險，對於金控集團調整風險控管與營運的策略相當重要。"
#S-1-5_#S2,QS2,0.8444421620690288,"由上表可知，新光銀行授信戶和投資對象，面臨之轉型風險對營業額損失之衝
擊有限，對新光銀行之財務衝擊可控。新光銀行國內高碳排產業
除碳排大戶之轉型風險評估，新光銀行亦執行由金融監督管理委員會規劃辦理之氣候變遷情境分析，根據交易對手之產業別進行轉型風險評估，分析結果如下：投融資部位整體轉型風險等級分布新光銀行授信組合-信用風險分析
信用風險
透過衡量信用評級、違約機率(PD)、與
受到實體風險影響之擔保部位違約損失率(LGD)的變化，以估算壓力情境下之預期信用損失。市場風險
依據特定轉型風險氣候壓力情境對股票、債券發行公司之營運的影響，估算在壓力情境下，股票、債券部位之評價結果的受影響程度。"
#S-1-5_#S2,QS2,0.8418690901971989,"附錄 氣候治理與策略 目錄 導言 氣候相關風險與機會 實踐低碳金融 情境分析與財務衝擊 結語
25新光銀行執行由金融監督管理委員會規劃辦理之氣候變遷情境分析，進行國內授信戶和投資
對象登記地、及國內擔保品座落地之實體風險評估，各情境_年度組合下之分析結果如下：
綜上可知，新光銀行授信戶和投資對象，或徵提之不動產擔保品，在不同情境_年度下，面
臨之實體風險對營業額損失或擔保品價值減損之衝擊有限，對新光銀行之財務衝擊可控。新光銀行國內授信戶和投資對象登記地，以及國內擔保品座落分析結果
註1：含風險移入國別為台灣之OBU授信戶。"
#S-1-5_#S2,QS2,0.8415911726115123,"附錄 氣候治理與策略 目錄 導言 氣候相關風險與機會 實踐低碳金融 情境分析與財務衝擊 結語
30為降低氣候因子對元富投資收益之衝擊，定
期藉由使用氣候相關情境來評估轉型風險，以反應未來氣候變遷對被投資公司營運曝險情況，並進行潛在損失分析，進而可展開相關氣候風險管理作為或因應措施。本公司轉型風險情境分析流程如下：元富證券-轉型風險情境分析"
S-2-1_23,Q23,0.8539528880540198,"附錄 氣候治理與策略 目錄 導言 氣候相關風險與機會 實踐低碳金融 情境分析與財務衝擊 結語
10氣候相關風險說明
實體風險
發生時間 / 風險事件描述 財務衝擊 / 因應策略
短期
立即性風險：
因氣候變遷導致極端氣候事件遽增，恐對上游供應商、公司營運據點以及投融資標的據
點帶來災害衝擊，造成房舍、設備、營運資產及擔保品損害，甚至導致營運中斷。營收獲利減少 / 營運成本增加 / 資產價值降低
針對極端氣候事件導致設備受損，部份設備改轉租賃模式以轉嫁財損風險。"
S-2-1_23,Q23,0.8531130699505918,"附錄 氣候治理與策略 目錄 導言 氣候相關風險與機會 實踐低碳金融 情境分析與財務衝擊 結語
08氣候相關風險與機會03
國際清算銀行（Bank for International Settlements, 
BIS）的《綠天鵝報告》（The Green Swan）指出，氣候衝擊將造成下一個系統性金融風險。國際貨幣基金組織（International Monetary Fund, IMF）甚至表示，氣候變遷對金融體系的穩定性構成嚴重風險，氣候危機絕對會引發金融危機。因此，預測氣候變遷對金融業整體的衝擊與風險，並有效洞察可能的各項金融風險，對於金控集團調整風險控管與營運的策略相當重要。"
S-2-1_23,Q23,0.8528371134599666,"經問卷調查結果分析得出集團十二項氣候風險議題（四項實體風險與八項轉型風險)及四項氣候機會議題，並根據風險議題依序進行商業活動連結，依「發生可能性」與「影響程度」進行量化並排序，針對重大項目分析各氣候風險因子對集團各類業務之影響層面與衝擊程度，相關質量化說明如下：短期
2023-2025中期
2025-2028長期
2028-2031
 低 高高
影響程度發
生可能性21
3
64
57
98
10
11
12
1全球暖化影響，使我國用電需求迅速增
加，造成無預警斷電
2若未採取積極永續作為，恐使新光集團
喪失投資人青睞
3因應政策加嚴或全球零碳排趨勢，高碳
排放產業投資效益受影響"
S-2-1_23,Q23,0.8439718825472056,"附錄 氣候治理與策略 目錄 導言 氣候相關風險與機會 實踐低碳金融 情境分析與財務衝擊 結語
30為降低氣候因子對元富投資收益之衝擊，定
期藉由使用氣候相關情境來評估轉型風險，以反應未來氣候變遷對被投資公司營運曝險情況，並進行潛在損失分析，進而可展開相關氣候風險管理作為或因應措施。本公司轉型風險情境分析流程如下：元富證券-轉型風險情境分析"
S-2-1_23,Q23,0.8417181847669136,"附錄 氣候治理與策略 目錄 導言 氣候相關風險與機會 實踐低碳金融 情境分析與財務衝擊 結語
062-2相關辦法運作情形
新光金控已將氣候風險管理與執行方針納入「永續金融政策」及「風險管理政策」，持續精進金融業各項風險管理面向與氣候變遷風險相互之影響，更新修訂集
團永續金融政策及各項風險管理辦法，並訂定權責單位、風險辨識、風險衡量及監督控管機制，以強化氣候相關風險管理。
對於高碳排之產業，如煤炭及非典型石油與天然氣等，應審慎檢視交易對手因氣候變遷所產生負
面影響，針對上述產業經檢視凡列入排除名單者，於未進行任何改善前，皆不得再新增交易往來，並確立2045年零煤投融資目標。"
S-2-1_24,Q24,0.8521050016279081,"經問卷調查結果分析得出集團十二項氣候風險議題（四項實體風險與八項轉型風險)及四項氣候機會議題，並根據風險議題依序進行商業活動連結，依「發生可能性」與「影響程度」進行量化並排序，針對重大項目分析各氣候風險因子對集團各類業務之影響層面與衝擊程度，相關質量化說明如下：短期
2023-2025中期
2025-2028長期
2028-2031
 低 高高
影響程度發
生可能性21
3
64
57
98
10
11
12
1全球暖化影響，使我國用電需求迅速增
加，造成無預警斷電
2若未採取積極永續作為，恐使新光集團
喪失投資人青睞
3因應政策加嚴或全球零碳排趨勢，高碳
排放產業投資效益受影響"
S-2-1_24,Q24,0.8517701027696406,"附錄 氣候治理與策略 目錄 導言 氣候相關風險與機會 實踐低碳金融 情境分析與財務衝擊 結語
10氣候相關風險說明
實體風險
發生時間 / 風險事件描述 財務衝擊 / 因應策略
短期
立即性風險：
因氣候變遷導致極端氣候事件遽增，恐對上游供應商、公司營運據點以及投融資標的據
點帶來災害衝擊，造成房舍、設備、營運資產及擔保品損害，甚至導致營運中斷。營收獲利減少 / 營運成本增加 / 資產價值降低
針對極端氣候事件導致設備受損，部份設備改轉租賃模式以轉嫁財損風險。"
S-2-1_24,Q24,0.8511540212115326,"附錄 氣候治理與策略 目錄 導言 氣候相關風險與機會 實踐低碳金融 情境分析與財務衝擊 結語
08氣候相關風險與機會03
國際清算銀行（Bank for International Settlements, 
BIS）的《綠天鵝報告》（The Green Swan）指出，氣候衝擊將造成下一個系統性金融風險。國際貨幣基金組織（International Monetary Fund, IMF）甚至表示，氣候變遷對金融體系的穩定性構成嚴重風險，氣候危機絕對會引發金融危機。因此，預測氣候變遷對金融業整體的衝擊與風險，並有效洞察可能的各項金融風險，對於金控集團調整風險控管與營運的策略相當重要。"
S-2-1_24,Q24,0.8449031386251593,"附錄 氣候治理與策略 目錄 導言 氣候相關風險與機會 實踐低碳金融 情境分析與財務衝擊 結語
30為降低氣候因子對元富投資收益之衝擊，定
期藉由使用氣候相關情境來評估轉型風險，以反應未來氣候變遷對被投資公司營運曝險情況，並進行潛在損失分析，進而可展開相關氣候風險管理作為或因應措施。本公司轉型風險情境分析流程如下：元富證券-轉型風險情境分析"
S-2-1_24,Q24,0.8412843883286153,"附錄 氣候治理與策略 目錄 導言 氣候相關風險與機會 實踐低碳金融 情境分析與財務衝擊 結語
062-2相關辦法運作情形
新光金控已將氣候風險管理與執行方針納入「永續金融政策」及「風險管理政策」，持續精進金融業各項風險管理面向與氣候變遷風險相互之影響，更新修訂集
團永續金融政策及各項風險管理辦法，並訂定權責單位、風險辨識、風險衡量及監督控管機制，以強化氣候相關風險管理。
對於高碳排之產業，如煤炭及非典型石油與天然氣等，應審慎檢視交易對手因氣候變遷所產生負
面影響，針對上述產業經檢視凡列入排除名單者，於未進行任何改善前，皆不得再新增交易往來，並確立2045年零煤投融資目標。"
S-2-1_25,Q25,0.8565613670450711,"附錄 氣候治理與策略 目錄 導言 氣候相關風險與機會 實踐低碳金融 情境分析與財務衝擊 結語
08氣候相關風險與機會03
國際清算銀行（Bank for International Settlements, 
BIS）的《綠天鵝報告》（The Green Swan）指出，氣候衝擊將造成下一個系統性金融風險。國際貨幣基金組織（International Monetary Fund, IMF）甚至表示，氣候變遷對金融體系的穩定性構成嚴重風險，氣候危機絕對會引發金融危機。因此，預測氣候變遷對金融業整體的衝擊與風險，並有效洞察可能的各項金融風險，對於金控集團調整風險控管與營運的策略相當重要。"
S-2-1_25,Q25,0.8558815489153025,"附錄 氣候治理與策略 目錄 導言 氣候相關風險與機會 實踐低碳金融 情境分析與財務衝擊 結語
10氣候相關風險說明
實體風險
發生時間 / 風險事件描述 財務衝擊 / 因應策略
短期
立即性風險：
因氣候變遷導致極端氣候事件遽增，恐對上游供應商、公司營運據點以及投融資標的據
點帶來災害衝擊，造成房舍、設備、營運資產及擔保品損害，甚至導致營運中斷。營收獲利減少 / 營運成本增加 / 資產價值降低
針對極端氣候事件導致設備受損，部份設備改轉租賃模式以轉嫁財損風險。"
S-2-1_25,Q25,0.8549278816373345,"經問卷調查結果分析得出集團十二項氣候風險議題（四項實體風險與八項轉型風險)及四項氣候機會議題，並根據風險議題依序進行商業活動連結，依「發生可能性」與「影響程度」進行量化並排序，針對重大項目分析各氣候風險因子對集團各類業務之影響層面與衝擊程度，相關質量化說明如下：短期
2023-2025中期
2025-2028長期
2028-2031
 低 高高
影響程度發
生可能性21
3
64
57
98
10
11
12
1全球暖化影響，使我國用電需求迅速增
加，造成無預警斷電
2若未採取積極永續作為，恐使新光集團
喪失投資人青睞
3因應政策加嚴或全球零碳排趨勢，高碳
排放產業投資效益受影響"
S-2-1_25,Q25,0.8537149187239959,"附錄 氣候治理與策略 目錄 導言 氣候相關風險與機會 實踐低碳金融 情境分析與財務衝擊 結語
30為降低氣候因子對元富投資收益之衝擊，定
期藉由使用氣候相關情境來評估轉型風險，以反應未來氣候變遷對被投資公司營運曝險情況，並進行潛在損失分析，進而可展開相關氣候風險管理作為或因應措施。本公司轉型風險情境分析流程如下：元富證券-轉型風險情境分析"
S-2-1_25,Q25,0.8494971759130088,"附錄 氣候治理與策略 目錄 導言 氣候相關風險與機會 實踐低碳金融 情境分析與財務衝擊 結語
062-2相關辦法運作情形
新光金控已將氣候風險管理與執行方針納入「永續金融政策」及「風險管理政策」，持續精進金融業各項風險管理面向與氣候變遷風險相互之影響，更新修訂集
團永續金融政策及各項風險管理辦法，並訂定權責單位、風險辨識、風險衡量及監督控管機制，以強化氣候相關風險管理。
對於高碳排之產業，如煤炭及非典型石油與天然氣等，應審慎檢視交易對手因氣候變遷所產生負
面影響，針對上述產業經檢視凡列入排除名單者，於未進行任何改善前，皆不得再新增交易往來，並確立2045年零煤投融資目標。"
S-2-1_25,Q25,0.8451996619678833,"附錄 氣候治理與策略 目錄 導言 氣候相關風險與機會 實踐低碳金融 情境分析與財務衝擊 結語
072-3去碳化政策 
我們承諾於2045年前全面退出煤炭註1及非典型石油與天然氣註2相關事業之業務，範圍包
括：上市櫃股權與債權、專案融資、信用額度與貸款、固定收益商品承銷業務，以及所有
主動、被動與委由第三方管理之投資部位。我們的階段性承諾為：
上述相關產業之排除對象為，若有具體減碳行動或明確轉型計畫包括通過科學減碳目標
(SBT)、使用碳捕捉技術移除碳排量、或其他經第三方機構認可之減碳行動，可進行個案評估，並授權各單位主管同意後維持業務往來。
註1："
S-2-1_25,Q25,0.8416553332790717,"附錄 氣候治理與策略 目錄 導言 氣候相關風險與機會 實踐低碳金融 情境分析與財務衝擊 結語
12氣候相關機會說明
資源效率
財務效益 / 因應策略
營運成本減少 / 營收增加
盤點內部作業流程節點以進
行無紙優化，自有營運據點設備更新，使營運活動能資源使用效率提升。
未來新建案皆取得銀級以上
綠建築證書為目標，提升建築物環境永續效能。持續活化舊建築物與設備，導入各項節能措施，改善既有建築物能源效率。發生時間 / 機會描述
短期
成本優化機會：
提高產品服務數位化
比重、推行內部文書流程無紙化，盤點內部營運據點設備，提高節能設備使用可望帶來營運成本減少效益。
打造永續綠建築以達成"
S-2-1_25,Q25,0.8416453331789937,"附錄 氣候治理與策略 目錄 導言 氣候相關風險與機會 實踐低碳金融 情境分析與財務衝擊 結語
26
營運據點因應措施以2022年底本公司全台45個營運據點做為實體風險情境分析評估範圍，結果顯
示共2處營運據點位處淹水高風險處，惟前述2處營運據點皆位於防洪設施較為完善都會區(台北市及新北市)且非公司資產，其中1處位於較高樓層，因此對公司財務影響較小並未對本公司造成顯著影響。元富證券營運據點災害潛勢分析
40.00 % 18 1
28.89 % 13 2
15.56 % 7 3
11.11 % 5 4
4.44 % 2 5"
S-2-1_25,Q25,0.8404181441511709,"人壽、銀行、證券、投信、創投、保代等子公司
就其產業性質及業務範圍，辨識各自之氣候風險與機會，負責第一線氣候風險控
管，並將氣候議題納入相關之營運活動，定期報告氣候指標及目標達成情形以及績效提升計畫。定期檢視 督導改善組織 主席/召集人 開會頻率 氣候治理角色
推動及落實執行氣候風險管理之"
S-2-1_26,Q26,0.8547930538689481,"附錄 氣候治理與策略 目錄 導言 氣候相關風險與機會 實踐低碳金融 情境分析與財務衝擊 結語
08氣候相關風險與機會03
國際清算銀行（Bank for International Settlements, 
BIS）的《綠天鵝報告》（The Green Swan）指出，氣候衝擊將造成下一個系統性金融風險。國際貨幣基金組織（International Monetary Fund, IMF）甚至表示，氣候變遷對金融體系的穩定性構成嚴重風險，氣候危機絕對會引發金融危機。因此，預測氣候變遷對金融業整體的衝擊與風險，並有效洞察可能的各項金融風險，對於金控集團調整風險控管與營運的策略相當重要。"
S-2-1_26,Q26,0.8539100773926449,"經問卷調查結果分析得出集團十二項氣候風險議題（四項實體風險與八項轉型風險)及四項氣候機會議題，並根據風險議題依序進行商業活動連結，依「發生可能性」與「影響程度」進行量化並排序，針對重大項目分析各氣候風險因子對集團各類業務之影響層面與衝擊程度，相關質量化說明如下：短期
2023-2025中期
2025-2028長期
2028-2031
 低 高高
影響程度發
生可能性21
3
64
57
98
10
11
12
1全球暖化影響，使我國用電需求迅速增
加，造成無預警斷電
2若未採取積極永續作為，恐使新光集團
喪失投資人青睞
3因應政策加嚴或全球零碳排趨勢，高碳
排放產業投資效益受影響"
S-2-1_26,Q26,0.8511808055337613,"附錄 氣候治理與策略 目錄 導言 氣候相關風險與機會 實踐低碳金融 情境分析與財務衝擊 結語
10氣候相關風險說明
實體風險
發生時間 / 風險事件描述 財務衝擊 / 因應策略
短期
立即性風險：
因氣候變遷導致極端氣候事件遽增，恐對上游供應商、公司營運據點以及投融資標的據
點帶來災害衝擊，造成房舍、設備、營運資產及擔保品損害，甚至導致營運中斷。營收獲利減少 / 營運成本增加 / 資產價值降低
針對極端氣候事件導致設備受損，部份設備改轉租賃模式以轉嫁財損風險。"
S-2-1_26,Q26,0.8504994853960122,"附錄 氣候治理與策略 目錄 導言 氣候相關風險與機會 實踐低碳金融 情境分析與財務衝擊 結語
30為降低氣候因子對元富投資收益之衝擊，定
期藉由使用氣候相關情境來評估轉型風險，以反應未來氣候變遷對被投資公司營運曝險情況，並進行潛在損失分析，進而可展開相關氣候風險管理作為或因應措施。本公司轉型風險情境分析流程如下：元富證券-轉型風險情境分析"
S-2-1_26,Q26,0.8454223553787027,"附錄 氣候治理與策略 目錄 導言 氣候相關風險與機會 實踐低碳金融 情境分析與財務衝擊 結語
062-2相關辦法運作情形
新光金控已將氣候風險管理與執行方針納入「永續金融政策」及「風險管理政策」，持續精進金融業各項風險管理面向與氣候變遷風險相互之影響，更新修訂集
團永續金融政策及各項風險管理辦法，並訂定權責單位、風險辨識、風險衡量及監督控管機制，以強化氣候相關風險管理。
對於高碳排之產業，如煤炭及非典型石油與天然氣等，應審慎檢視交易對手因氣候變遷所產生負
面影響，針對上述產業經檢視凡列入排除名單者，於未進行任何改善前，皆不得再新增交易往來，並確立2045年零煤投融資目標。"
S-2-1_26,Q26,0.840772501111798,"附錄 氣候治理與策略 目錄 導言 氣候相關風險與機會 實踐低碳金融 情境分析與財務衝擊 結語
26
營運據點因應措施以2022年底本公司全台45個營運據點做為實體風險情境分析評估範圍，結果顯
示共2處營運據點位處淹水高風險處，惟前述2處營運據點皆位於防洪設施較為完善都會區(台北市及新北市)且非公司資產，其中1處位於較高樓層，因此對公司財務影響較小並未對本公司造成顯著影響。元富證券營運據點災害潛勢分析
40.00 % 18 1
28.89 % 13 2
15.56 % 7 3
11.11 % 5 4
4.44 % 2 5"
S-2-1_27,Q27,0.8505617420861211,"經問卷調查結果分析得出集團十二項氣候風險議題（四項實體風險與八項轉型風險)及四項氣候機會議題，並根據風險議題依序進行商業活動連結，依「發生可能性」與「影響程度」進行量化並排序，針對重大項目分析各氣候風險因子對集團各類業務之影響層面與衝擊程度，相關質量化說明如下：短期
2023-2025中期
2025-2028長期
2028-2031
 低 高高
影響程度發
生可能性21
3
64
57
98
10
11
12
1全球暖化影響，使我國用電需求迅速增
加，造成無預警斷電
2若未採取積極永續作為，恐使新光集團
喪失投資人青睞
3因應政策加嚴或全球零碳排趨勢，高碳
排放產業投資效益受影響"
S-2-1_27,Q27,0.8501589868017511,"附錄 氣候治理與策略 目錄 導言 氣候相關風險與機會 實踐低碳金融 情境分析與財務衝擊 結語
08氣候相關風險與機會03
國際清算銀行（Bank for International Settlements, 
BIS）的《綠天鵝報告》（The Green Swan）指出，氣候衝擊將造成下一個系統性金融風險。國際貨幣基金組織（International Monetary Fund, IMF）甚至表示，氣候變遷對金融體系的穩定性構成嚴重風險，氣候危機絕對會引發金融危機。因此，預測氣候變遷對金融業整體的衝擊與風險，並有效洞察可能的各項金融風險，對於金控集團調整風險控管與營運的策略相當重要。"
S-2-1_27,Q27,0.8499152553822724,"附錄 氣候治理與策略 目錄 導言 氣候相關風險與機會 實踐低碳金融 情境分析與財務衝擊 結語
26
營運據點因應措施以2022年底本公司全台45個營運據點做為實體風險情境分析評估範圍，結果顯
示共2處營運據點位處淹水高風險處，惟前述2處營運據點皆位於防洪設施較為完善都會區(台北市及新北市)且非公司資產，其中1處位於較高樓層，因此對公司財務影響較小並未對本公司造成顯著影響。元富證券營運據點災害潛勢分析
40.00 % 18 1
28.89 % 13 2
15.56 % 7 3
11.11 % 5 4
4.44 % 2 5"
S-2-1_27,Q27,0.8498874451935075,"附錄 氣候治理與策略 目錄 導言 氣候相關風險與機會 實踐低碳金融 情境分析與財務衝擊 結語
10氣候相關風險說明
實體風險
發生時間 / 風險事件描述 財務衝擊 / 因應策略
短期
立即性風險：
因氣候變遷導致極端氣候事件遽增，恐對上游供應商、公司營運據點以及投融資標的據
點帶來災害衝擊，造成房舍、設備、營運資產及擔保品損害，甚至導致營運中斷。營收獲利減少 / 營運成本增加 / 資產價值降低
針對極端氣候事件導致設備受損，部份設備改轉租賃模式以轉嫁財損風險。"
S-2-1_27,Q27,0.8419734056143496,"附錄 氣候治理與策略 目錄 導言 氣候相關風險與機會 實踐低碳金融 情境分析與財務衝擊 結語
30為降低氣候因子對元富投資收益之衝擊，定
期藉由使用氣候相關情境來評估轉型風險，以反應未來氣候變遷對被投資公司營運曝險情況，並進行潛在損失分析，進而可展開相關氣候風險管理作為或因應措施。本公司轉型風險情境分析流程如下：元富證券-轉型風險情境分析"
S-2-2_28,Q28,0.8515244709365191,"經問卷調查結果分析得出集團十二項氣候風險議題（四項實體風險與八項轉型風險)及四項氣候機會議題，並根據風險議題依序進行商業活動連結，依「發生可能性」與「影響程度」進行量化並排序，針對重大項目分析各氣候風險因子對集團各類業務之影響層面與衝擊程度，相關質量化說明如下：短期
2023-2025中期
2025-2028長期
2028-2031
 低 高高
影響程度發
生可能性21
3
64
57
98
10
11
12
1全球暖化影響，使我國用電需求迅速增
加，造成無預警斷電
2若未採取積極永續作為，恐使新光集團
喪失投資人青睞
3因應政策加嚴或全球零碳排趨勢，高碳
排放產業投資效益受影響"
S-2-2_28,Q28,0.8497713807521279,"附錄 氣候治理與策略 目錄 導言 氣候相關風險與機會 實踐低碳金融 情境分析與財務衝擊 結語
26
營運據點因應措施以2022年底本公司全台45個營運據點做為實體風險情境分析評估範圍，結果顯
示共2處營運據點位處淹水高風險處，惟前述2處營運據點皆位於防洪設施較為完善都會區(台北市及新北市)且非公司資產，其中1處位於較高樓層，因此對公司財務影響較小並未對本公司造成顯著影響。元富證券營運據點災害潛勢分析
40.00 % 18 1
28.89 % 13 2
15.56 % 7 3
11.11 % 5 4
4.44 % 2 5"
S-2-2_28,Q28,0.8493095065333018,"附錄 氣候治理與策略 目錄 導言 氣候相關風險與機會 實踐低碳金融 情境分析與財務衝擊 結語
08氣候相關風險與機會03
國際清算銀行（Bank for International Settlements, 
BIS）的《綠天鵝報告》（The Green Swan）指出，氣候衝擊將造成下一個系統性金融風險。國際貨幣基金組織（International Monetary Fund, IMF）甚至表示，氣候變遷對金融體系的穩定性構成嚴重風險，氣候危機絕對會引發金融危機。因此，預測氣候變遷對金融業整體的衝擊與風險，並有效洞察可能的各項金融風險，對於金控集團調整風險控管與營運的策略相當重要。"
S-2-2_28,Q28,0.8492848717003472,"附錄 氣候治理與策略 目錄 導言 氣候相關風險與機會 實踐低碳金融 情境分析與財務衝擊 結語
10氣候相關風險說明
實體風險
發生時間 / 風險事件描述 財務衝擊 / 因應策略
短期
立即性風險：
因氣候變遷導致極端氣候事件遽增，恐對上游供應商、公司營運據點以及投融資標的據
點帶來災害衝擊，造成房舍、設備、營運資產及擔保品損害，甚至導致營運中斷。營收獲利減少 / 營運成本增加 / 資產價值降低
針對極端氣候事件導致設備受損，部份設備改轉租賃模式以轉嫁財損風險。"
S-2-2_28,Q28,0.8473667649097264,"附錄 氣候治理與策略 目錄 導言 氣候相關風險與機會 實踐低碳金融 情境分析與財務衝擊 結語
30為降低氣候因子對元富投資收益之衝擊，定
期藉由使用氣候相關情境來評估轉型風險，以反應未來氣候變遷對被投資公司營運曝險情況，並進行潛在損失分析，進而可展開相關氣候風險管理作為或因應措施。本公司轉型風險情境分析流程如下：元富證券-轉型風險情境分析"
S-2-2_28,Q28,0.8431177551654149,"附錄 氣候治理與策略 目錄 導言 氣候相關風險與機會 實踐低碳金融 情境分析與財務衝擊 結語
062-2相關辦法運作情形
新光金控已將氣候風險管理與執行方針納入「永續金融政策」及「風險管理政策」，持續精進金融業各項風險管理面向與氣候變遷風險相互之影響，更新修訂集
團永續金融政策及各項風險管理辦法，並訂定權責單位、風險辨識、風險衡量及監督控管機制，以強化氣候相關風險管理。
對於高碳排之產業，如煤炭及非典型石油與天然氣等，應審慎檢視交易對手因氣候變遷所產生負
面影響，針對上述產業經檢視凡列入排除名單者，於未進行任何改善前，皆不得再新增交易往來，並確立2045年零煤投融資目標。"
S-2-2_29,Q29,0.8556856609001361,"附錄 氣候治理與策略 目錄 導言 氣候相關風險與機會 實踐低碳金融 情境分析與財務衝擊 結語
08氣候相關風險與機會03
國際清算銀行（Bank for International Settlements, 
BIS）的《綠天鵝報告》（The Green Swan）指出，氣候衝擊將造成下一個系統性金融風險。國際貨幣基金組織（International Monetary Fund, IMF）甚至表示，氣候變遷對金融體系的穩定性構成嚴重風險，氣候危機絕對會引發金融危機。因此，預測氣候變遷對金融業整體的衝擊與風險，並有效洞察可能的各項金融風險，對於金控集團調整風險控管與營運的策略相當重要。"
S-2-2_29,Q29,0.8526491061184597,"附錄 氣候治理與策略 目錄 導言 氣候相關風險與機會 實踐低碳金融 情境分析與財務衝擊 結語
30為降低氣候因子對元富投資收益之衝擊，定
期藉由使用氣候相關情境來評估轉型風險，以反應未來氣候變遷對被投資公司營運曝險情況，並進行潛在損失分析，進而可展開相關氣候風險管理作為或因應措施。本公司轉型風險情境分析流程如下：元富證券-轉型風險情境分析"
S-2-2_29,Q29,0.8514916174681049,"附錄 氣候治理與策略 目錄 導言 氣候相關風險與機會 實踐低碳金融 情境分析與財務衝擊 結語
10氣候相關風險說明
實體風險
發生時間 / 風險事件描述 財務衝擊 / 因應策略
短期
立即性風險：
因氣候變遷導致極端氣候事件遽增，恐對上游供應商、公司營運據點以及投融資標的據
點帶來災害衝擊，造成房舍、設備、營運資產及擔保品損害，甚至導致營運中斷。營收獲利減少 / 營運成本增加 / 資產價值降低
針對極端氣候事件導致設備受損，部份設備改轉租賃模式以轉嫁財損風險。"
S-2-2_29,Q29,0.850642737792247,"附錄 氣候治理與策略 目錄 導言 氣候相關風險與機會 實踐低碳金融 情境分析與財務衝擊 結語
062-2相關辦法運作情形
新光金控已將氣候風險管理與執行方針納入「永續金融政策」及「風險管理政策」，持續精進金融業各項風險管理面向與氣候變遷風險相互之影響，更新修訂集
團永續金融政策及各項風險管理辦法，並訂定權責單位、風險辨識、風險衡量及監督控管機制，以強化氣候相關風險管理。
對於高碳排之產業，如煤炭及非典型石油與天然氣等，應審慎檢視交易對手因氣候變遷所產生負
面影響，針對上述產業經檢視凡列入排除名單者，於未進行任何改善前，皆不得再新增交易往來，並確立2045年零煤投融資目標。"
S-2-2_29,Q29,0.8476581011189794,"附錄 氣候治理與策略 目錄 導言 氣候相關風險與機會 實踐低碳金融 情境分析與財務衝擊 結語
26
營運據點因應措施以2022年底本公司全台45個營運據點做為實體風險情境分析評估範圍，結果顯
示共2處營運據點位處淹水高風險處，惟前述2處營運據點皆位於防洪設施較為完善都會區(台北市及新北市)且非公司資產，其中1處位於較高樓層，因此對公司財務影響較小並未對本公司造成顯著影響。元富證券營運據點災害潛勢分析
40.00 % 18 1
28.89 % 13 2
15.56 % 7 3
11.11 % 5 4
4.44 % 2 5"
S-2-2_29,Q29,0.8474206533704376,"經問卷調查結果分析得出集團十二項氣候風險議題（四項實體風險與八項轉型風險)及四項氣候機會議題，並根據風險議題依序進行商業活動連結，依「發生可能性」與「影響程度」進行量化並排序，針對重大項目分析各氣候風險因子對集團各類業務之影響層面與衝擊程度，相關質量化說明如下：短期
2023-2025中期
2025-2028長期
2028-2031
 低 高高
影響程度發
生可能性21
3
64
57
98
10
11
12
1全球暖化影響，使我國用電需求迅速增
加，造成無預警斷電
2若未採取積極永續作為，恐使新光集團
喪失投資人青睞
3因應政策加嚴或全球零碳排趨勢，高碳
排放產業投資效益受影響"
S-2-2_29,Q29,0.8426976720766854,"(每年)屬高氣候變遷風險產業之債券、證券投資標的以及企業長期融資放款。
資產負債表
綜合損益表現金流量表股票投資
氣候情境 受氣候情境之財務影響
Current
Policies財務影響指標：稅息折舊及攤銷前利潤率(EBITDA 
Margin)
與2022年相比，投資標的平均稅息折舊及攤銷前利
潤率最大降幅3.42%。
財務影響指標：稅息折舊及攤銷前利潤率(EBITDA Margin)
與2022年相比，投資標的平均稅息折舊及攤銷前利
潤率最大降幅15.47%。Net Zero 
2050債券投資
氣候情境受氣候情境之評級變化
短期 中期 長期"
S-2-2_30,Q30,0.8462579304260304,"附錄 氣候治理與策略 目錄 導言 氣候相關風險與機會 實踐低碳金融 情境分析與財務衝擊 結語
30為降低氣候因子對元富投資收益之衝擊，定
期藉由使用氣候相關情境來評估轉型風險，以反應未來氣候變遷對被投資公司營運曝險情況，並進行潛在損失分析，進而可展開相關氣候風險管理作為或因應措施。本公司轉型風險情境分析流程如下：元富證券-轉型風險情境分析"
S-2-2_30,Q30,0.8441737545542063,"附錄 氣候治理與策略 目錄 導言 氣候相關風險與機會 實踐低碳金融 情境分析與財務衝擊 結語
27以2022年底本公司長期持有之自有部位43個投資標的(含FVOCI國內上市櫃股票
及未上市櫃)、國內公司債部位26個投資標的及承銷輔導公司34個投資標的進行實體風險情境分析，結果顯示僅FVOCI國內上市櫃股票有1個投資標的位處淹水高風險處，其餘投資標的皆無位處淹水高風險處，預估最大可能損失金額約為 2022年底淨值之0.57%，財務衝擊甚微並未對 本公司造成顯著影響。元富證券投資部位災害潛勢分析"
S-2-2_30,Q30,0.8426035425401577,"經問卷調查結果分析得出集團十二項氣候風險議題（四項實體風險與八項轉型風險)及四項氣候機會議題，並根據風險議題依序進行商業活動連結，依「發生可能性」與「影響程度」進行量化並排序，針對重大項目分析各氣候風險因子對集團各類業務之影響層面與衝擊程度，相關質量化說明如下：短期
2023-2025中期
2025-2028長期
2028-2031
 低 高高
影響程度發
生可能性21
3
64
57
98
10
11
12
1全球暖化影響，使我國用電需求迅速增
加，造成無預警斷電
2若未採取積極永續作為，恐使新光集團
喪失投資人青睞
3因應政策加嚴或全球零碳排趨勢，高碳
排放產業投資效益受影響"
S-2-2_30,Q30,0.8416479759485979,"附錄 氣候治理與策略 目錄 導言 氣候相關風險與機會 實踐低碳金融 情境分析與財務衝擊 結語
26
營運據點因應措施以2022年底本公司全台45個營運據點做為實體風險情境分析評估範圍，結果顯
示共2處營運據點位處淹水高風險處，惟前述2處營運據點皆位於防洪設施較為完善都會區(台北市及新北市)且非公司資產，其中1處位於較高樓層，因此對公司財務影響較小並未對本公司造成顯著影響。元富證券營運據點災害潛勢分析
40.00 % 18 1
28.89 % 13 2
15.56 % 7 3
11.11 % 5 4
4.44 % 2 5"
S-2-2_31,Q31,0.8563375883529025,"附錄 氣候治理與策略 目錄 導言 氣候相關風險與機會 實踐低碳金融 情境分析與財務衝擊 結語
08氣候相關風險與機會03
國際清算銀行（Bank for International Settlements, 
BIS）的《綠天鵝報告》（The Green Swan）指出，氣候衝擊將造成下一個系統性金融風險。國際貨幣基金組織（International Monetary Fund, IMF）甚至表示，氣候變遷對金融體系的穩定性構成嚴重風險，氣候危機絕對會引發金融危機。因此，預測氣候變遷對金融業整體的衝擊與風險，並有效洞察可能的各項金融風險，對於金控集團調整風險控管與營運的策略相當重要。"
S-2-2_31,Q31,0.8520045228042457,"附錄 氣候治理與策略 目錄 導言 氣候相關風險與機會 實踐低碳金融 情境分析與財務衝擊 結語
30為降低氣候因子對元富投資收益之衝擊，定
期藉由使用氣候相關情境來評估轉型風險，以反應未來氣候變遷對被投資公司營運曝險情況，並進行潛在損失分析，進而可展開相關氣候風險管理作為或因應措施。本公司轉型風險情境分析流程如下：元富證券-轉型風險情境分析"
S-2-2_31,Q31,0.8515701265101685,"附錄 氣候治理與策略 目錄 導言 氣候相關風險與機會 實踐低碳金融 情境分析與財務衝擊 結語
10氣候相關風險說明
實體風險
發生時間 / 風險事件描述 財務衝擊 / 因應策略
短期
立即性風險：
因氣候變遷導致極端氣候事件遽增，恐對上游供應商、公司營運據點以及投融資標的據
點帶來災害衝擊，造成房舍、設備、營運資產及擔保品損害，甚至導致營運中斷。營收獲利減少 / 營運成本增加 / 資產價值降低
針對極端氣候事件導致設備受損，部份設備改轉租賃模式以轉嫁財損風險。"
S-2-2_31,Q31,0.8514592486884485,"附錄 氣候治理與策略 目錄 導言 氣候相關風險與機會 實踐低碳金融 情境分析與財務衝擊 結語
062-2相關辦法運作情形
新光金控已將氣候風險管理與執行方針納入「永續金融政策」及「風險管理政策」，持續精進金融業各項風險管理面向與氣候變遷風險相互之影響，更新修訂集
團永續金融政策及各項風險管理辦法，並訂定權責單位、風險辨識、風險衡量及監督控管機制，以強化氣候相關風險管理。
對於高碳排之產業，如煤炭及非典型石油與天然氣等，應審慎檢視交易對手因氣候變遷所產生負
面影響，針對上述產業經檢視凡列入排除名單者，於未進行任何改善前，皆不得再新增交易往來，並確立2045年零煤投融資目標。"
S-2-2_31,Q31,0.8494808274260787,"附錄 氣候治理與策略 目錄 導言 氣候相關風險與機會 實踐低碳金融 情境分析與財務衝擊 結語
26
營運據點因應措施以2022年底本公司全台45個營運據點做為實體風險情境分析評估範圍，結果顯
示共2處營運據點位處淹水高風險處，惟前述2處營運據點皆位於防洪設施較為完善都會區(台北市及新北市)且非公司資產，其中1處位於較高樓層，因此對公司財務影響較小並未對本公司造成顯著影響。元富證券營運據點災害潛勢分析
40.00 % 18 1
28.89 % 13 2
15.56 % 7 3
11.11 % 5 4
4.44 % 2 5"
S-2-2_31,Q31,0.8485534447545771,"經問卷調查結果分析得出集團十二項氣候風險議題（四項實體風險與八項轉型風險)及四項氣候機會議題，並根據風險議題依序進行商業活動連結，依「發生可能性」與「影響程度」進行量化並排序，針對重大項目分析各氣候風險因子對集團各類業務之影響層面與衝擊程度，相關質量化說明如下：短期
2023-2025中期
2025-2028長期
2028-2031
 低 高高
影響程度發
生可能性21
3
64
57
98
10
11
12
1全球暖化影響，使我國用電需求迅速增
加，造成無預警斷電
2若未採取積極永續作為，恐使新光集團
喪失投資人青睞
3因應政策加嚴或全球零碳排趨勢，高碳
排放產業投資效益受影響"
S-2-2_31,Q31,0.8431200046745365,"附錄 氣候治理與策略 目錄 導言 氣候相關風險與機會 實踐低碳金融 情境分析與財務衝擊 結語
27以2022年底本公司長期持有之自有部位43個投資標的(含FVOCI國內上市櫃股票
及未上市櫃)、國內公司債部位26個投資標的及承銷輔導公司34個投資標的進行實體風險情境分析，結果顯示僅FVOCI國內上市櫃股票有1個投資標的位處淹水高風險處，其餘投資標的皆無位處淹水高風險處，預估最大可能損失金額約為 2022年底淨值之0.57%，財務衝擊甚微並未對 本公司造成顯著影響。元富證券投資部位災害潛勢分析"
S-2-2_31,Q31,0.8419235242128588,"附錄 氣候治理與策略 目錄 導言 氣候相關風險與機會 實踐低碳金融 情境分析與財務衝擊 結語
072-3去碳化政策 
我們承諾於2045年前全面退出煤炭註1及非典型石油與天然氣註2相關事業之業務，範圍包
括：上市櫃股權與債權、專案融資、信用額度與貸款、固定收益商品承銷業務，以及所有
主動、被動與委由第三方管理之投資部位。我們的階段性承諾為：
上述相關產業之排除對象為，若有具體減碳行動或明確轉型計畫包括通過科學減碳目標
(SBT)、使用碳捕捉技術移除碳排量、或其他經第三方機構認可之減碳行動，可進行個案評估，並授權各單位主管同意後維持業務往來。
註1："
S-2-2_31,Q31,0.8415709169900059,"(每年)屬高氣候變遷風險產業之債券、證券投資標的以及企業長期融資放款。
資產負債表
綜合損益表現金流量表股票投資
氣候情境 受氣候情境之財務影響
Current
Policies財務影響指標：稅息折舊及攤銷前利潤率(EBITDA 
Margin)
與2022年相比，投資標的平均稅息折舊及攤銷前利
潤率最大降幅3.42%。
財務影響指標：稅息折舊及攤銷前利潤率(EBITDA Margin)
與2022年相比，投資標的平均稅息折舊及攤銷前利
潤率最大降幅15.47%。Net Zero 
2050債券投資
氣候情境受氣候情境之評級變化
短期 中期 長期"
S-2-3_32,Q32,0.8798229608447946,"經問卷調查結果分析得出集團十二項氣候風險議題（四項實體風險與八項轉型風險)及四項氣候機會議題，並根據風險議題依序進行商業活動連結，依「發生可能性」與「影響程度」進行量化並排序，針對重大項目分析各氣候風險因子對集團各類業務之影響層面與衝擊程度，相關質量化說明如下：短期
2023-2025中期
2025-2028長期
2028-2031
 低 高高
影響程度發
生可能性21
3
64
57
98
10
11
12
1全球暖化影響，使我國用電需求迅速增
加，造成無預警斷電
2若未採取積極永續作為，恐使新光集團
喪失投資人青睞
3因應政策加嚴或全球零碳排趨勢，高碳
排放產業投資效益受影響"
S-2-3_32,Q32,0.877948922299182,"附錄 氣候治理與策略 目錄 導言 氣候相關風險與機會 實踐低碳金融 情境分析與財務衝擊 結語
10氣候相關風險說明
實體風險
發生時間 / 風險事件描述 財務衝擊 / 因應策略
短期
立即性風險：
因氣候變遷導致極端氣候事件遽增，恐對上游供應商、公司營運據點以及投融資標的據
點帶來災害衝擊，造成房舍、設備、營運資產及擔保品損害，甚至導致營運中斷。營收獲利減少 / 營運成本增加 / 資產價值降低
針對極端氣候事件導致設備受損，部份設備改轉租賃模式以轉嫁財損風險。"
S-2-3_32,Q32,0.8732049553700447,"附錄 氣候治理與策略 目錄 導言 氣候相關風險與機會 實踐低碳金融 情境分析與財務衝擊 結語
30為降低氣候因子對元富投資收益之衝擊，定
期藉由使用氣候相關情境來評估轉型風險，以反應未來氣候變遷對被投資公司營運曝險情況，並進行潛在損失分析，進而可展開相關氣候風險管理作為或因應措施。本公司轉型風險情境分析流程如下：元富證券-轉型風險情境分析"
S-2-3_32,Q32,0.8729562909182785,"附錄 氣候治理與策略 目錄 導言 氣候相關風險與機會 實踐低碳金融 情境分析與財務衝擊 結語
08氣候相關風險與機會03
國際清算銀行（Bank for International Settlements, 
BIS）的《綠天鵝報告》（The Green Swan）指出，氣候衝擊將造成下一個系統性金融風險。國際貨幣基金組織（International Monetary Fund, IMF）甚至表示，氣候變遷對金融體系的穩定性構成嚴重風險，氣候危機絕對會引發金融危機。因此，預測氣候變遷對金融業整體的衝擊與風險，並有效洞察可能的各項金融風險，對於金控集團調整風險控管與營運的策略相當重要。"
S-2-3_32,Q32,0.8649063692932433,"根據國際金融穩定委員會(Financial Stability Board, 
FSB)定義，將氣候相關風險區分為氣候變遷影響之「實體風險」與低碳經濟影響之「轉型風險」，並列出為減緩與適應氣候變遷可能帶來的氣候相關「機會」。3-1氣候相關風險傳導路徑
新光金控定期考量氣候相關風險因子，包括立即性極端天氣事件或長期性氣候模式變化、政策和法規變動、技術創新、市場結構改變、名譽傷害等建立集團氣候風險及機會議題庫，並採用內部專家法，依集團「發生可能性」和「影響程度」進行重大性排序，並製作氣候風險矩陣圖進行公司各項業務之財務影響評估，以擬定氣候因應管理對策。
實體風險"
S-2-3_32,Q32,0.8617745212740957,"附錄 氣候治理與策略 目錄 導言 氣候相關風險與機會 實踐低碳金融 情境分析與財務衝擊 結語
062-2相關辦法運作情形
新光金控已將氣候風險管理與執行方針納入「永續金融政策」及「風險管理政策」，持續精進金融業各項風險管理面向與氣候變遷風險相互之影響，更新修訂集
團永續金融政策及各項風險管理辦法，並訂定權責單位、風險辨識、風險衡量及監督控管機制，以強化氣候相關風險管理。
對於高碳排之產業，如煤炭及非典型石油與天然氣等，應審慎檢視交易對手因氣候變遷所產生負
面影響，針對上述產業經檢視凡列入排除名單者，於未進行任何改善前，皆不得再新增交易往來，並確立2045年零煤投融資目標。"
S-2-3_32,Q32,0.8566626880688913,"CO 2
氣候風險類型 金融風險關聯 管理 衝擊因子受到衝擊之
資產類別氣候相關風險傳導路徑
實體風險轉型風險總體衝擊：總體經濟影響
投資融資營運不動產
社會經濟變化投資偏好轉變國際規範修訂勞動力市場變動信用風險管理
市場風險管理
品牌名譽處理建立集團氣候風
險與機會之影響時序共識
蒐研國內外氣候
相關風險與機會文獻報告，建立氣候風險議題庫
製作氣候風險與
機會問卷，進行重大性排序個體衝擊：企業與家戶個人影響
低碳政策影響資產估值
因轉型而產生擱淺資
產及資本支出增加
供給需求變化影響收
入成本或投資收益
企業資產損失及業務
中斷企業及個人授信違約率上升
擔保品價值減損
資產/投資標的重訂價"
S-2-3_32,Q32,0.8555679131421088,"附錄 氣候治理與策略 目錄 導言 氣候相關風險與機會 實踐低碳金融 情境分析與財務衝擊 結語
093-2辨識集團氣候相關風險與機會來源
為擬定集團氣候策略，新光金控已與子公司達成短、中、長期影響
時序之充分共識，並蒐研國內外氣候相關文獻與報告，建立氣候風險議題庫，依照新光金控集團業務型態製作氣候風險與機會問卷，透過內部專家法調查新光金控與永續發展、風險管理、能資源管   理、投資、客戶關係相關部門之意見。氣候風險矩陣"
S-2-3_32,Q32,0.8542134662674676,"40.00 % 18 1
28.89 % 13 2
15.56 % 7 3
11.11 % 5 4
4.44 % 2 5
100 % 45 共計未來選擇營運據點前，將參考氣候實體風險對資產之安全性及潛在影響，並定期使用氣候相關情境來評估實體風險，以反應未來氣候變遷環境預期對公司營運曝顯情況，進而做為氣候相關風險管理作為或因應措施之參考。
為加強公司營運韌性及維持營運不中斷，本公司已於2023年啟動ISO 22301營運持續管理標準導入專案，以期降低營運中斷的可能性或損害程度，強化對重大事件的因應能力及快速恢復能力，以增加氣候營運韌性。"
S-2-3_32,Q32,0.851755119564995,"人壽、銀行、證券、投信、創投、保代等子公司
就其產業性質及業務範圍，辨識各自之氣候風險與機會，負責第一線氣候風險控
管，並將氣候議題納入相關之營運活動，定期報告氣候指標及目標達成情形以及績效提升計畫。定期檢視 督導改善組織 主席/召集人 開會頻率 氣候治理角色
推動及落實執行氣候風險管理之"
S-2-3_32,Q32,0.8517127893643827,"定期使用氣候相關情境來評估自有部位之實體風險，以反應未來氣候變遷環境預期對投資標的公司營運曝顯情況，並可進行潛在損失分析，進而做為氣候相關風險管理作為或因應措施之參考。投資部位因應措施
27.39 % 19 1
30.49 % 11 2
27.59 % 4 3
6.05 % 1 4
8.48 % 1 5
100 % 36 共計
上市櫃股票實體風險分析
市值占比 風險等級 標的數 
25.16 % 14 1
48.33 % 9 2
5.50 % 1 3
21.01 % 2 4
0.00 % 0 5
100 % 26 共計
國內公司債實體風險分析
市值占比 風險等級 標的數"
S-2-3_32,Q32,0.8512343166472156,"附錄 氣候治理與策略 目錄 導言 氣候相關風險與機會 實踐低碳金融 情境分析與財務衝擊 結語
26
營運據點因應措施以2022年底本公司全台45個營運據點做為實體風險情境分析評估範圍，結果顯
示共2處營運據點位處淹水高風險處，惟前述2處營運據點皆位於防洪設施較為完善都會區(台北市及新北市)且非公司資產，其中1處位於較高樓層，因此對公司財務影響較小並未對本公司造成顯著影響。元富證券營運據點災害潛勢分析
40.00 % 18 1
28.89 % 13 2
15.56 % 7 3
11.11 % 5 4
4.44 % 2 5"
S-2-3_32,Q32,0.8508899395954754,"附錄 氣候治理與策略 目錄 導言 氣候相關風險與機會 實踐低碳金融 情境分析與財務衝擊 結語
20參考政府間氣候變遷專門委員會（IPCC）以危害度、曝露度、脆弱度等三因子交集定義氣
候變遷實體風險衝擊，並依國家災害防救科技中心（National Science and Technology Center for Disaster Reduction , NCDR）於氣候變遷災害風險調適平台發布全台鄉鎮區域RCP8.5情境 淹水潛勢地圖，進行淹水潛勢實體風險情境分析，了解於本世紀末(2075年-2099年)氣候變遷衝擊可能損害程度。模型方法二"
S-2-3_32,Q32,0.8485078418644882,"附錄 氣候治理與策略 目錄 導言 氣候相關風險與機會 實踐低碳金融 情境分析與財務衝擊 結語
23營運中斷可能性（FP%）為考量各類氣候災
害在該年度對建築物停止運作的可能機率，並以生產力損失（Productivity Loss）為核心概念來評估，背後所考量的氣候風險因子為「熱相關工時損失」和「熱相關的超額死亡率」。
依分析結果，「極端高溫」在RCP2.6和8.5"
S-2-3_32,Q32,0.8469590402196223,"附錄 氣候治理與策略 目錄 導言 氣候相關風險與機會 實踐低碳金融 情境分析與財務衝擊 結語
29透過前述情境分析之模擬情境參數，新光人壽將既有風險部位依據信用風險、
市場風險區分後，透過壓力測試試算該風險部位信用風險預期信用損失及市場風險限額之影響，結果如下。氣候風險之壓力測試
新光銀行鑑別出2022年底共有35戶授信對象屬於國內環保署納管之碳排大戶，我們使用全球變化分析模型（GCAM5.3）估算授信對象在各個時間點之碳排放量，並在各情境下估算碳費價格，將計算後之碳價成本輸入銀行內部之信用評等模型，觀察其信用評等變化，計算其預期信用風險損失率及其損失金額，主要情境說明臚列如下："
S-2-3_32,Q32,0.8453463455533318,"附錄 氣候治理與策略 目錄 導言 氣候相關風險與機會 實踐低碳金融 情境分析與財務衝擊 結語
27以2022年底本公司長期持有之自有部位43個投資標的(含FVOCI國內上市櫃股票
及未上市櫃)、國內公司債部位26個投資標的及承銷輔導公司34個投資標的進行實體風險情境分析，結果顯示僅FVOCI國內上市櫃股票有1個投資標的位處淹水高風險處，其餘投資標的皆無位處淹水高風險處，預估最大可能損失金額約為 2022年底淨值之0.57%，財務衝擊甚微並未對 本公司造成顯著影響。元富證券投資部位災害潛勢分析"
S-2-3_32,Q32,0.8451088776561908,"附錄 氣候治理與策略 目錄 導言 氣候相關風險與機會 實踐低碳金融 情境分析與財務衝擊 結語
12氣候相關機會說明
資源效率
財務效益 / 因應策略
營運成本減少 / 營收增加
盤點內部作業流程節點以進
行無紙優化，自有營運據點設備更新，使營運活動能資源使用效率提升。
未來新建案皆取得銀級以上
綠建築證書為目標，提升建築物環境永續效能。持續活化舊建築物與設備，導入各項節能措施，改善既有建築物能源效率。發生時間 / 機會描述
短期
成本優化機會：
提高產品服務數位化
比重、推行內部文書流程無紙化，盤點內部營運據點設備，提高節能設備使用可望帶來營運成本減少效益。
打造永續綠建築以達成"
S-2-3_32,Q32,0.8448950666936951,"附錄 氣候治理與策略 目錄 導言 氣候相關風險與機會 實踐低碳金融 情境分析與財務衝擊 結語
195-2實體風險情境分析
台灣為島嶼國家、地形複雜，且地處副熱
帶季風區，不同地區經常發生不同的天氣變化，災害性天氣現象也不時出現。每逢颱風季，台灣便遭逢颱風帶來的豪雨侵襲，造成低窪地區及市區淹水，甚至河水暴漲沖毀堤防橋樑等，為瞭解不同氣候情境下潛在營運衝擊，我們運用RCP2.6及RCP8.5兩種情境，透過國際氣候模型進行情境分析。模型方法一營運據點、投資用不動產、國內授信戶、投資對象、不動產擔保品及承銷對象-災害風險分析
使用氣候模型 
全球氣候模型
選用IPCC的CMIP5和CMIP6
模型"
S-2-3_32,Q32,0.8424879337383485,"附錄 氣候治理與策略 目錄 導言 氣候相關風險與機會 實踐低碳金融 情境分析與財務衝擊 結語
25新光銀行執行由金融監督管理委員會規劃辦理之氣候變遷情境分析，進行國內授信戶和投資
對象登記地、及國內擔保品座落地之實體風險評估，各情境_年度組合下之分析結果如下：
綜上可知，新光銀行授信戶和投資對象，或徵提之不動產擔保品，在不同情境_年度下，面
臨之實體風險對營業額損失或擔保品價值減損之衝擊有限，對新光銀行之財務衝擊可控。新光銀行國內授信戶和投資對象登記地，以及國內擔保品座落分析結果
註1：含風險移入國別為台灣之OBU授信戶。"
S-2-3_32,Q32,0.8424115425717664,"附錄 氣候治理與策略 目錄 導言 氣候相關風險與機會 實踐低碳金融 情境分析與財務衝擊 結語
02導言01
1-1新光金控的氣候理念  
根據世界經濟論壇（World Economic Forum, WEF）於2023年1月發
表之《2023年全球風險報告》（Global Risk Report 2023, GRR 2023）顯示，未來十年全球10大風險前三名為「氣候變遷減緩失敗」、「氣候變遷調適失敗」及「自然災害及極端天氣事件」，顯見氣候變遷對於地球的影響已成為全球共同的風險，並與資本市場的資金流向產生鍵結。
國家發展委員會於2022年公布「2050淨零碳排路徑」，以「能源"
S-2-3_32,Q32,0.8423288083081395,"附錄 氣候治理與策略 目錄 導言 氣候相關風險與機會 實踐低碳金融 情境分析與財務衝擊 結語
072-3去碳化政策 
我們承諾於2045年前全面退出煤炭註1及非典型石油與天然氣註2相關事業之業務，範圍包
括：上市櫃股權與債權、專案融資、信用額度與貸款、固定收益商品承銷業務，以及所有
主動、被動與委由第三方管理之投資部位。我們的階段性承諾為：
上述相關產業之排除對象為，若有具體減碳行動或明確轉型計畫包括通過科學減碳目標
(SBT)、使用碳捕捉技術移除碳排量、或其他經第三方機構認可之減碳行動，可進行個案評估，並授權各單位主管同意後維持業務往來。
註1："
S-2-3_32,Q32,0.8419747958540722,"附錄 氣候治理與策略 目錄 導言 氣候相關風險與機會 實踐低碳金融 情境分析與財務衝擊 結語
11轉型風險 中長期
發生時間 / 風險事件描述 財務衝擊 / 因應策略
中期
名譽風險：
全球積極朝向永續發展為目
標，若公司未採取積極永續作為，恐影響公司商譽，使新光集團喪失投資人、客戶及消費者等利害關係人青睞。營收獲利減少 / 投資人資金挹注減少
公司依循全球永續趨勢積極投入永續行動，於既有風險政策中納入氣候風險管理，透過修正投資、融資及不動產等相關規範，積極響應永續金融。
積極參與國際永續相關倡議及聯盟及國際/
國內永續評比，藉以提升利害關係人對公司信任，並掌握國內外永續及氣候變遷資訊。
長期"
S-2-4_33,Q33,0.8736138449753212,"附錄 氣候治理與策略 目錄 導言 氣候相關風險與機會 實踐低碳金融 情境分析與財務衝擊 結語
10氣候相關風險說明
實體風險
發生時間 / 風險事件描述 財務衝擊 / 因應策略
短期
立即性風險：
因氣候變遷導致極端氣候事件遽增，恐對上游供應商、公司營運據點以及投融資標的據
點帶來災害衝擊，造成房舍、設備、營運資產及擔保品損害，甚至導致營運中斷。營收獲利減少 / 營運成本增加 / 資產價值降低
針對極端氣候事件導致設備受損，部份設備改轉租賃模式以轉嫁財損風險。"
S-2-4_33,Q33,0.871463976379629,"經問卷調查結果分析得出集團十二項氣候風險議題（四項實體風險與八項轉型風險)及四項氣候機會議題，並根據風險議題依序進行商業活動連結，依「發生可能性」與「影響程度」進行量化並排序，針對重大項目分析各氣候風險因子對集團各類業務之影響層面與衝擊程度，相關質量化說明如下：短期
2023-2025中期
2025-2028長期
2028-2031
 低 高高
影響程度發
生可能性21
3
64
57
98
10
11
12
1全球暖化影響，使我國用電需求迅速增
加，造成無預警斷電
2若未採取積極永續作為，恐使新光集團
喪失投資人青睞
3因應政策加嚴或全球零碳排趨勢，高碳
排放產業投資效益受影響"
S-2-4_33,Q33,0.8710351111226065,"附錄 氣候治理與策略 目錄 導言 氣候相關風險與機會 實踐低碳金融 情境分析與財務衝擊 結語
08氣候相關風險與機會03
國際清算銀行（Bank for International Settlements, 
BIS）的《綠天鵝報告》（The Green Swan）指出，氣候衝擊將造成下一個系統性金融風險。國際貨幣基金組織（International Monetary Fund, IMF）甚至表示，氣候變遷對金融體系的穩定性構成嚴重風險，氣候危機絕對會引發金融危機。因此，預測氣候變遷對金融業整體的衝擊與風險，並有效洞察可能的各項金融風險，對於金控集團調整風險控管與營運的策略相當重要。"
S-2-4_33,Q33,0.8672729074634444,"附錄 氣候治理與策略 目錄 導言 氣候相關風險與機會 實踐低碳金融 情境分析與財務衝擊 結語
30為降低氣候因子對元富投資收益之衝擊，定
期藉由使用氣候相關情境來評估轉型風險，以反應未來氣候變遷對被投資公司營運曝險情況，並進行潛在損失分析，進而可展開相關氣候風險管理作為或因應措施。本公司轉型風險情境分析流程如下：元富證券-轉型風險情境分析"
S-2-4_33,Q33,0.8584632751942616,"根據國際金融穩定委員會(Financial Stability Board, 
FSB)定義，將氣候相關風險區分為氣候變遷影響之「實體風險」與低碳經濟影響之「轉型風險」，並列出為減緩與適應氣候變遷可能帶來的氣候相關「機會」。3-1氣候相關風險傳導路徑
新光金控定期考量氣候相關風險因子，包括立即性極端天氣事件或長期性氣候模式變化、政策和法規變動、技術創新、市場結構改變、名譽傷害等建立集團氣候風險及機會議題庫，並採用內部專家法，依集團「發生可能性」和「影響程度」進行重大性排序，並製作氣候風險矩陣圖進行公司各項業務之財務影響評估，以擬定氣候因應管理對策。
實體風險"
S-2-4_33,Q33,0.8562752953108035,"CO 2
氣候風險類型 金融風險關聯 管理 衝擊因子受到衝擊之
資產類別氣候相關風險傳導路徑
實體風險轉型風險總體衝擊：總體經濟影響
投資融資營運不動產
社會經濟變化投資偏好轉變國際規範修訂勞動力市場變動信用風險管理
市場風險管理
品牌名譽處理建立集團氣候風
險與機會之影響時序共識
蒐研國內外氣候
相關風險與機會文獻報告，建立氣候風險議題庫
製作氣候風險與
機會問卷，進行重大性排序個體衝擊：企業與家戶個人影響
低碳政策影響資產估值
因轉型而產生擱淺資
產及資本支出增加
供給需求變化影響收
入成本或投資收益
企業資產損失及業務
中斷企業及個人授信違約率上升
擔保品價值減損
資產/投資標的重訂價"
S-2-4_33,Q33,0.8544315708859823,"附錄 氣候治理與策略 目錄 導言 氣候相關風險與機會 實踐低碳金融 情境分析與財務衝擊 結語
062-2相關辦法運作情形
新光金控已將氣候風險管理與執行方針納入「永續金融政策」及「風險管理政策」，持續精進金融業各項風險管理面向與氣候變遷風險相互之影響，更新修訂集
團永續金融政策及各項風險管理辦法，並訂定權責單位、風險辨識、風險衡量及監督控管機制，以強化氣候相關風險管理。
對於高碳排之產業，如煤炭及非典型石油與天然氣等，應審慎檢視交易對手因氣候變遷所產生負
面影響，針對上述產業經檢視凡列入排除名單者，於未進行任何改善前，皆不得再新增交易往來，並確立2045年零煤投融資目標。"
S-2-4_33,Q33,0.850516807225323,"附錄 氣候治理與策略 目錄 導言 氣候相關風險與機會 實踐低碳金融 情境分析與財務衝擊 結語
26
營運據點因應措施以2022年底本公司全台45個營運據點做為實體風險情境分析評估範圍，結果顯
示共2處營運據點位處淹水高風險處，惟前述2處營運據點皆位於防洪設施較為完善都會區(台北市及新北市)且非公司資產，其中1處位於較高樓層，因此對公司財務影響較小並未對本公司造成顯著影響。元富證券營運據點災害潛勢分析
40.00 % 18 1
28.89 % 13 2
15.56 % 7 3
11.11 % 5 4
4.44 % 2 5"
S-2-4_33,Q33,0.8499195189452242,"附錄 氣候治理與策略 目錄 導言 氣候相關風險與機會 實踐低碳金融 情境分析與財務衝擊 結語
12氣候相關機會說明
資源效率
財務效益 / 因應策略
營運成本減少 / 營收增加
盤點內部作業流程節點以進
行無紙優化，自有營運據點設備更新，使營運活動能資源使用效率提升。
未來新建案皆取得銀級以上
綠建築證書為目標，提升建築物環境永續效能。持續活化舊建築物與設備，導入各項節能措施，改善既有建築物能源效率。發生時間 / 機會描述
短期
成本優化機會：
提高產品服務數位化
比重、推行內部文書流程無紙化，盤點內部營運據點設備，提高節能設備使用可望帶來營運成本減少效益。
打造永續綠建築以達成"
S-2-4_33,Q33,0.8498221075989907,"40.00 % 18 1
28.89 % 13 2
15.56 % 7 3
11.11 % 5 4
4.44 % 2 5
100 % 45 共計未來選擇營運據點前，將參考氣候實體風險對資產之安全性及潛在影響，並定期使用氣候相關情境來評估實體風險，以反應未來氣候變遷環境預期對公司營運曝顯情況，進而做為氣候相關風險管理作為或因應措施之參考。
為加強公司營運韌性及維持營運不中斷，本公司已於2023年啟動ISO 22301營運持續管理標準導入專案，以期降低營運中斷的可能性或損害程度，強化對重大事件的因應能力及快速恢復能力，以增加氣候營運韌性。"
S-2-4_33,Q33,0.8496427586956875,"定期使用氣候相關情境來評估自有部位之實體風險，以反應未來氣候變遷環境預期對投資標的公司營運曝顯情況，並可進行潛在損失分析，進而做為氣候相關風險管理作為或因應措施之參考。投資部位因應措施
27.39 % 19 1
30.49 % 11 2
27.59 % 4 3
6.05 % 1 4
8.48 % 1 5
100 % 36 共計
上市櫃股票實體風險分析
市值占比 風險等級 標的數 
25.16 % 14 1
48.33 % 9 2
5.50 % 1 3
21.01 % 2 4
0.00 % 0 5
100 % 26 共計
國內公司債實體風險分析
市值占比 風險等級 標的數"
S-2-4_33,Q33,0.8477746868979291,"附錄 氣候治理與策略 目錄 導言 氣候相關風險與機會 實踐低碳金融 情境分析與財務衝擊 結語
093-2辨識集團氣候相關風險與機會來源
為擬定集團氣候策略，新光金控已與子公司達成短、中、長期影響
時序之充分共識，並蒐研國內外氣候相關文獻與報告，建立氣候風險議題庫，依照新光金控集團業務型態製作氣候風險與機會問卷，透過內部專家法調查新光金控與永續發展、風險管理、能資源管   理、投資、客戶關係相關部門之意見。氣候風險矩陣"
S-2-4_33,Q33,0.8472092553150191,"人壽、銀行、證券、投信、創投、保代等子公司
就其產業性質及業務範圍，辨識各自之氣候風險與機會，負責第一線氣候風險控
管，並將氣候議題納入相關之營運活動，定期報告氣候指標及目標達成情形以及績效提升計畫。定期檢視 督導改善組織 主席/召集人 開會頻率 氣候治理角色
推動及落實執行氣候風險管理之"
S-2-4_33,Q33,0.845532064036223,"附錄 氣候治理與策略 目錄 導言 氣候相關風險與機會 實踐低碳金融 情境分析與財務衝擊 結語
25新光銀行執行由金融監督管理委員會規劃辦理之氣候變遷情境分析，進行國內授信戶和投資
對象登記地、及國內擔保品座落地之實體風險評估，各情境_年度組合下之分析結果如下：
綜上可知，新光銀行授信戶和投資對象，或徵提之不動產擔保品，在不同情境_年度下，面
臨之實體風險對營業額損失或擔保品價值減損之衝擊有限，對新光銀行之財務衝擊可控。新光銀行國內授信戶和投資對象登記地，以及國內擔保品座落分析結果
註1：含風險移入國別為台灣之OBU授信戶。"
S-2-4_33,Q33,0.8451012912234589,"附錄 氣候治理與策略 目錄 導言 氣候相關風險與機會 實踐低碳金融 情境分析與財務衝擊 結語
20參考政府間氣候變遷專門委員會（IPCC）以危害度、曝露度、脆弱度等三因子交集定義氣
候變遷實體風險衝擊，並依國家災害防救科技中心（National Science and Technology Center for Disaster Reduction , NCDR）於氣候變遷災害風險調適平台發布全台鄉鎮區域RCP8.5情境 淹水潛勢地圖，進行淹水潛勢實體風險情境分析，了解於本世紀末(2075年-2099年)氣候變遷衝擊可能損害程度。模型方法二"
S-2-4_33,Q33,0.8443212555716726,"附錄 氣候治理與策略 目錄 導言 氣候相關風險與機會 實踐低碳金融 情境分析與財務衝擊 結語
29透過前述情境分析之模擬情境參數，新光人壽將既有風險部位依據信用風險、
市場風險區分後，透過壓力測試試算該風險部位信用風險預期信用損失及市場風險限額之影響，結果如下。氣候風險之壓力測試
新光銀行鑑別出2022年底共有35戶授信對象屬於國內環保署納管之碳排大戶，我們使用全球變化分析模型（GCAM5.3）估算授信對象在各個時間點之碳排放量，並在各情境下估算碳費價格，將計算後之碳價成本輸入銀行內部之信用評等模型，觀察其信用評等變化，計算其預期信用風險損失率及其損失金額，主要情境說明臚列如下："
S-2-4_33,Q33,0.8427155477900754,"附錄 氣候治理與策略 目錄 導言 氣候相關風險與機會 實踐低碳金融 情境分析與財務衝擊 結語
23營運中斷可能性（FP%）為考量各類氣候災
害在該年度對建築物停止運作的可能機率，並以生產力損失（Productivity Loss）為核心概念來評估，背後所考量的氣候風險因子為「熱相關工時損失」和「熱相關的超額死亡率」。
依分析結果，「極端高溫」在RCP2.6和8.5"
S-2-4_33,Q33,0.8409846781534516,"附錄 氣候治理與策略 目錄 導言 氣候相關風險與機會 實踐低碳金融 情境分析與財務衝擊 結語
27以2022年底本公司長期持有之自有部位43個投資標的(含FVOCI國內上市櫃股票
及未上市櫃)、國內公司債部位26個投資標的及承銷輔導公司34個投資標的進行實體風險情境分析，結果顯示僅FVOCI國內上市櫃股票有1個投資標的位處淹水高風險處，其餘投資標的皆無位處淹水高風險處，預估最大可能損失金額約為 2022年底淨值之0.57%，財務衝擊甚微並未對 本公司造成顯著影響。元富證券投資部位災害潛勢分析"
S-2-4_34,Q34,0.8737944442211905,"附錄 氣候治理與策略 目錄 導言 氣候相關風險與機會 實踐低碳金融 情境分析與財務衝擊 結語
10氣候相關風險說明
實體風險
發生時間 / 風險事件描述 財務衝擊 / 因應策略
短期
立即性風險：
因氣候變遷導致極端氣候事件遽增，恐對上游供應商、公司營運據點以及投融資標的據
點帶來災害衝擊，造成房舍、設備、營運資產及擔保品損害，甚至導致營運中斷。營收獲利減少 / 營運成本增加 / 資產價值降低
針對極端氣候事件導致設備受損，部份設備改轉租賃模式以轉嫁財損風險。"
S-2-4_34,Q34,0.8703908860064054,"附錄 氣候治理與策略 目錄 導言 氣候相關風險與機會 實踐低碳金融 情境分析與財務衝擊 結語
08氣候相關風險與機會03
國際清算銀行（Bank for International Settlements, 
BIS）的《綠天鵝報告》（The Green Swan）指出，氣候衝擊將造成下一個系統性金融風險。國際貨幣基金組織（International Monetary Fund, IMF）甚至表示，氣候變遷對金融體系的穩定性構成嚴重風險，氣候危機絕對會引發金融危機。因此，預測氣候變遷對金融業整體的衝擊與風險，並有效洞察可能的各項金融風險，對於金控集團調整風險控管與營運的策略相當重要。"
S-2-4_34,Q34,0.8664593752937484,"經問卷調查結果分析得出集團十二項氣候風險議題（四項實體風險與八項轉型風險)及四項氣候機會議題，並根據風險議題依序進行商業活動連結，依「發生可能性」與「影響程度」進行量化並排序，針對重大項目分析各氣候風險因子對集團各類業務之影響層面與衝擊程度，相關質量化說明如下：短期
2023-2025中期
2025-2028長期
2028-2031
 低 高高
影響程度發
生可能性21
3
64
57
98
10
11
12
1全球暖化影響，使我國用電需求迅速增
加，造成無預警斷電
2若未採取積極永續作為，恐使新光集團
喪失投資人青睞
3因應政策加嚴或全球零碳排趨勢，高碳
排放產業投資效益受影響"
S-2-4_34,Q34,0.8641502155236804,"附錄 氣候治理與策略 目錄 導言 氣候相關風險與機會 實踐低碳金融 情境分析與財務衝擊 結語
30為降低氣候因子對元富投資收益之衝擊，定
期藉由使用氣候相關情境來評估轉型風險，以反應未來氣候變遷對被投資公司營運曝險情況，並進行潛在損失分析，進而可展開相關氣候風險管理作為或因應措施。本公司轉型風險情境分析流程如下：元富證券-轉型風險情境分析"
S-2-4_34,Q34,0.8597328857853795,"CO 2
氣候風險類型 金融風險關聯 管理 衝擊因子受到衝擊之
資產類別氣候相關風險傳導路徑
實體風險轉型風險總體衝擊：總體經濟影響
投資融資營運不動產
社會經濟變化投資偏好轉變國際規範修訂勞動力市場變動信用風險管理
市場風險管理
品牌名譽處理建立集團氣候風
險與機會之影響時序共識
蒐研國內外氣候
相關風險與機會文獻報告，建立氣候風險議題庫
製作氣候風險與
機會問卷，進行重大性排序個體衝擊：企業與家戶個人影響
低碳政策影響資產估值
因轉型而產生擱淺資
產及資本支出增加
供給需求變化影響收
入成本或投資收益
企業資產損失及業務
中斷企業及個人授信違約率上升
擔保品價值減損
資產/投資標的重訂價"
S-2-4_34,Q34,0.8588440192869969,"根據國際金融穩定委員會(Financial Stability Board, 
FSB)定義，將氣候相關風險區分為氣候變遷影響之「實體風險」與低碳經濟影響之「轉型風險」，並列出為減緩與適應氣候變遷可能帶來的氣候相關「機會」。3-1氣候相關風險傳導路徑
新光金控定期考量氣候相關風險因子，包括立即性極端天氣事件或長期性氣候模式變化、政策和法規變動、技術創新、市場結構改變、名譽傷害等建立集團氣候風險及機會議題庫，並採用內部專家法，依集團「發生可能性」和「影響程度」進行重大性排序，並製作氣候風險矩陣圖進行公司各項業務之財務影響評估，以擬定氣候因應管理對策。
實體風險"
S-2-4_34,Q34,0.8526212583753181,"附錄 氣候治理與策略 目錄 導言 氣候相關風險與機會 實踐低碳金融 情境分析與財務衝擊 結語
062-2相關辦法運作情形
新光金控已將氣候風險管理與執行方針納入「永續金融政策」及「風險管理政策」，持續精進金融業各項風險管理面向與氣候變遷風險相互之影響，更新修訂集
團永續金融政策及各項風險管理辦法，並訂定權責單位、風險辨識、風險衡量及監督控管機制，以強化氣候相關風險管理。
對於高碳排之產業，如煤炭及非典型石油與天然氣等，應審慎檢視交易對手因氣候變遷所產生負
面影響，針對上述產業經檢視凡列入排除名單者，於未進行任何改善前，皆不得再新增交易往來，並確立2045年零煤投融資目標。"
S-2-4_34,Q34,0.8489913505106053,"人壽、銀行、證券、投信、創投、保代等子公司
就其產業性質及業務範圍，辨識各自之氣候風險與機會，負責第一線氣候風險控
管，並將氣候議題納入相關之營運活動，定期報告氣候指標及目標達成情形以及績效提升計畫。定期檢視 督導改善組織 主席/召集人 開會頻率 氣候治理角色
推動及落實執行氣候風險管理之"
S-2-4_34,Q34,0.8473774991399216,"定期使用氣候相關情境來評估自有部位之實體風險，以反應未來氣候變遷環境預期對投資標的公司營運曝顯情況，並可進行潛在損失分析，進而做為氣候相關風險管理作為或因應措施之參考。投資部位因應措施
27.39 % 19 1
30.49 % 11 2
27.59 % 4 3
6.05 % 1 4
8.48 % 1 5
100 % 36 共計
上市櫃股票實體風險分析
市值占比 風險等級 標的數 
25.16 % 14 1
48.33 % 9 2
5.50 % 1 3
21.01 % 2 4
0.00 % 0 5
100 % 26 共計
國內公司債實體風險分析
市值占比 風險等級 標的數"
S-2-4_34,Q34,0.847043986637781,"40.00 % 18 1
28.89 % 13 2
15.56 % 7 3
11.11 % 5 4
4.44 % 2 5
100 % 45 共計未來選擇營運據點前，將參考氣候實體風險對資產之安全性及潛在影響，並定期使用氣候相關情境來評估實體風險，以反應未來氣候變遷環境預期對公司營運曝顯情況，進而做為氣候相關風險管理作為或因應措施之參考。
為加強公司營運韌性及維持營運不中斷，本公司已於2023年啟動ISO 22301營運持續管理標準導入專案，以期降低營運中斷的可能性或損害程度，強化對重大事件的因應能力及快速恢復能力，以增加氣候營運韌性。"
S-2-4_34,Q34,0.8468198819250896,"附錄 氣候治理與策略 目錄 導言 氣候相關風險與機會 實踐低碳金融 情境分析與財務衝擊 結語
26
營運據點因應措施以2022年底本公司全台45個營運據點做為實體風險情境分析評估範圍，結果顯
示共2處營運據點位處淹水高風險處，惟前述2處營運據點皆位於防洪設施較為完善都會區(台北市及新北市)且非公司資產，其中1處位於較高樓層，因此對公司財務影響較小並未對本公司造成顯著影響。元富證券營運據點災害潛勢分析
40.00 % 18 1
28.89 % 13 2
15.56 % 7 3
11.11 % 5 4
4.44 % 2 5"
S-2-4_34,Q34,0.8464693330429884,"附錄 氣候治理與策略 目錄 導言 氣候相關風險與機會 實踐低碳金融 情境分析與財務衝擊 結語
25新光銀行執行由金融監督管理委員會規劃辦理之氣候變遷情境分析，進行國內授信戶和投資
對象登記地、及國內擔保品座落地之實體風險評估，各情境_年度組合下之分析結果如下：
綜上可知，新光銀行授信戶和投資對象，或徵提之不動產擔保品，在不同情境_年度下，面
臨之實體風險對營業額損失或擔保品價值減損之衝擊有限，對新光銀行之財務衝擊可控。新光銀行國內授信戶和投資對象登記地，以及國內擔保品座落分析結果
註1：含風險移入國別為台灣之OBU授信戶。"
S-2-4_34,Q34,0.8447607025406423,"附錄 氣候治理與策略 目錄 導言 氣候相關風險與機會 實踐低碳金融 情境分析與財務衝擊 結語
093-2辨識集團氣候相關風險與機會來源
為擬定集團氣候策略，新光金控已與子公司達成短、中、長期影響
時序之充分共識，並蒐研國內外氣候相關文獻與報告，建立氣候風險議題庫，依照新光金控集團業務型態製作氣候風險與機會問卷，透過內部專家法調查新光金控與永續發展、風險管理、能資源管   理、投資、客戶關係相關部門之意見。氣候風險矩陣"
S-2-4_34,Q34,0.843581116434383,"附錄 氣候治理與策略 目錄 導言 氣候相關風險與機會 實踐低碳金融 情境分析與財務衝擊 結語
29透過前述情境分析之模擬情境參數，新光人壽將既有風險部位依據信用風險、
市場風險區分後，透過壓力測試試算該風險部位信用風險預期信用損失及市場風險限額之影響，結果如下。氣候風險之壓力測試
新光銀行鑑別出2022年底共有35戶授信對象屬於國內環保署納管之碳排大戶，我們使用全球變化分析模型（GCAM5.3）估算授信對象在各個時間點之碳排放量，並在各情境下估算碳費價格，將計算後之碳價成本輸入銀行內部之信用評等模型，觀察其信用評等變化，計算其預期信用風險損失率及其損失金額，主要情境說明臚列如下："
S-2-4_34,Q34,0.8425129162791472,"附錄 氣候治理與策略 目錄 導言 氣候相關風險與機會 實踐低碳金融 情境分析與財務衝擊 結語
12氣候相關機會說明
資源效率
財務效益 / 因應策略
營運成本減少 / 營收增加
盤點內部作業流程節點以進
行無紙優化，自有營運據點設備更新，使營運活動能資源使用效率提升。
未來新建案皆取得銀級以上
綠建築證書為目標，提升建築物環境永續效能。持續活化舊建築物與設備，導入各項節能措施，改善既有建築物能源效率。發生時間 / 機會描述
短期
成本優化機會：
提高產品服務數位化
比重、推行內部文書流程無紙化，盤點內部營運據點設備，提高節能設備使用可望帶來營運成本減少效益。
打造永續綠建築以達成"
S-2-4_34,Q34,0.842435186953781,"附錄 氣候治理與策略 目錄 導言 氣候相關風險與機會 實踐低碳金融 情境分析與財務衝擊 結語
20參考政府間氣候變遷專門委員會（IPCC）以危害度、曝露度、脆弱度等三因子交集定義氣
候變遷實體風險衝擊，並依國家災害防救科技中心（National Science and Technology Center for Disaster Reduction , NCDR）於氣候變遷災害風險調適平台發布全台鄉鎮區域RCP8.5情境 淹水潛勢地圖，進行淹水潛勢實體風險情境分析，了解於本世紀末(2075年-2099年)氣候變遷衝擊可能損害程度。模型方法二"
S-2-5_35,Q35,0.8674905822362645,"附錄 氣候治理與策略 目錄 導言 氣候相關風險與機會 實踐低碳金融 情境分析與財務衝擊 結語
10氣候相關風險說明
實體風險
發生時間 / 風險事件描述 財務衝擊 / 因應策略
短期
立即性風險：
因氣候變遷導致極端氣候事件遽增，恐對上游供應商、公司營運據點以及投融資標的據
點帶來災害衝擊，造成房舍、設備、營運資產及擔保品損害，甚至導致營運中斷。營收獲利減少 / 營運成本增加 / 資產價值降低
針對極端氣候事件導致設備受損，部份設備改轉租賃模式以轉嫁財損風險。"
S-2-5_35,Q35,0.866727066344158,"附錄 氣候治理與策略 目錄 導言 氣候相關風險與機會 實踐低碳金融 情境分析與財務衝擊 結語
30為降低氣候因子對元富投資收益之衝擊，定
期藉由使用氣候相關情境來評估轉型風險，以反應未來氣候變遷對被投資公司營運曝險情況，並進行潛在損失分析，進而可展開相關氣候風險管理作為或因應措施。本公司轉型風險情境分析流程如下：元富證券-轉型風險情境分析"
S-2-5_35,Q35,0.8636812552374408,"附錄 氣候治理與策略 目錄 導言 氣候相關風險與機會 實踐低碳金融 情境分析與財務衝擊 結語
08氣候相關風險與機會03
國際清算銀行（Bank for International Settlements, 
BIS）的《綠天鵝報告》（The Green Swan）指出，氣候衝擊將造成下一個系統性金融風險。國際貨幣基金組織（International Monetary Fund, IMF）甚至表示，氣候變遷對金融體系的穩定性構成嚴重風險，氣候危機絕對會引發金融危機。因此，預測氣候變遷對金融業整體的衝擊與風險，並有效洞察可能的各項金融風險，對於金控集團調整風險控管與營運的策略相當重要。"
S-2-5_35,Q35,0.8596514370006323,"經問卷調查結果分析得出集團十二項氣候風險議題（四項實體風險與八項轉型風險)及四項氣候機會議題，並根據風險議題依序進行商業活動連結，依「發生可能性」與「影響程度」進行量化並排序，針對重大項目分析各氣候風險因子對集團各類業務之影響層面與衝擊程度，相關質量化說明如下：短期
2023-2025中期
2025-2028長期
2028-2031
 低 高高
影響程度發
生可能性21
3
64
57
98
10
11
12
1全球暖化影響，使我國用電需求迅速增
加，造成無預警斷電
2若未採取積極永續作為，恐使新光集團
喪失投資人青睞
3因應政策加嚴或全球零碳排趨勢，高碳
排放產業投資效益受影響"
S-2-5_35,Q35,0.859559430430333,"附錄 氣候治理與策略 目錄 導言 氣候相關風險與機會 實踐低碳金融 情境分析與財務衝擊 結語
062-2相關辦法運作情形
新光金控已將氣候風險管理與執行方針納入「永續金融政策」及「風險管理政策」，持續精進金融業各項風險管理面向與氣候變遷風險相互之影響，更新修訂集
團永續金融政策及各項風險管理辦法，並訂定權責單位、風險辨識、風險衡量及監督控管機制，以強化氣候相關風險管理。
對於高碳排之產業，如煤炭及非典型石油與天然氣等，應審慎檢視交易對手因氣候變遷所產生負
面影響，針對上述產業經檢視凡列入排除名單者，於未進行任何改善前，皆不得再新增交易往來，並確立2045年零煤投融資目標。"
S-2-5_35,Q35,0.8506430117467623,"附錄 氣候治理與策略 目錄 導言 氣候相關風險與機會 實踐低碳金融 情境分析與財務衝擊 結語
093-2辨識集團氣候相關風險與機會來源
為擬定集團氣候策略，新光金控已與子公司達成短、中、長期影響
時序之充分共識，並蒐研國內外氣候相關文獻與報告，建立氣候風險議題庫，依照新光金控集團業務型態製作氣候風險與機會問卷，透過內部專家法調查新光金控與永續發展、風險管理、能資源管   理、投資、客戶關係相關部門之意見。氣候風險矩陣"
S-2-5_35,Q35,0.8504049241995242,"附錄 氣候治理與策略 目錄 導言 氣候相關風險與機會 實踐低碳金融 情境分析與財務衝擊 結語
12氣候相關機會說明
資源效率
財務效益 / 因應策略
營運成本減少 / 營收增加
盤點內部作業流程節點以進
行無紙優化，自有營運據點設備更新，使營運活動能資源使用效率提升。
未來新建案皆取得銀級以上
綠建築證書為目標，提升建築物環境永續效能。持續活化舊建築物與設備，導入各項節能措施，改善既有建築物能源效率。發生時間 / 機會描述
短期
成本優化機會：
提高產品服務數位化
比重、推行內部文書流程無紙化，盤點內部營運據點設備，提高節能設備使用可望帶來營運成本減少效益。
打造永續綠建築以達成"
S-2-5_35,Q35,0.8504016999656132,"人壽、銀行、證券、投信、創投、保代等子公司
就其產業性質及業務範圍，辨識各自之氣候風險與機會，負責第一線氣候風險控
管，並將氣候議題納入相關之營運活動，定期報告氣候指標及目標達成情形以及績效提升計畫。定期檢視 督導改善組織 主席/召集人 開會頻率 氣候治理角色
推動及落實執行氣候風險管理之"
S-2-5_35,Q35,0.8493429395208831,"附錄 氣候治理與策略 目錄 導言 氣候相關風險與機會 實踐低碳金融 情境分析與財務衝擊 結語
072-3去碳化政策 
我們承諾於2045年前全面退出煤炭註1及非典型石油與天然氣註2相關事業之業務，範圍包
括：上市櫃股權與債權、專案融資、信用額度與貸款、固定收益商品承銷業務，以及所有
主動、被動與委由第三方管理之投資部位。我們的階段性承諾為：
上述相關產業之排除對象為，若有具體減碳行動或明確轉型計畫包括通過科學減碳目標
(SBT)、使用碳捕捉技術移除碳排量、或其他經第三方機構認可之減碳行動，可進行個案評估，並授權各單位主管同意後維持業務往來。
註1："
S-2-5_35,Q35,0.8474631900772972,"附錄 氣候治理與策略 目錄 導言 氣候相關風險與機會 實踐低碳金融 情境分析與財務衝擊 結語
20參考政府間氣候變遷專門委員會（IPCC）以危害度、曝露度、脆弱度等三因子交集定義氣
候變遷實體風險衝擊，並依國家災害防救科技中心（National Science and Technology Center for Disaster Reduction , NCDR）於氣候變遷災害風險調適平台發布全台鄉鎮區域RCP8.5情境 淹水潛勢地圖，進行淹水潛勢實體風險情境分析，了解於本世紀末(2075年-2099年)氣候變遷衝擊可能損害程度。模型方法二"
S-2-5_35,Q35,0.8471548837626722,"附錄 氣候治理與策略 目錄 導言 氣候相關風險與機會 實踐低碳金融 情境分析與財務衝擊 結語
25新光銀行執行由金融監督管理委員會規劃辦理之氣候變遷情境分析，進行國內授信戶和投資
對象登記地、及國內擔保品座落地之實體風險評估，各情境_年度組合下之分析結果如下：
綜上可知，新光銀行授信戶和投資對象，或徵提之不動產擔保品，在不同情境_年度下，面
臨之實體風險對營業額損失或擔保品價值減損之衝擊有限，對新光銀行之財務衝擊可控。新光銀行國內授信戶和投資對象登記地，以及國內擔保品座落分析結果
註1：含風險移入國別為台灣之OBU授信戶。"
S-2-5_35,Q35,0.8467772322711682,"附錄 氣候治理與策略 目錄 導言 氣候相關風險與機會 實踐低碳金融 情境分析與財務衝擊 結語
29透過前述情境分析之模擬情境參數，新光人壽將既有風險部位依據信用風險、
市場風險區分後，透過壓力測試試算該風險部位信用風險預期信用損失及市場風險限額之影響，結果如下。氣候風險之壓力測試
新光銀行鑑別出2022年底共有35戶授信對象屬於國內環保署納管之碳排大戶，我們使用全球變化分析模型（GCAM5.3）估算授信對象在各個時間點之碳排放量，並在各情境下估算碳費價格，將計算後之碳價成本輸入銀行內部之信用評等模型，觀察其信用評等變化，計算其預期信用風險損失率及其損失金額，主要情境說明臚列如下："
S-2-5_35,Q35,0.8467464513082331,"根據國際金融穩定委員會(Financial Stability Board, 
FSB)定義，將氣候相關風險區分為氣候變遷影響之「實體風險」與低碳經濟影響之「轉型風險」，並列出為減緩與適應氣候變遷可能帶來的氣候相關「機會」。3-1氣候相關風險傳導路徑
新光金控定期考量氣候相關風險因子，包括立即性極端天氣事件或長期性氣候模式變化、政策和法規變動、技術創新、市場結構改變、名譽傷害等建立集團氣候風險及機會議題庫，並採用內部專家法，依集團「發生可能性」和「影響程度」進行重大性排序，並製作氣候風險矩陣圖進行公司各項業務之財務影響評估，以擬定氣候因應管理對策。
實體風險"
S-2-5_35,Q35,0.8440649529021367,"附錄 氣候治理與策略 目錄 導言 氣候相關風險與機會 實踐低碳金融 情境分析與財務衝擊 結語
03
1-2氣候指標與目標
隨著全球淨零排放趨勢，我國國家發展委員
會已於2022年3月公布「臺灣2050年淨零排放路徑」，推動四大轉型策略、建構兩大基礎環境，期許逐步實現2050年淨零排放之永續社會。
為呼應國家淨零政策，新光除了督促自身營
運減碳，更發揮核心職能訂定投融資面之氣候變遷減緩、調適指標及目標來定期追蹤、落實減碳作為，以期有效管理氣候風險與機會，響應國家永續轉型。                               
新光金控落實永續金融精神，依循國家政策"
S-2-5_35,Q35,0.8438692688518102,"附錄 氣候治理與策略 目錄 導言 氣候相關風險與機會 實踐低碳金融 情境分析與財務衝擊 結語
26
營運據點因應措施以2022年底本公司全台45個營運據點做為實體風險情境分析評估範圍，結果顯
示共2處營運據點位處淹水高風險處，惟前述2處營運據點皆位於防洪設施較為完善都會區(台北市及新北市)且非公司資產，其中1處位於較高樓層，因此對公司財務影響較小並未對本公司造成顯著影響。元富證券營運據點災害潛勢分析
40.00 % 18 1
28.89 % 13 2
15.56 % 7 3
11.11 % 5 4
4.44 % 2 5"
S-2-5_35,Q35,0.8437042601725804,"附錄 氣候治理與策略 目錄 導言 氣候相關風險與機會 實踐低碳金融 情境分析與財務衝擊 結語
195-2實體風險情境分析
台灣為島嶼國家、地形複雜，且地處副熱
帶季風區，不同地區經常發生不同的天氣變化，災害性天氣現象也不時出現。每逢颱風季，台灣便遭逢颱風帶來的豪雨侵襲，造成低窪地區及市區淹水，甚至河水暴漲沖毀堤防橋樑等，為瞭解不同氣候情境下潛在營運衝擊，我們運用RCP2.6及RCP8.5兩種情境，透過國際氣候模型進行情境分析。模型方法一營運據點、投資用不動產、國內授信戶、投資對象、不動產擔保品及承銷對象-災害風險分析
使用氣候模型 
全球氣候模型
選用IPCC的CMIP5和CMIP6
模型"
S-2-5_35,Q35,0.8433205497968134,"定期使用氣候相關情境來評估自有部位之實體風險，以反應未來氣候變遷環境預期對投資標的公司營運曝顯情況，並可進行潛在損失分析，進而做為氣候相關風險管理作為或因應措施之參考。投資部位因應措施
27.39 % 19 1
30.49 % 11 2
27.59 % 4 3
6.05 % 1 4
8.48 % 1 5
100 % 36 共計
上市櫃股票實體風險分析
市值占比 風險等級 標的數 
25.16 % 14 1
48.33 % 9 2
5.50 % 1 3
21.01 % 2 4
0.00 % 0 5
100 % 26 共計
國內公司債實體風險分析
市值占比 風險等級 標的數"
S-2-5_35,Q35,0.8414635344412077,"40.00 % 18 1
28.89 % 13 2
15.56 % 7 3
11.11 % 5 4
4.44 % 2 5
100 % 45 共計未來選擇營運據點前，將參考氣候實體風險對資產之安全性及潛在影響，並定期使用氣候相關情境來評估實體風險，以反應未來氣候變遷環境預期對公司營運曝顯情況，進而做為氣候相關風險管理作為或因應措施之參考。
為加強公司營運韌性及維持營運不中斷，本公司已於2023年啟動ISO 22301營運持續管理標準導入專案，以期降低營運中斷的可能性或損害程度，強化對重大事件的因應能力及快速恢復能力，以增加氣候營運韌性。"
S-2-5_35,Q35,0.8412803422311582,"附錄 氣候治理與策略 目錄 導言 氣候相關風險與機會 實踐低碳金融 情境分析與財務衝擊 結語
185-1情境分析設定說明
新光金控依循各國監理機關所公佈之氣候變遷壓力測試架構與國際永續倡議組織之方法    
論，並參考IPCC第五次評估報告書、第六次評估報告書及NGFS等氣候變遷情境種類，透過系統化的評估流程進行集團整體年度氣候實體風險及轉型風險情境分析，以強化公司之策略規劃與因應作為。
根據近期國際間氣候政策趨勢與本國低碳轉型目標，針對實體風險情境分析，新光金控擇"
S-2-5_35,Q35,0.8412084080974622,"CO 2
氣候風險類型 金融風險關聯 管理 衝擊因子受到衝擊之
資產類別氣候相關風險傳導路徑
實體風險轉型風險總體衝擊：總體經濟影響
投資融資營運不動產
社會經濟變化投資偏好轉變國際規範修訂勞動力市場變動信用風險管理
市場風險管理
品牌名譽處理建立集團氣候風
險與機會之影響時序共識
蒐研國內外氣候
相關風險與機會文獻報告，建立氣候風險議題庫
製作氣候風險與
機會問卷，進行重大性排序個體衝擊：企業與家戶個人影響
低碳政策影響資產估值
因轉型而產生擱淺資
產及資本支出增加
供給需求變化影響收
入成本或投資收益
企業資產損失及業務
中斷企業及個人授信違約率上升
擔保品價值減損
資產/投資標的重訂價"
S-2-5_35,Q35,0.8411684212749375,"附錄 氣候治理與策略 目錄 導言 氣候相關風險與機會 實踐低碳金融 情境分析與財務衝擊 結語
144-2 高碳排產業暴險現況 
為避免氣候災難加劇，全球升溫幅度必須控制在攝氏1.5℃內。    
「2050淨零排放」已經成為全球共同目標，國家發展委員會也   在2022年公布「2050淨零排放路徑」，因此市場將往低碳經濟轉型，高碳排產業將逐漸步入歷史。缺乏氣候因子的投資、授信風險評估方法將不再適用於低碳經濟市場，其可能造成投融資收益損失風險的上升。
因此新光金控檢視投融資組合在不同資產類別及不同產業類別下的"
S-2-5_35,Q35,0.8408159261074166,"附錄 氣候治理與策略 目錄 導言 氣候相關風險與機會 實踐低碳金融 情境分析與財務衝擊 結語
17情境分析與財務衝擊05
全球氣候與環境風險近年來日益顯現，瑞士銀行（UBS ）研究報告指出，若金融機構無法有效管理氣候風險，
氣候變遷將可能造成逾17％的資產價值減損。隨著氣候風險急速升溫，各國的金融監理機關亦進行金融業整體
壓力測試，或者發佈指引要求個別金融機構在不同氣候變遷情境下評估潛在損失。
為協助各國決策者針對氣候變遷狀況擬定因應策略，聯合國環境署 (United Nations Environment Programme) 與"
S-2-6_36,Q36,0.8568472385818084,"附錄 氣候治理與策略 目錄 導言 氣候相關風險與機會 實踐低碳金融 情境分析與財務衝擊 結語
10氣候相關風險說明
實體風險
發生時間 / 風險事件描述 財務衝擊 / 因應策略
短期
立即性風險：
因氣候變遷導致極端氣候事件遽增，恐對上游供應商、公司營運據點以及投融資標的據
點帶來災害衝擊，造成房舍、設備、營運資產及擔保品損害，甚至導致營運中斷。營收獲利減少 / 營運成本增加 / 資產價值降低
針對極端氣候事件導致設備受損，部份設備改轉租賃模式以轉嫁財損風險。"
S-2-6_36,Q36,0.8554094199182836,"經問卷調查結果分析得出集團十二項氣候風險議題（四項實體風險與八項轉型風險)及四項氣候機會議題，並根據風險議題依序進行商業活動連結，依「發生可能性」與「影響程度」進行量化並排序，針對重大項目分析各氣候風險因子對集團各類業務之影響層面與衝擊程度，相關質量化說明如下：短期
2023-2025中期
2025-2028長期
2028-2031
 低 高高
影響程度發
生可能性21
3
64
57
98
10
11
12
1全球暖化影響，使我國用電需求迅速增
加，造成無預警斷電
2若未採取積極永續作為，恐使新光集團
喪失投資人青睞
3因應政策加嚴或全球零碳排趨勢，高碳
排放產業投資效益受影響"
S-2-6_36,Q36,0.8536020815715866,"附錄 氣候治理與策略 目錄 導言 氣候相關風險與機會 實踐低碳金融 情境分析與財務衝擊 結語
30為降低氣候因子對元富投資收益之衝擊，定
期藉由使用氣候相關情境來評估轉型風險，以反應未來氣候變遷對被投資公司營運曝險情況，並進行潛在損失分析，進而可展開相關氣候風險管理作為或因應措施。本公司轉型風險情境分析流程如下：元富證券-轉型風險情境分析"
S-2-6_36,Q36,0.8467773238747673,"附錄 氣候治理與策略 目錄 導言 氣候相關風險與機會 實踐低碳金融 情境分析與財務衝擊 結語
12氣候相關機會說明
資源效率
財務效益 / 因應策略
營運成本減少 / 營收增加
盤點內部作業流程節點以進
行無紙優化，自有營運據點設備更新，使營運活動能資源使用效率提升。
未來新建案皆取得銀級以上
綠建築證書為目標，提升建築物環境永續效能。持續活化舊建築物與設備，導入各項節能措施，改善既有建築物能源效率。發生時間 / 機會描述
短期
成本優化機會：
提高產品服務數位化
比重、推行內部文書流程無紙化，盤點內部營運據點設備，提高節能設備使用可望帶來營運成本減少效益。
打造永續綠建築以達成"
S-2-6_36,Q36,0.8451195618822883,"附錄 氣候治理與策略 目錄 導言 氣候相關風險與機會 實踐低碳金融 情境分析與財務衝擊 結語
072-3去碳化政策 
我們承諾於2045年前全面退出煤炭註1及非典型石油與天然氣註2相關事業之業務，範圍包
括：上市櫃股權與債權、專案融資、信用額度與貸款、固定收益商品承銷業務，以及所有
主動、被動與委由第三方管理之投資部位。我們的階段性承諾為：
上述相關產業之排除對象為，若有具體減碳行動或明確轉型計畫包括通過科學減碳目標
(SBT)、使用碳捕捉技術移除碳排量、或其他經第三方機構認可之減碳行動，可進行個案評估，並授權各單位主管同意後維持業務往來。
註1："
S-2-6_36,Q36,0.8431082615877878,"附錄 氣候治理與策略 目錄 導言 氣候相關風險與機會 實踐低碳金融 情境分析與財務衝擊 結語
062-2相關辦法運作情形
新光金控已將氣候風險管理與執行方針納入「永續金融政策」及「風險管理政策」，持續精進金融業各項風險管理面向與氣候變遷風險相互之影響，更新修訂集
團永續金融政策及各項風險管理辦法，並訂定權責單位、風險辨識、風險衡量及監督控管機制，以強化氣候相關風險管理。
對於高碳排之產業，如煤炭及非典型石油與天然氣等，應審慎檢視交易對手因氣候變遷所產生負
面影響，針對上述產業經檢視凡列入排除名單者，於未進行任何改善前，皆不得再新增交易往來，並確立2045年零煤投融資目標。"
S-2-6_36,Q36,0.8416488080830713,"40.00 % 18 1
28.89 % 13 2
15.56 % 7 3
11.11 % 5 4
4.44 % 2 5
100 % 45 共計未來選擇營運據點前，將參考氣候實體風險對資產之安全性及潛在影響，並定期使用氣候相關情境來評估實體風險，以反應未來氣候變遷環境預期對公司營運曝顯情況，進而做為氣候相關風險管理作為或因應措施之參考。
為加強公司營運韌性及維持營運不中斷，本公司已於2023年啟動ISO 22301營運持續管理標準導入專案，以期降低營運中斷的可能性或損害程度，強化對重大事件的因應能力及快速恢復能力，以增加氣候營運韌性。"
S-2-6_36,Q36,0.8412748147751115,"定期使用氣候相關情境來評估自有部位之實體風險，以反應未來氣候變遷環境預期對投資標的公司營運曝顯情況，並可進行潛在損失分析，進而做為氣候相關風險管理作為或因應措施之參考。投資部位因應措施
27.39 % 19 1
30.49 % 11 2
27.59 % 4 3
6.05 % 1 4
8.48 % 1 5
100 % 36 共計
上市櫃股票實體風險分析
市值占比 風險等級 標的數 
25.16 % 14 1
48.33 % 9 2
5.50 % 1 3
21.01 % 2 4
0.00 % 0 5
100 % 26 共計
國內公司債實體風險分析
市值占比 風險等級 標的數"
S-2-6_36,Q36,0.840826842141181,"附錄 氣候治理與策略 目錄 導言 氣候相關風險與機會 實踐低碳金融 情境分析與財務衝擊 結語
23營運中斷可能性（FP%）為考量各類氣候災
害在該年度對建築物停止運作的可能機率，並以生產力損失（Productivity Loss）為核心概念來評估，背後所考量的氣候風險因子為「熱相關工時損失」和「熱相關的超額死亡率」。
依分析結果，「極端高溫」在RCP2.6和8.5"
S-2-6_36,Q36,0.8400884715722724,"附錄 氣候治理與策略 目錄 導言 氣候相關風險與機會 實踐低碳金融 情境分析與財務衝擊 結語
26
營運據點因應措施以2022年底本公司全台45個營運據點做為實體風險情境分析評估範圍，結果顯
示共2處營運據點位處淹水高風險處，惟前述2處營運據點皆位於防洪設施較為完善都會區(台北市及新北市)且非公司資產，其中1處位於較高樓層，因此對公司財務影響較小並未對本公司造成顯著影響。元富證券營運據點災害潛勢分析
40.00 % 18 1
28.89 % 13 2
15.56 % 7 3
11.11 % 5 4
4.44 % 2 5"
S-2-6_37,Q37,0.8834966125087156,"附錄 氣候治理與策略 目錄 導言 氣候相關風險與機會 實踐低碳金融 情境分析與財務衝擊 結語
30為降低氣候因子對元富投資收益之衝擊，定
期藉由使用氣候相關情境來評估轉型風險，以反應未來氣候變遷對被投資公司營運曝險情況，並進行潛在損失分析，進而可展開相關氣候風險管理作為或因應措施。本公司轉型風險情境分析流程如下：元富證券-轉型風險情境分析"
S-2-6_37,Q37,0.8746858922140444,"經問卷調查結果分析得出集團十二項氣候風險議題（四項實體風險與八項轉型風險)及四項氣候機會議題，並根據風險議題依序進行商業活動連結，依「發生可能性」與「影響程度」進行量化並排序，針對重大項目分析各氣候風險因子對集團各類業務之影響層面與衝擊程度，相關質量化說明如下：短期
2023-2025中期
2025-2028長期
2028-2031
 低 高高
影響程度發
生可能性21
3
64
57
98
10
11
12
1全球暖化影響，使我國用電需求迅速增
加，造成無預警斷電
2若未採取積極永續作為，恐使新光集團
喪失投資人青睞
3因應政策加嚴或全球零碳排趨勢，高碳
排放產業投資效益受影響"
S-2-6_37,Q37,0.8682521968622806,"附錄 氣候治理與策略 目錄 導言 氣候相關風險與機會 實踐低碳金融 情境分析與財務衝擊 結語
12氣候相關機會說明
資源效率
財務效益 / 因應策略
營運成本減少 / 營收增加
盤點內部作業流程節點以進
行無紙優化，自有營運據點設備更新，使營運活動能資源使用效率提升。
未來新建案皆取得銀級以上
綠建築證書為目標，提升建築物環境永續效能。持續活化舊建築物與設備，導入各項節能措施，改善既有建築物能源效率。發生時間 / 機會描述
短期
成本優化機會：
提高產品服務數位化
比重、推行內部文書流程無紙化，盤點內部營運據點設備，提高節能設備使用可望帶來營運成本減少效益。
打造永續綠建築以達成"
S-2-6_37,Q37,0.8676196042762685,"附錄 氣候治理與策略 目錄 導言 氣候相關風險與機會 實踐低碳金融 情境分析與財務衝擊 結語
072-3去碳化政策 
我們承諾於2045年前全面退出煤炭註1及非典型石油與天然氣註2相關事業之業務，範圍包
括：上市櫃股權與債權、專案融資、信用額度與貸款、固定收益商品承銷業務，以及所有
主動、被動與委由第三方管理之投資部位。我們的階段性承諾為：
上述相關產業之排除對象為，若有具體減碳行動或明確轉型計畫包括通過科學減碳目標
(SBT)、使用碳捕捉技術移除碳排量、或其他經第三方機構認可之減碳行動，可進行個案評估，並授權各單位主管同意後維持業務往來。
註1："
S-2-6_37,Q37,0.8664347404607938,"附錄 氣候治理與策略 目錄 導言 氣候相關風險與機會 實踐低碳金融 情境分析與財務衝擊 結語
10氣候相關風險說明
實體風險
發生時間 / 風險事件描述 財務衝擊 / 因應策略
短期
立即性風險：
因氣候變遷導致極端氣候事件遽增，恐對上游供應商、公司營運據點以及投融資標的據
點帶來災害衝擊，造成房舍、設備、營運資產及擔保品損害，甚至導致營運中斷。營收獲利減少 / 營運成本增加 / 資產價值降低
針對極端氣候事件導致設備受損，部份設備改轉租賃模式以轉嫁財損風險。"
S-2-6_37,Q37,0.8649870594347173,"附錄 氣候治理與策略 目錄 導言 氣候相關風險與機會 實踐低碳金融 情境分析與財務衝擊 結語
062-2相關辦法運作情形
新光金控已將氣候風險管理與執行方針納入「永續金融政策」及「風險管理政策」，持續精進金融業各項風險管理面向與氣候變遷風險相互之影響，更新修訂集
團永續金融政策及各項風險管理辦法，並訂定權責單位、風險辨識、風險衡量及監督控管機制，以強化氣候相關風險管理。
對於高碳排之產業，如煤炭及非典型石油與天然氣等，應審慎檢視交易對手因氣候變遷所產生負
面影響，針對上述產業經檢視凡列入排除名單者，於未進行任何改善前，皆不得再新增交易往來，並確立2045年零煤投融資目標。"
S-2-6_37,Q37,0.8612600452310354,"CO 2
氣候風險類型 金融風險關聯 管理 衝擊因子受到衝擊之
資產類別氣候相關風險傳導路徑
實體風險轉型風險總體衝擊：總體經濟影響
投資融資營運不動產
社會經濟變化投資偏好轉變國際規範修訂勞動力市場變動信用風險管理
市場風險管理
品牌名譽處理建立集團氣候風
險與機會之影響時序共識
蒐研國內外氣候
相關風險與機會文獻報告，建立氣候風險議題庫
製作氣候風險與
機會問卷，進行重大性排序個體衝擊：企業與家戶個人影響
低碳政策影響資產估值
因轉型而產生擱淺資
產及資本支出增加
供給需求變化影響收
入成本或投資收益
企業資產損失及業務
中斷企業及個人授信違約率上升
擔保品價值減損
資產/投資標的重訂價"
S-2-6_37,Q37,0.8611689553546913,"附錄 氣候治理與策略 目錄 導言 氣候相關風險與機會 實踐低碳金融 情境分析與財務衝擊 結語
144-2 高碳排產業暴險現況 
為避免氣候災難加劇，全球升溫幅度必須控制在攝氏1.5℃內。    
「2050淨零排放」已經成為全球共同目標，國家發展委員會也   在2022年公布「2050淨零排放路徑」，因此市場將往低碳經濟轉型，高碳排產業將逐漸步入歷史。缺乏氣候因子的投資、授信風險評估方法將不再適用於低碳經濟市場，其可能造成投融資收益損失風險的上升。
因此新光金控檢視投融資組合在不同資產類別及不同產業類別下的"
S-2-6_37,Q37,0.8583092179262422,"附錄 氣候治理與策略 目錄 導言 氣候相關風險與機會 實踐低碳金融 情境分析與財務衝擊 結語
03
1-2氣候指標與目標
隨著全球淨零排放趨勢，我國國家發展委員
會已於2022年3月公布「臺灣2050年淨零排放路徑」，推動四大轉型策略、建構兩大基礎環境，期許逐步實現2050年淨零排放之永續社會。
為呼應國家淨零政策，新光除了督促自身營
運減碳，更發揮核心職能訂定投融資面之氣候變遷減緩、調適指標及目標來定期追蹤、落實減碳作為，以期有效管理氣候風險與機會，響應國家永續轉型。                               
新光金控落實永續金融精神，依循國家政策"
S-2-6_37,Q37,0.8580890111794849,"改善情形蹤其改善情形，並於議合時關注企業淨零排放及減緩調適氣候變遷之議題。
持續辨識金融商品投資、授信業務與其他
業務營運之風險，以利控管風險概況。轉型風險  短期
財務衝擊 / 因應策略
營運成本增加 / 營收獲利減少
溫度上升使得全國用電量增加，恐造成無預警斷電。
為因應低碳發展趨勢，公司須提升
各項資產的能資源效率標準。
為避免斷電造成之營運損失及提升
各項資產能資源效率，公司須建置備用電力、提升自發自用電力比例及汰換高耗能資產，進而導致資本支出及營運成本增加。公司電腦機房建置不斷電系統(UPS)確保重要資訊系統、資料中心檔案運作正常。
營業據點樓頂建置屋頂型太陽能"
S-2-6_37,Q37,0.8568375237332266,"根據國際金融穩定委員會(Financial Stability Board, 
FSB)定義，將氣候相關風險區分為氣候變遷影響之「實體風險」與低碳經濟影響之「轉型風險」，並列出為減緩與適應氣候變遷可能帶來的氣候相關「機會」。3-1氣候相關風險傳導路徑
新光金控定期考量氣候相關風險因子，包括立即性極端天氣事件或長期性氣候模式變化、政策和法規變動、技術創新、市場結構改變、名譽傷害等建立集團氣候風險及機會議題庫，並採用內部專家法，依集團「發生可能性」和「影響程度」進行重大性排序，並製作氣候風險矩陣圖進行公司各項業務之財務影響評估，以擬定氣候因應管理對策。
實體風險"
S-2-6_37,Q37,0.856214129696902,"為進一步了解氣候變遷之實體及轉型風險對公司的影響，新光分別針對公司營運據點、投資性不動產、上游供應商、下游產品服務    (國內授信戶及投資對象、承銷對象、不動產擔保品、投融資組合等)執行氣候情境分析，期望透過理解不同氣候情境下之曝險情形，以積極展開相關管理作為與因應措施，增進新光金控氣候韌性，相關部位情境分析彙整如下：
有序轉型
情境類別：Net Zero 2050
採取積極作為進行有序轉型，
全球在2050年達到淨零目標，將全球暖化限制在1.5°C；為達此目標，因此各國或各區域將逐漸提高碳價或碳稅等其他政策，惟考量各區域國家減碳承諾及經濟發展的不同，碳價等相關政策之強度有所不同。全球暖化"
S-2-6_37,Q37,0.8556018940387207,"附錄 氣候治理與策略 目錄 導言 氣候相關風險與機會 實踐低碳金融 情境分析與財務衝擊 結語
08氣候相關風險與機會03
國際清算銀行（Bank for International Settlements, 
BIS）的《綠天鵝報告》（The Green Swan）指出，氣候衝擊將造成下一個系統性金融風險。國際貨幣基金組織（International Monetary Fund, IMF）甚至表示，氣候變遷對金融體系的穩定性構成嚴重風險，氣候危機絕對會引發金融危機。因此，預測氣候變遷對金融業整體的衝擊與風險，並有效洞察可能的各項金融風險，對於金控集團調整風險控管與營運的策略相當重要。"
S-2-6_37,Q37,0.8536449443785697,"40.00 % 18 1
28.89 % 13 2
15.56 % 7 3
11.11 % 5 4
4.44 % 2 5
100 % 45 共計未來選擇營運據點前，將參考氣候實體風險對資產之安全性及潛在影響，並定期使用氣候相關情境來評估實體風險，以反應未來氣候變遷環境預期對公司營運曝顯情況，進而做為氣候相關風險管理作為或因應措施之參考。
為加強公司營運韌性及維持營運不中斷，本公司已於2023年啟動ISO 22301營運持續管理標準導入專案，以期降低營運中斷的可能性或損害程度，強化對重大事件的因應能力及快速恢復能力，以增加氣候營運韌性。"
S-2-6_37,Q37,0.8536295585056685,"實體風險
源於氣候變遷所致特定天災事件，或是氣候模式長期變
化造成之直接或間接損失（含立即性及長期性風險）。
轉型風險
源於社會受政策法規、低碳排技術和社會偏好之影響，向低碳經濟轉型的過程可能帶給企業的風險（含政策與法規、技術、市場及名譽風險）。
機會
為減緩與適應氣候變遷所做的努力將帶來潛在機會，例如透過提高資源使用效率降低營運成本、採用低碳能源、開發新產品和服務、進入新市場及提高供應鏈韌性等。
CO 2
氣候風險類型 金融風險關聯 管理 衝擊因子受到衝擊之
資產類別氣候相關風險傳導路徑
實體風險轉型風險總體衝擊：總體經濟影響
投資融資營運不動產"
S-2-6_37,Q37,0.8533276711664971,"積極參與國際永續相關倡議及聯盟及國際/
國內永續評比，藉以提升利害關係人對公司信任，並掌握國內外永續及氣候變遷資訊。
長期
技術風險：
國內外環境相關法規政策逐
漸趨嚴、未來產業被迫轉型需增加額外營運支出，或是轉型不及時而造成營收降低，將間接影響本公司投資收益。
長期
市場風險：
市場往低碳經濟轉型，高碳
排產業將逐漸被淘汰，既有投資、授信風險評估方法將漸漸不適用於低碳經濟市場，進而帶來投融資收益損失風險。營運成本增加
定期針對進行轉型風險情境分析，評估資產組合在氣候變遷情境下可能產生之影響,並參酌執行結果調整投資決策。
依其業務/商品之市場風險及信用風險機制管
理。"
S-2-6_37,Q37,0.8528353854391777,"附錄 氣候治理與策略 目錄 導言 氣候相關風險與機會 實踐低碳金融 情境分析與財務衝擊 結語
15本公司檢視投融資組合在不同資產類別及不同產業類別下的排放情形，以總碳排放量（公噸二氧化碳當量，tCO 2e）及碳強度(每新台幣百萬元營收(TWDMM, REV-
ENUE) 產生之公噸二氧化碳當量)顯示。
由於新光金控及子公司業務特性，在債券資產類別上財務碳排放量最高，但加權平均碳強度以企業授信最高，2022年起新光銀行即無燃煤電廠發電融資專案額度，"
S-2-6_37,Q37,0.8519656917818317,"附錄 氣候治理與策略 目錄 導言 氣候相關風險與機會 實踐低碳金融 情境分析與財務衝擊 結語
26
營運據點因應措施以2022年底本公司全台45個營運據點做為實體風險情境分析評估範圍，結果顯
示共2處營運據點位處淹水高風險處，惟前述2處營運據點皆位於防洪設施較為完善都會區(台北市及新北市)且非公司資產，其中1處位於較高樓層，因此對公司財務影響較小並未對本公司造成顯著影響。元富證券營運據點災害潛勢分析
40.00 % 18 1
28.89 % 13 2
15.56 % 7 3
11.11 % 5 4
4.44 % 2 5"
S-2-6_37,Q37,0.8514231709861232,"對於碳排放量較高供應商或被投
融資對象，將積極採取議合行動，敦促其低碳轉型；針對無改善作為的公司，將適度調整採購對象或投資策略。
為提高能資源使用效率，減少溫室
氣體排放，新光金控及子公司每年進行溫室氣體盤查；自2020年起，我們更全面導入ISO 14064:2018溫室氣體盤查標準，深入瞭解自身營運及上下游溫室氣體排放情形， 以
利擬定減碳策略及目標。
積極投資再生能源電廠，並購買綠
電及綠電憑證，支持再生能源發展。短期
法規與政策風險CO 2"
S-2-6_37,Q37,0.8512600416089617,"附錄 氣候治理與策略 目錄 導言 氣候相關風險與機會 實踐低碳金融 情境分析與財務衝擊 結語
23營運中斷可能性（FP%）為考量各類氣候災
害在該年度對建築物停止運作的可能機率，並以生產力損失（Productivity Loss）為核心概念來評估，背後所考量的氣候風險因子為「熱相關工時損失」和「熱相關的超額死亡率」。
依分析結果，「極端高溫」在RCP2.6和8.5"
S-2-6_37,Q37,0.8511619237456284,"附錄 氣候治理與策略 目錄 導言 氣候相關風險與機會 實踐低碳金融 情境分析與財務衝擊 結語
093-2辨識集團氣候相關風險與機會來源
為擬定集團氣候策略，新光金控已與子公司達成短、中、長期影響
時序之充分共識，並蒐研國內外氣候相關文獻與報告，建立氣候風險議題庫，依照新光金控集團業務型態製作氣候風險與機會問卷，透過內部專家法調查新光金控與永續發展、風險管理、能資源管   理、投資、客戶關係相關部門之意見。氣候風險矩陣"
S-2-6_37,Q37,0.8509161970820978,"附錄 氣候治理與策略 目錄 導言 氣候相關風險與機會 實踐低碳金融 情境分析與財務衝擊 結語
02導言01
1-1新光金控的氣候理念  
根據世界經濟論壇（World Economic Forum, WEF）於2023年1月發
表之《2023年全球風險報告》（Global Risk Report 2023, GRR 2023）顯示，未來十年全球10大風險前三名為「氣候變遷減緩失敗」、「氣候變遷調適失敗」及「自然災害及極端天氣事件」，顯見氣候變遷對於地球的影響已成為全球共同的風險，並與資本市場的資金流向產生鍵結。
國家發展委員會於2022年公布「2050淨零碳排路徑」，以「能源"
S-2-6_37,Q37,0.8501889110641938,"附錄 氣候治理與策略 目錄 導言 氣候相關風險與機會 實踐低碳金融 情境分析與財務衝擊 結語
11轉型風險 中長期
發生時間 / 風險事件描述 財務衝擊 / 因應策略
中期
名譽風險：
全球積極朝向永續發展為目
標，若公司未採取積極永續作為，恐影響公司商譽，使新光集團喪失投資人、客戶及消費者等利害關係人青睞。營收獲利減少 / 投資人資金挹注減少
公司依循全球永續趨勢積極投入永續行動，於既有風險政策中納入氣候風險管理，透過修正投資、融資及不動產等相關規範，積極響應永續金融。
積極參與國際永續相關倡議及聯盟及國際/
國內永續評比，藉以提升利害關係人對公司信任，並掌握國內外永續及氣候變遷資訊。
長期"
S-2-6_37,Q37,0.8492036336498425,"附錄 氣候治理與策略 目錄 導言 氣候相關風險與機會 實踐低碳金融 情境分析與財務衝擊 結語
20參考政府間氣候變遷專門委員會（IPCC）以危害度、曝露度、脆弱度等三因子交集定義氣
候變遷實體風險衝擊，並依國家災害防救科技中心（National Science and Technology Center for Disaster Reduction , NCDR）於氣候變遷災害風險調適平台發布全台鄉鎮區域RCP8.5情境 淹水潛勢地圖，進行淹水潛勢實體風險情境分析，了解於本世紀末(2075年-2099年)氣候變遷衝擊可能損害程度。模型方法二"
S-2-6_37,Q37,0.8465383196335742,"附錄 氣候治理與策略 目錄 導言 氣候相關風險與機會 實踐低碳金融 情境分析與財務衝擊 結語
185-1情境分析設定說明
新光金控依循各國監理機關所公佈之氣候變遷壓力測試架構與國際永續倡議組織之方法    
論，並參考IPCC第五次評估報告書、第六次評估報告書及NGFS等氣候變遷情境種類，透過系統化的評估流程進行集團整體年度氣候實體風險及轉型風險情境分析，以強化公司之策略規劃與因應作為。
根據近期國際間氣候政策趨勢與本國低碳轉型目標，針對實體風險情境分析，新光金控擇"
S-2-6_37,Q37,0.8433014943514981,"色相關投融資規模2025年人均溫室氣體排放量、用水量及廢棄物量每年減少2%指標減碳行動：溫室氣體排放
(範疇一、範疇二)投資組合去碳化 綠色金融
基準年
短中期目標
（2026年）
長期目標
(2031年)
2022年
達成情形2022年 2022年 2020年
人壽：專案投資綠能相關事業之投資金額成長率400%
銀行：
推動太陽能電廠專案融資，至目標年融資總餘額成長40億元
發行永續債券
人壽：
專案投資綠能事業較基準年投資成長294%
銀行：
太陽能電廠專案融資總餘額成長181.55%。
承作４件適用赤道原則
案件以PCAF方法學完成盤查財務碳排放量(tCO"
S-2-6_37,Q37,0.8421450610791203,"1
Step
2
Step
3
Step
4選擇氣候風險衝擊較高產業之投
資標的/承銷輔導企業選擇評估標的
國家自有貢獻目標（NDCs）
2050淨零排放（Net Zero 2050）選定NGFS轉型風險情境及參數
計算情境下投資標的面臨碳價/稅
之財務影響
計算Merton Model預計違約率及
違約損失率變化影響分析（預期信用損失）
依影響分析結果擬定相關因應策略，降低氣候變遷轉型風險影響衝擊擬定因應策略占整體高碳排產業投資
(含股債投資組合)投資標的 產業別
占整體高碳排產業投資
(含股債投資組合)標的1 16.84% 水泥及骨材
標的2 15.20% 整合型公用事業"
S-2-6_37,Q37,0.8420719021930413,"附錄 氣候治理與策略 目錄 導言 氣候相關風險與機會 實踐低碳金融 情境分析與財務衝擊 結語
04新光金控落實永續金融精神，依循國家政策規劃減碳策略及行動方案，2022年正式簽署科
學基礎減碳目標倡議(Science-Based Targets initiative, SBTi) 承諾書加入國際減碳行列，遵循
金融機構SBT指引文件，針對自身營運及範疇3投融資部位進行去碳策略擬定及科學基礎減碳目標(Science-Based Targets, SBT)設定，並於2023年6月遞交目標審核，以達成《巴黎協定》控制本世紀末全球氣溫升溫1.5℃積極目標。投融資組合去碳化策略
SBT減碳目標"
S-2-6_37,Q37,0.8407352413659465,"定期使用氣候相關情境來評估自有部位之實體風險，以反應未來氣候變遷環境預期對投資標的公司營運曝顯情況，並可進行潛在損失分析，進而做為氣候相關風險管理作為或因應措施之參考。投資部位因應措施
27.39 % 19 1
30.49 % 11 2
27.59 % 4 3
6.05 % 1 4
8.48 % 1 5
100 % 36 共計
上市櫃股票實體風險分析
市值占比 風險等級 標的數 
25.16 % 14 1
48.33 % 9 2
5.50 % 1 3
21.01 % 2 4
0.00 % 0 5
100 % 26 共計
國內公司債實體風險分析
市值占比 風險等級 標的數"
S-3-1_38,Q38,0.8488353674429484,"附錄 氣候治理與策略 目錄 導言 氣候相關風險與機會 實踐低碳金融 情境分析與財務衝擊 結語
30為降低氣候因子對元富投資收益之衝擊，定
期藉由使用氣候相關情境來評估轉型風險，以反應未來氣候變遷對被投資公司營運曝險情況，並進行潛在損失分析，進而可展開相關氣候風險管理作為或因應措施。本公司轉型風險情境分析流程如下：元富證券-轉型風險情境分析"
S-3-1_38,Q38,0.8441135166083333,"為進一步了解氣候變遷之實體及轉型風險對公司的影響，新光分別針對公司營運據點、投資性不動產、上游供應商、下游產品服務    (國內授信戶及投資對象、承銷對象、不動產擔保品、投融資組合等)執行氣候情境分析，期望透過理解不同氣候情境下之曝險情形，以積極展開相關管理作為與因應措施，增進新光金控氣候韌性，相關部位情境分析彙整如下：
有序轉型
情境類別：Net Zero 2050
採取積極作為進行有序轉型，
全球在2050年達到淨零目標，將全球暖化限制在1.5°C；為達此目標，因此各國或各區域將逐漸提高碳價或碳稅等其他政策，惟考量各區域國家減碳承諾及經濟發展的不同，碳價等相關政策之強度有所不同。全球暖化"
S-3-2_40,Q40,0.8446183358332886,"附錄 氣候治理與策略 目錄 導言 氣候相關風險與機會 實踐低碳金融 情境分析與財務衝擊 結語
30為降低氣候因子對元富投資收益之衝擊，定
期藉由使用氣候相關情境來評估轉型風險，以反應未來氣候變遷對被投資公司營運曝險情況，並進行潛在損失分析，進而可展開相關氣候風險管理作為或因應措施。本公司轉型風險情境分析流程如下：元富證券-轉型風險情境分析"
S-3-2_40,Q40,0.8412777501999749,"附錄 氣候治理與策略 目錄 導言 氣候相關風險與機會 實踐低碳金融 情境分析與財務衝擊 結語
10氣候相關風險說明
實體風險
發生時間 / 風險事件描述 財務衝擊 / 因應策略
短期
立即性風險：
因氣候變遷導致極端氣候事件遽增，恐對上游供應商、公司營運據點以及投融資標的據
點帶來災害衝擊，造成房舍、設備、營運資產及擔保品損害，甚至導致營運中斷。營收獲利減少 / 營運成本增加 / 資產價值降低
針對極端氣候事件導致設備受損，部份設備改轉租賃模式以轉嫁財損風險。"
S-3-2_41,Q41,0.8413581966387804,"附錄 氣候治理與策略 目錄 導言 氣候相關風險與機會 實踐低碳金融 情境分析與財務衝擊 結語
30為降低氣候因子對元富投資收益之衝擊，定
期藉由使用氣候相關情境來評估轉型風險，以反應未來氣候變遷對被投資公司營運曝險情況，並進行潛在損失分析，進而可展開相關氣候風險管理作為或因應措施。本公司轉型風險情境分析流程如下：元富證券-轉型風險情境分析"
S-3-2_42,Q42,0.8667302327083816,"附錄 氣候治理與策略 目錄 導言 氣候相關風險與機會 實踐低碳金融 情境分析與財務衝擊 結語
30為降低氣候因子對元富投資收益之衝擊，定
期藉由使用氣候相關情境來評估轉型風險，以反應未來氣候變遷對被投資公司營運曝險情況，並進行潛在損失分析，進而可展開相關氣候風險管理作為或因應措施。本公司轉型風險情境分析流程如下：元富證券-轉型風險情境分析"
S-3-2_42,Q42,0.8566647005809077,"附錄 氣候治理與策略 目錄 導言 氣候相關風險與機會 實踐低碳金融 情境分析與財務衝擊 結語
10氣候相關風險說明
實體風險
發生時間 / 風險事件描述 財務衝擊 / 因應策略
短期
立即性風險：
因氣候變遷導致極端氣候事件遽增，恐對上游供應商、公司營運據點以及投融資標的據
點帶來災害衝擊，造成房舍、設備、營運資產及擔保品損害，甚至導致營運中斷。營收獲利減少 / 營運成本增加 / 資產價值降低
針對極端氣候事件導致設備受損，部份設備改轉租賃模式以轉嫁財損風險。"
S-3-2_42,Q42,0.8485140585246436,"附錄 氣候治理與策略 目錄 導言 氣候相關風險與機會 實踐低碳金融 情境分析與財務衝擊 結語
062-2相關辦法運作情形
新光金控已將氣候風險管理與執行方針納入「永續金融政策」及「風險管理政策」，持續精進金融業各項風險管理面向與氣候變遷風險相互之影響，更新修訂集
團永續金融政策及各項風險管理辦法，並訂定權責單位、風險辨識、風險衡量及監督控管機制，以強化氣候相關風險管理。
對於高碳排之產業，如煤炭及非典型石油與天然氣等，應審慎檢視交易對手因氣候變遷所產生負
面影響，針對上述產業經檢視凡列入排除名單者，於未進行任何改善前，皆不得再新增交易往來，並確立2045年零煤投融資目標。"
S-3-2_42,Q42,0.8481748396144037,"附錄 氣候治理與策略 目錄 導言 氣候相關風險與機會 實踐低碳金融 情境分析與財務衝擊 結語
08氣候相關風險與機會03
國際清算銀行（Bank for International Settlements, 
BIS）的《綠天鵝報告》（The Green Swan）指出，氣候衝擊將造成下一個系統性金融風險。國際貨幣基金組織（International Monetary Fund, IMF）甚至表示，氣候變遷對金融體系的穩定性構成嚴重風險，氣候危機絕對會引發金融危機。因此，預測氣候變遷對金融業整體的衝擊與風險，並有效洞察可能的各項金融風險，對於金控集團調整風險控管與營運的策略相當重要。"
S-3-2_42,Q42,0.8470730577740562,"附錄 氣候治理與策略 目錄 導言 氣候相關風險與機會 實踐低碳金融 情境分析與財務衝擊 結語
12氣候相關機會說明
資源效率
財務效益 / 因應策略
營運成本減少 / 營收增加
盤點內部作業流程節點以進
行無紙優化，自有營運據點設備更新，使營運活動能資源使用效率提升。
未來新建案皆取得銀級以上
綠建築證書為目標，提升建築物環境永續效能。持續活化舊建築物與設備，導入各項節能措施，改善既有建築物能源效率。發生時間 / 機會描述
短期
成本優化機會：
提高產品服務數位化
比重、推行內部文書流程無紙化，盤點內部營運據點設備，提高節能設備使用可望帶來營運成本減少效益。
打造永續綠建築以達成"
S-3-2_42,Q42,0.8468852953266285,"附錄 氣候治理與策略 目錄 導言 氣候相關風險與機會 實踐低碳金融 情境分析與財務衝擊 結語
29透過前述情境分析之模擬情境參數，新光人壽將既有風險部位依據信用風險、
市場風險區分後，透過壓力測試試算該風險部位信用風險預期信用損失及市場風險限額之影響，結果如下。氣候風險之壓力測試
新光銀行鑑別出2022年底共有35戶授信對象屬於國內環保署納管之碳排大戶，我們使用全球變化分析模型（GCAM5.3）估算授信對象在各個時間點之碳排放量，並在各情境下估算碳費價格，將計算後之碳價成本輸入銀行內部之信用評等模型，觀察其信用評等變化，計算其預期信用風險損失率及其損失金額，主要情境說明臚列如下："
S-3-2_42,Q42,0.846700844405099,"40.00 % 18 1
28.89 % 13 2
15.56 % 7 3
11.11 % 5 4
4.44 % 2 5
100 % 45 共計未來選擇營運據點前，將參考氣候實體風險對資產之安全性及潛在影響，並定期使用氣候相關情境來評估實體風險，以反應未來氣候變遷環境預期對公司營運曝顯情況，進而做為氣候相關風險管理作為或因應措施之參考。
為加強公司營運韌性及維持營運不中斷，本公司已於2023年啟動ISO 22301營運持續管理標準導入專案，以期降低營運中斷的可能性或損害程度，強化對重大事件的因應能力及快速恢復能力，以增加氣候營運韌性。"
S-3-2_42,Q42,0.8443563035291803,"經問卷調查結果分析得出集團十二項氣候風險議題（四項實體風險與八項轉型風險)及四項氣候機會議題，並根據風險議題依序進行商業活動連結，依「發生可能性」與「影響程度」進行量化並排序，針對重大項目分析各氣候風險因子對集團各類業務之影響層面與衝擊程度，相關質量化說明如下：短期
2023-2025中期
2025-2028長期
2028-2031
 低 高高
影響程度發
生可能性21
3
64
57
98
10
11
12
1全球暖化影響，使我國用電需求迅速增
加，造成無預警斷電
2若未採取積極永續作為，恐使新光集團
喪失投資人青睞
3因應政策加嚴或全球零碳排趨勢，高碳
排放產業投資效益受影響"
S-3-2_42,Q42,0.8436696786833772,"根據國際金融穩定委員會(Financial Stability Board, 
FSB)定義，將氣候相關風險區分為氣候變遷影響之「實體風險」與低碳經濟影響之「轉型風險」，並列出為減緩與適應氣候變遷可能帶來的氣候相關「機會」。3-1氣候相關風險傳導路徑
新光金控定期考量氣候相關風險因子，包括立即性極端天氣事件或長期性氣候模式變化、政策和法規變動、技術創新、市場結構改變、名譽傷害等建立集團氣候風險及機會議題庫，並採用內部專家法，依集團「發生可能性」和「影響程度」進行重大性排序，並製作氣候風險矩陣圖進行公司各項業務之財務影響評估，以擬定氣候因應管理對策。
實體風險"
S-3-2_42,Q42,0.8425744246816901,"定期使用氣候相關情境來評估自有部位之實體風險，以反應未來氣候變遷環境預期對投資標的公司營運曝顯情況，並可進行潛在損失分析，進而做為氣候相關風險管理作為或因應措施之參考。投資部位因應措施
27.39 % 19 1
30.49 % 11 2
27.59 % 4 3
6.05 % 1 4
8.48 % 1 5
100 % 36 共計
上市櫃股票實體風險分析
市值占比 風險等級 標的數 
25.16 % 14 1
48.33 % 9 2
5.50 % 1 3
21.01 % 2 4
0.00 % 0 5
100 % 26 共計
國內公司債實體風險分析
市值占比 風險等級 標的數"
S-3-2_42,Q42,0.8425581354951059,"附錄 氣候治理與策略 目錄 導言 氣候相關風險與機會 實踐低碳金融 情境分析與財務衝擊 結語
25新光銀行執行由金融監督管理委員會規劃辦理之氣候變遷情境分析，進行國內授信戶和投資
對象登記地、及國內擔保品座落地之實體風險評估，各情境_年度組合下之分析結果如下：
綜上可知，新光銀行授信戶和投資對象，或徵提之不動產擔保品，在不同情境_年度下，面
臨之實體風險對營業額損失或擔保品價值減損之衝擊有限，對新光銀行之財務衝擊可控。新光銀行國內授信戶和投資對象登記地，以及國內擔保品座落分析結果
註1：含風險移入國別為台灣之OBU授信戶。"
S-3-3_44,Q44,0.8505089742317855,"附錄 氣候治理與策略 目錄 導言 氣候相關風險與機會 實踐低碳金融 情境分析與財務衝擊 結語
195-2實體風險情境分析
台灣為島嶼國家、地形複雜，且地處副熱
帶季風區，不同地區經常發生不同的天氣變化，災害性天氣現象也不時出現。每逢颱風季，台灣便遭逢颱風帶來的豪雨侵襲，造成低窪地區及市區淹水，甚至河水暴漲沖毀堤防橋樑等，為瞭解不同氣候情境下潛在營運衝擊，我們運用RCP2.6及RCP8.5兩種情境，透過國際氣候模型進行情境分析。模型方法一營運據點、投資用不動產、國內授信戶、投資對象、不動產擔保品及承銷對象-災害風險分析
使用氣候模型 
全球氣候模型
選用IPCC的CMIP5和CMIP6
模型"
S-3-3_44,Q44,0.8494332075336813,"附錄 氣候治理與策略 目錄 導言 氣候相關風險與機會 實踐低碳金融 情境分析與財務衝擊 結語
20參考政府間氣候變遷專門委員會（IPCC）以危害度、曝露度、脆弱度等三因子交集定義氣
候變遷實體風險衝擊，並依國家災害防救科技中心（National Science and Technology Center for Disaster Reduction , NCDR）於氣候變遷災害風險調適平台發布全台鄉鎮區域RCP8.5情境 淹水潛勢地圖，進行淹水潛勢實體風險情境分析，了解於本世紀末(2075年-2099年)氣候變遷衝擊可能損害程度。模型方法二"
S-3-3_45,Q45,0.8431074466599209,"附錄 氣候治理與策略 目錄 導言 氣候相關風險與機會 實踐低碳金融 情境分析與財務衝擊 結語
30為降低氣候因子對元富投資收益之衝擊，定
期藉由使用氣候相關情境來評估轉型風險，以反應未來氣候變遷對被投資公司營運曝險情況，並進行潛在損失分析，進而可展開相關氣候風險管理作為或因應措施。本公司轉型風險情境分析流程如下：元富證券-轉型風險情境分析"
R-1-1_47,Q47,0.8410334734323537,"附錄 氣候治理與策略 目錄 導言 氣候相關風險與機會 實踐低碳金融 情境分析與財務衝擊 結語
30為降低氣候因子對元富投資收益之衝擊，定
期藉由使用氣候相關情境來評估轉型風險，以反應未來氣候變遷對被投資公司營運曝險情況，並進行潛在損失分析，進而可展開相關氣候風險管理作為或因應措施。本公司轉型風險情境分析流程如下：元富證券-轉型風險情境分析"
R-1-2_48,Q48,0.8615154445962994,"附錄 氣候治理與策略 目錄 導言 氣候相關風險與機會 實踐低碳金融 情境分析與財務衝擊 結語
20參考政府間氣候變遷專門委員會（IPCC）以危害度、曝露度、脆弱度等三因子交集定義氣
候變遷實體風險衝擊，並依國家災害防救科技中心（National Science and Technology Center for Disaster Reduction , NCDR）於氣候變遷災害風險調適平台發布全台鄉鎮區域RCP8.5情境 淹水潛勢地圖，進行淹水潛勢實體風險情境分析，了解於本世紀末(2075年-2099年)氣候變遷衝擊可能損害程度。模型方法二"
R-1-2_48,Q48,0.8548934583077407,"附錄 氣候治理與策略 目錄 導言 氣候相關風險與機會 實踐低碳金融 情境分析與財務衝擊 結語
30為降低氣候因子對元富投資收益之衝擊，定
期藉由使用氣候相關情境來評估轉型風險，以反應未來氣候變遷對被投資公司營運曝險情況，並進行潛在損失分析，進而可展開相關氣候風險管理作為或因應措施。本公司轉型風險情境分析流程如下：元富證券-轉型風險情境分析"
R-1-2_48,Q48,0.8545810025373777,"附錄 氣候治理與策略 目錄 導言 氣候相關風險與機會 實踐低碳金融 情境分析與財務衝擊 結語
195-2實體風險情境分析
台灣為島嶼國家、地形複雜，且地處副熱
帶季風區，不同地區經常發生不同的天氣變化，災害性天氣現象也不時出現。每逢颱風季，台灣便遭逢颱風帶來的豪雨侵襲，造成低窪地區及市區淹水，甚至河水暴漲沖毀堤防橋樑等，為瞭解不同氣候情境下潛在營運衝擊，我們運用RCP2.6及RCP8.5兩種情境，透過國際氣候模型進行情境分析。模型方法一營運據點、投資用不動產、國內授信戶、投資對象、不動產擔保品及承銷對象-災害風險分析
使用氣候模型 
全球氣候模型
選用IPCC的CMIP5和CMIP6
模型"
R-1-2_48,Q48,0.8478096687821932,"附錄 氣候治理與策略 目錄 導言 氣候相關風險與機會 實踐低碳金融 情境分析與財務衝擊 結語
062-2相關辦法運作情形
新光金控已將氣候風險管理與執行方針納入「永續金融政策」及「風險管理政策」，持續精進金融業各項風險管理面向與氣候變遷風險相互之影響，更新修訂集
團永續金融政策及各項風險管理辦法，並訂定權責單位、風險辨識、風險衡量及監督控管機制，以強化氣候相關風險管理。
對於高碳排之產業，如煤炭及非典型石油與天然氣等，應審慎檢視交易對手因氣候變遷所產生負
面影響，針對上述產業經檢視凡列入排除名單者，於未進行任何改善前，皆不得再新增交易往來，並確立2045年零煤投融資目標。"
R-1-2_48,Q48,0.847443781453558,"經問卷調查結果分析得出集團十二項氣候風險議題（四項實體風險與八項轉型風險)及四項氣候機會議題，並根據風險議題依序進行商業活動連結，依「發生可能性」與「影響程度」進行量化並排序，針對重大項目分析各氣候風險因子對集團各類業務之影響層面與衝擊程度，相關質量化說明如下：短期
2023-2025中期
2025-2028長期
2028-2031
 低 高高
影響程度發
生可能性21
3
64
57
98
10
11
12
1全球暖化影響，使我國用電需求迅速增
加，造成無預警斷電
2若未採取積極永續作為，恐使新光集團
喪失投資人青睞
3因應政策加嚴或全球零碳排趨勢，高碳
排放產業投資效益受影響"
R-1-2_48,Q48,0.8444251293327986,"附錄 氣候治理與策略 目錄 導言 氣候相關風險與機會 實踐低碳金融 情境分析與財務衝擊 結語
03
1-2氣候指標與目標
隨著全球淨零排放趨勢，我國國家發展委員
會已於2022年3月公布「臺灣2050年淨零排放路徑」，推動四大轉型策略、建構兩大基礎環境，期許逐步實現2050年淨零排放之永續社會。
為呼應國家淨零政策，新光除了督促自身營
運減碳，更發揮核心職能訂定投融資面之氣候變遷減緩、調適指標及目標來定期追蹤、落實減碳作為，以期有效管理氣候風險與機會，響應國家永續轉型。                               
新光金控落實永續金融精神，依循國家政策"
R-1-2_48,Q48,0.8443883772808971,"附錄 氣候治理與策略 目錄 導言 氣候相關風險與機會 實踐低碳金融 情境分析與財務衝擊 結語
10氣候相關風險說明
實體風險
發生時間 / 風險事件描述 財務衝擊 / 因應策略
短期
立即性風險：
因氣候變遷導致極端氣候事件遽增，恐對上游供應商、公司營運據點以及投融資標的據
點帶來災害衝擊，造成房舍、設備、營運資產及擔保品損害，甚至導致營運中斷。營收獲利減少 / 營運成本增加 / 資產價值降低
針對極端氣候事件導致設備受損，部份設備改轉租賃模式以轉嫁財損風險。"
R-1-2_48,Q48,0.8441384359325154,"附錄 氣候治理與策略 目錄 導言 氣候相關風險與機會 實踐低碳金融 情境分析與財務衝擊 結語
093-2辨識集團氣候相關風險與機會來源
為擬定集團氣候策略，新光金控已與子公司達成短、中、長期影響
時序之充分共識，並蒐研國內外氣候相關文獻與報告，建立氣候風險議題庫，依照新光金控集團業務型態製作氣候風險與機會問卷，透過內部專家法調查新光金控與永續發展、風險管理、能資源管   理、投資、客戶關係相關部門之意見。氣候風險矩陣"
R-1-2_48,Q48,0.8423158376155102,"附錄 氣候治理與策略 目錄 導言 氣候相關風險與機會 實踐低碳金融 情境分析與財務衝擊 結語
23營運中斷可能性（FP%）為考量各類氣候災
害在該年度對建築物停止運作的可能機率，並以生產力損失（Productivity Loss）為核心概念來評估，背後所考量的氣候風險因子為「熱相關工時損失」和「熱相關的超額死亡率」。
依分析結果，「極端高溫」在RCP2.6和8.5"
R-1-3_49,Q49,0.8443962005576646,"附錄 氣候治理與策略 目錄 導言 氣候相關風險與機會 實踐低碳金融 情境分析與財務衝擊 結語
30為降低氣候因子對元富投資收益之衝擊，定
期藉由使用氣候相關情境來評估轉型風險，以反應未來氣候變遷對被投資公司營運曝險情況，並進行潛在損失分析，進而可展開相關氣候風險管理作為或因應措施。本公司轉型風險情境分析流程如下：元富證券-轉型風險情境分析"
R-1-3_49,Q49,0.8428871276103633,"附錄 氣候治理與策略 目錄 導言 氣候相關風險與機會 實踐低碳金融 情境分析與財務衝擊 結語
20參考政府間氣候變遷專門委員會（IPCC）以危害度、曝露度、脆弱度等三因子交集定義氣
候變遷實體風險衝擊，並依國家災害防救科技中心（National Science and Technology Center for Disaster Reduction , NCDR）於氣候變遷災害風險調適平台發布全台鄉鎮區域RCP8.5情境 淹水潛勢地圖，進行淹水潛勢實體風險情境分析，了解於本世紀末(2075年-2099年)氣候變遷衝擊可能損害程度。模型方法二"
#R-1-4_#R1,#R-1-4_#R1,0.8429586508122863,"根據國際金融穩定委員會(Financial Stability Board, 
FSB)定義，將氣候相關風險區分為氣候變遷影響之「實體風險」與低碳經濟影響之「轉型風險」，並列出為減緩與適應氣候變遷可能帶來的氣候相關「機會」。3-1氣候相關風險傳導路徑
新光金控定期考量氣候相關風險因子，包括立即性極端天氣事件或長期性氣候模式變化、政策和法規變動、技術創新、市場結構改變、名譽傷害等建立集團氣候風險及機會議題庫，並採用內部專家法，依集團「發生可能性」和「影響程度」進行重大性排序，並製作氣候風險矩陣圖進行公司各項業務之財務影響評估，以擬定氣候因應管理對策。
實體風險"
#R-1-4_#R1,#R-1-4_#R1,0.8419236085065558,"附錄 氣候治理與策略 目錄 導言 氣候相關風險與機會 實踐低碳金融 情境分析與財務衝擊 結語
08氣候相關風險與機會03
國際清算銀行（Bank for International Settlements, 
BIS）的《綠天鵝報告》（The Green Swan）指出，氣候衝擊將造成下一個系統性金融風險。國際貨幣基金組織（International Monetary Fund, IMF）甚至表示，氣候變遷對金融體系的穩定性構成嚴重風險，氣候危機絕對會引發金融危機。因此，預測氣候變遷對金融業整體的衝擊與風險，並有效洞察可能的各項金融風險，對於金控集團調整風險控管與營運的策略相當重要。"
R-2-1_51,Q51,0.8536185239012061,"附錄 氣候治理與策略 目錄 導言 氣候相關風險與機會 實踐低碳金融 情境分析與財務衝擊 結語
30為降低氣候因子對元富投資收益之衝擊，定
期藉由使用氣候相關情境來評估轉型風險，以反應未來氣候變遷對被投資公司營運曝險情況，並進行潛在損失分析，進而可展開相關氣候風險管理作為或因應措施。本公司轉型風險情境分析流程如下：元富證券-轉型風險情境分析"
R-2-1_51,Q51,0.844817660482008,"40.00 % 18 1
28.89 % 13 2
15.56 % 7 3
11.11 % 5 4
4.44 % 2 5
100 % 45 共計未來選擇營運據點前，將參考氣候實體風險對資產之安全性及潛在影響，並定期使用氣候相關情境來評估實體風險，以反應未來氣候變遷環境預期對公司營運曝顯情況，進而做為氣候相關風險管理作為或因應措施之參考。
為加強公司營運韌性及維持營運不中斷，本公司已於2023年啟動ISO 22301營運持續管理標準導入專案，以期降低營運中斷的可能性或損害程度，強化對重大事件的因應能力及快速恢復能力，以增加氣候營運韌性。"
R-3-1_55,Q55,0.849621251452946,"附錄 氣候治理與策略 目錄 導言 氣候相關風險與機會 實踐低碳金融 情境分析與財務衝擊 結語
30為降低氣候因子對元富投資收益之衝擊，定
期藉由使用氣候相關情境來評估轉型風險，以反應未來氣候變遷對被投資公司營運曝險情況，並進行潛在損失分析，進而可展開相關氣候風險管理作為或因應措施。本公司轉型風險情境分析流程如下：元富證券-轉型風險情境分析"
R-3-1_55,Q55,0.8418783006444065,"附錄 氣候治理與策略 目錄 導言 氣候相關風險與機會 實踐低碳金融 情境分析與財務衝擊 結語
20參考政府間氣候變遷專門委員會（IPCC）以危害度、曝露度、脆弱度等三因子交集定義氣
候變遷實體風險衝擊，並依國家災害防救科技中心（National Science and Technology Center for Disaster Reduction , NCDR）於氣候變遷災害風險調適平台發布全台鄉鎮區域RCP8.5情境 淹水潛勢地圖，進行淹水潛勢實體風險情境分析，了解於本世紀末(2075年-2099年)氣候變遷衝擊可能損害程度。模型方法二"
R-3-2_56,Q56,0.8488545358186739,"附錄 氣候治理與策略 目錄 導言 氣候相關風險與機會 實踐低碳金融 情境分析與財務衝擊 結語
30為降低氣候因子對元富投資收益之衝擊，定
期藉由使用氣候相關情境來評估轉型風險，以反應未來氣候變遷對被投資公司營運曝險情況，並進行潛在損失分析，進而可展開相關氣候風險管理作為或因應措施。本公司轉型風險情境分析流程如下：元富證券-轉型風險情境分析"
R-3-2_56,Q56,0.8420476466817233,"附錄 氣候治理與策略 目錄 導言 氣候相關風險與機會 實踐低碳金融 情境分析與財務衝擊 結語
195-2實體風險情境分析
台灣為島嶼國家、地形複雜，且地處副熱
帶季風區，不同地區經常發生不同的天氣變化，災害性天氣現象也不時出現。每逢颱風季，台灣便遭逢颱風帶來的豪雨侵襲，造成低窪地區及市區淹水，甚至河水暴漲沖毀堤防橋樑等，為瞭解不同氣候情境下潛在營運衝擊，我們運用RCP2.6及RCP8.5兩種情境，透過國際氣候模型進行情境分析。模型方法一營運據點、投資用不動產、國內授信戶、投資對象、不動產擔保品及承銷對象-災害風險分析
使用氣候模型 
全球氣候模型
選用IPCC的CMIP5和CMIP6
模型"
R-3-2_56,Q56,0.8419442183154776,"附錄 氣候治理與策略 目錄 導言 氣候相關風險與機會 實踐低碳金融 情境分析與財務衝擊 結語
20參考政府間氣候變遷專門委員會（IPCC）以危害度、曝露度、脆弱度等三因子交集定義氣
候變遷實體風險衝擊，並依國家災害防救科技中心（National Science and Technology Center for Disaster Reduction , NCDR）於氣候變遷災害風險調適平台發布全台鄉鎮區域RCP8.5情境 淹水潛勢地圖，進行淹水潛勢實體風險情境分析，了解於本世紀末(2075年-2099年)氣候變遷衝擊可能損害程度。模型方法二"
MT-1-1_57,Q57,0.8455404443766706,"附錄 氣候治理與策略 目錄 導言 氣候相關風險與機會 實踐低碳金融 情境分析與財務衝擊 結語
30為降低氣候因子對元富投資收益之衝擊，定
期藉由使用氣候相關情境來評估轉型風險，以反應未來氣候變遷對被投資公司營運曝險情況，並進行潛在損失分析，進而可展開相關氣候風險管理作為或因應措施。本公司轉型風險情境分析流程如下：元富證券-轉型風險情境分析"
MT-1-1_58,Q58,0.849187913030361,"附錄 氣候治理與策略 目錄 導言 氣候相關風險與機會 實踐低碳金融 情境分析與財務衝擊 結語
30為降低氣候因子對元富投資收益之衝擊，定
期藉由使用氣候相關情境來評估轉型風險，以反應未來氣候變遷對被投資公司營運曝險情況，並進行潛在損失分析，進而可展開相關氣候風險管理作為或因應措施。本公司轉型風險情境分析流程如下：元富證券-轉型風險情境分析"
MT-1-1_59,Q59,0.8454384882342056,"附錄 氣候治理與策略 目錄 導言 氣候相關風險與機會 實踐低碳金融 情境分析與財務衝擊 結語
30為降低氣候因子對元富投資收益之衝擊，定
期藉由使用氣候相關情境來評估轉型風險，以反應未來氣候變遷對被投資公司營運曝險情況，並進行潛在損失分析，進而可展開相關氣候風險管理作為或因應措施。本公司轉型風險情境分析流程如下：元富證券-轉型風險情境分析"
MT-1-2_61,Q61,0.8456715448576007,"附錄 氣候治理與策略 目錄 導言 氣候相關風險與機會 實踐低碳金融 情境分析與財務衝擊 結語
30為降低氣候因子對元富投資收益之衝擊，定
期藉由使用氣候相關情境來評估轉型風險，以反應未來氣候變遷對被投資公司營運曝險情況，並進行潛在損失分析，進而可展開相關氣候風險管理作為或因應措施。本公司轉型風險情境分析流程如下：元富證券-轉型風險情境分析"
MT-1-3_63,Q63,0.8524496335467742,"附錄 氣候治理與策略 目錄 導言 氣候相關風險與機會 實踐低碳金融 情境分析與財務衝擊 結語
30為降低氣候因子對元富投資收益之衝擊，定
期藉由使用氣候相關情境來評估轉型風險，以反應未來氣候變遷對被投資公司營運曝險情況，並進行潛在損失分析，進而可展開相關氣候風險管理作為或因應措施。本公司轉型風險情境分析流程如下：元富證券-轉型風險情境分析"
MT-1-3_63,Q63,0.8457653042850358,"附錄 氣候治理與策略 目錄 導言 氣候相關風險與機會 實踐低碳金融 情境分析與財務衝擊 結語
03
1-2氣候指標與目標
隨著全球淨零排放趨勢，我國國家發展委員
會已於2022年3月公布「臺灣2050年淨零排放路徑」，推動四大轉型策略、建構兩大基礎環境，期許逐步實現2050年淨零排放之永續社會。
為呼應國家淨零政策，新光除了督促自身營
運減碳，更發揮核心職能訂定投融資面之氣候變遷減緩、調適指標及目標來定期追蹤、落實減碳作為，以期有效管理氣候風險與機會，響應國家永續轉型。                               
新光金控落實永續金融精神，依循國家政策"
MT-1-3_63,Q63,0.8410684785767792,"1
Step
2
Step
3
Step
4選擇氣候風險衝擊較高產業之投
資標的/承銷輔導企業選擇評估標的
國家自有貢獻目標（NDCs）
2050淨零排放（Net Zero 2050）選定NGFS轉型風險情境及參數
計算情境下投資標的面臨碳價/稅
之財務影響
計算Merton Model預計違約率及
違約損失率變化影響分析（預期信用損失）
依影響分析結果擬定相關因應策略，降低氣候變遷轉型風險影響衝擊擬定因應策略占整體高碳排產業投資
(含股債投資組合)投資標的 產業別
占整體高碳排產業投資
(含股債投資組合)標的1 16.84% 水泥及骨材
標的2 15.20% 整合型公用事業"
MT-1-4_65,Q65,0.8431977468673599,"附錄 氣候治理與策略 目錄 導言 氣候相關風險與機會 實踐低碳金融 情境分析與財務衝擊 結語
30為降低氣候因子對元富投資收益之衝擊，定
期藉由使用氣候相關情境來評估轉型風險，以反應未來氣候變遷對被投資公司營運曝險情況，並進行潛在損失分析，進而可展開相關氣候風險管理作為或因應措施。本公司轉型風險情境分析流程如下：元富證券-轉型風險情境分析"
MT-1-5_66,Q66,0.8549628740583106,"附錄 氣候治理與策略 目錄 導言 氣候相關風險與機會 實踐低碳金融 情境分析與財務衝擊 結語
03
1-2氣候指標與目標
隨著全球淨零排放趨勢，我國國家發展委員
會已於2022年3月公布「臺灣2050年淨零排放路徑」，推動四大轉型策略、建構兩大基礎環境，期許逐步實現2050年淨零排放之永續社會。
為呼應國家淨零政策，新光除了督促自身營
運減碳，更發揮核心職能訂定投融資面之氣候變遷減緩、調適指標及目標來定期追蹤、落實減碳作為，以期有效管理氣候風險與機會，響應國家永續轉型。                               
新光金控落實永續金融精神，依循國家政策"
MT-1-5_66,Q66,0.8531271159295948,"附錄 氣候治理與策略 目錄 導言 氣候相關風險與機會 實踐低碳金融 情境分析與財務衝擊 結語
30為降低氣候因子對元富投資收益之衝擊，定
期藉由使用氣候相關情境來評估轉型風險，以反應未來氣候變遷對被投資公司營運曝險情況，並進行潛在損失分析，進而可展開相關氣候風險管理作為或因應措施。本公司轉型風險情境分析流程如下：元富證券-轉型風險情境分析"
MT-1-5_66,Q66,0.8497302029352891,"1
Step
2
Step
3
Step
4選擇氣候風險衝擊較高產業之投
資標的/承銷輔導企業選擇評估標的
國家自有貢獻目標（NDCs）
2050淨零排放（Net Zero 2050）選定NGFS轉型風險情境及參數
計算情境下投資標的面臨碳價/稅
之財務影響
計算Merton Model預計違約率及
違約損失率變化影響分析（預期信用損失）
依影響分析結果擬定相關因應策略，降低氣候變遷轉型風險影響衝擊擬定因應策略占整體高碳排產業投資
(含股債投資組合)投資標的 產業別
占整體高碳排產業投資
(含股債投資組合)標的1 16.84% 水泥及骨材
標的2 15.20% 整合型公用事業"
#MT-1-6_#MT1,QMT1,0.8475777471843021,"附錄 氣候治理與策略 目錄 導言 氣候相關風險與機會 實踐低碳金融 情境分析與財務衝擊 結語
30為降低氣候因子對元富投資收益之衝擊，定
期藉由使用氣候相關情境來評估轉型風險，以反應未來氣候變遷對被投資公司營運曝險情況，並進行潛在損失分析，進而可展開相關氣候風險管理作為或因應措施。本公司轉型風險情境分析流程如下：元富證券-轉型風險情境分析"
MT-3-1_74,Q74,0.8438171821164532,"附錄 氣候治理與策略 目錄 導言 氣候相關風險與機會 實踐低碳金融 情境分析與財務衝擊 結語
12氣候相關機會說明
資源效率
財務效益 / 因應策略
營運成本減少 / 營收增加
盤點內部作業流程節點以進
行無紙優化，自有營運據點設備更新，使營運活動能資源使用效率提升。
未來新建案皆取得銀級以上
綠建築證書為目標，提升建築物環境永續效能。持續活化舊建築物與設備，導入各項節能措施，改善既有建築物能源效率。發生時間 / 機會描述
短期
成本優化機會：
提高產品服務數位化
比重、推行內部文書流程無紙化，盤點內部營運據點設備，提高節能設備使用可望帶來營運成本減少效益。
打造永續綠建築以達成"
MT-3-1_75,Q75,0.8494605608383649,"附錄 氣候治理與策略 目錄 導言 氣候相關風險與機會 實踐低碳金融 情境分析與財務衝擊 結語
03
1-2氣候指標與目標
隨著全球淨零排放趨勢，我國國家發展委員
會已於2022年3月公布「臺灣2050年淨零排放路徑」，推動四大轉型策略、建構兩大基礎環境，期許逐步實現2050年淨零排放之永續社會。
為呼應國家淨零政策，新光除了督促自身營
運減碳，更發揮核心職能訂定投融資面之氣候變遷減緩、調適指標及目標來定期追蹤、落實減碳作為，以期有效管理氣候風險與機會，響應國家永續轉型。                               
新光金控落實永續金融精神，依循國家政策"
MT-3-1_75,Q75,0.8491056906599567,"附錄 氣候治理與策略 目錄 導言 氣候相關風險與機會 實踐低碳金融 情境分析與財務衝擊 結語
30為降低氣候因子對元富投資收益之衝擊，定
期藉由使用氣候相關情境來評估轉型風險，以反應未來氣候變遷對被投資公司營運曝險情況，並進行潛在損失分析，進而可展開相關氣候風險管理作為或因應措施。本公司轉型風險情境分析流程如下：元富證券-轉型風險情境分析"
MT-3-1_75,Q75,0.8491044410418721,"附錄 氣候治理與策略 目錄 導言 氣候相關風險與機會 實踐低碳金融 情境分析與財務衝擊 結語
12氣候相關機會說明
資源效率
財務效益 / 因應策略
營運成本減少 / 營收增加
盤點內部作業流程節點以進
行無紙優化，自有營運據點設備更新，使營運活動能資源使用效率提升。
未來新建案皆取得銀級以上
綠建築證書為目標，提升建築物環境永續效能。持續活化舊建築物與設備，導入各項節能措施，改善既有建築物能源效率。發生時間 / 機會描述
短期
成本優化機會：
提高產品服務數位化
比重、推行內部文書流程無紙化，盤點內部營運據點設備，提高節能設備使用可望帶來營運成本減少效益。
打造永續綠建築以達成"
