指標名稱,相似度,片段內容
G-1-1,0.842585830327071,"機會之管理目標
及實現情況辨識、評估和管理
氣候相關風險的流
程，如何與企業風
險管理機制融合1． 現有氣候治理架構
2． 董事會於氣候議題扮演的角色
及監督情形1． 新光銀行短中長期定義
2． 氣候風險、機會矩陣結果（含
重大性排序）列出氣候相關風險和機會之指標
（包含如實體資產氣候情境曝險
情形、營運碳足跡）1． 氣候風險與機會識別流程（議
題蒐整、收斂）
2． 氣候相關風險與傳統金融風險
連結
1． 現有氣候治理架構
2． 管理層級於氣候議題扮演的
角色重大風險與機會之潛在財務影響、
影響期間（短、中、長期）及因
應策略揭露新光銀行近三年溫室氣體排"
G-1-1,0.834771857296712,"治理 策略 風險管理 指標與目標
董事會對氣候相關
風險和機會的監督
情況辨識出短期、中期
及長期氣候相關風
險和機會評估氣候相關風
險和機會時使用
的指標辨識和評估氣候相
關風險的流程
管理層級評估和管
理氣候相關風險和
機會的責任氣候相關風險和機
會對業務、策略和
財務規劃的影響範疇一、範疇二
和範疇三溫室氣
體排放管理氣候相關風險
的流程
不同情境對業務、
策略和財務規劃的
潛在影響氣候相關風險和
機會之管理目標
及實現情況辨識、評估和管理
氣候相關風險的流
程，如何與企業風
險管理機制融合1． 現有氣候治理架構
2． 董事會於氣候議題扮演的角色
及監督情形1． 新光銀行短中長期定義"
G-1-1,0.8250924120677,"2． 氣候相關風險與傳統金融風險
連結
1． 現有氣候治理架構
2． 管理層級於氣候議題扮演的
角色重大風險與機會之潛在財務影響、
影響期間（短、中、長期）及因
應策略揭露新光銀行近三年溫室氣體排
放情形，及投資組合碳排放針對鑑別出之重大風險與機會說
明該項目之管理作為
使用 NCDR RCP2.6 及RCP8.5進
行情境模擬，並建置風險地圖將依指標與目標工作坊結果，揭
露新光銀行針對目標之管理作為，
以及執行現況氣候變遷風險納入整體風險管理
政策之說明揭露項目 揭露項目 揭露項目 揭露項目 規劃內容 規劃內容 規劃內容 規劃內容"
G-1-1,0.8204404115164616,"期報告各類風險執行情形及完成「風險管理資訊」。
 ▪業務權責單位 ：負責日常風險之監控、衡量及評估
等執行層面之事務，並依相關規範呈報曝險狀況及
風險相關資訊，同時確認管轄業務之風險限額及內
控程序之執行。新光銀行 永續報告書 2021
40 41共好 創新 低碳 永續治理 永續策略"
G-1-1,0.8178376539600956,"不同情境對業務、策略和財務規劃的潛在影響 p.60-61
風險管理辨識和評估氣候相關風險的流程 p.60-61
管理氣候相關風險的流程 p.60-61
辨識、評估和管理氣候相關風險的流程，如何與企業風險管理機制融合 p.60-61
指標與目標評估氣候相關風險和機會時使用的指標 p.60-61
範疇一、範疇二和範疇三溫室氣體排放 p.64
氣候相關風險和機會之管理目標及實現情況 p.60-61氣候相關財務揭露 3.1.3　 氣候相關財務揭露（TCFD）框架
治理 策略 風險管理 指標與目標
董事會對氣候相關
風險和機會的監督
情況辨識出短期、中期
及長期氣候相關風
險和機會評估氣候相關風"
G-1-2,0.8490755704506421,"治理 策略 風險管理 指標與目標
董事會對氣候相關
風險和機會的監督
情況辨識出短期、中期
及長期氣候相關風
險和機會評估氣候相關風
險和機會時使用
的指標辨識和評估氣候相
關風險的流程
管理層級評估和管
理氣候相關風險和
機會的責任氣候相關風險和機
會對業務、策略和
財務規劃的影響範疇一、範疇二
和範疇三溫室氣
體排放管理氣候相關風險
的流程
不同情境對業務、
策略和財務規劃的
潛在影響氣候相關風險和
機會之管理目標
及實現情況辨識、評估和管理
氣候相關風險的流
程，如何與企業風
險管理機制融合1． 現有氣候治理架構
2． 董事會於氣候議題扮演的角色
及監督情形1． 新光銀行短中長期定義"
G-1-2,0.8484496265299826,"機會之管理目標
及實現情況辨識、評估和管理
氣候相關風險的流
程，如何與企業風
險管理機制融合1． 現有氣候治理架構
2． 董事會於氣候議題扮演的角色
及監督情形1． 新光銀行短中長期定義
2． 氣候風險、機會矩陣結果（含
重大性排序）列出氣候相關風險和機會之指標
（包含如實體資產氣候情境曝險
情形、營運碳足跡）1． 氣候風險與機會識別流程（議
題蒐整、收斂）
2． 氣候相關風險與傳統金融風險
連結
1． 現有氣候治理架構
2． 管理層級於氣候議題扮演的
角色重大風險與機會之潛在財務影響、
影響期間（短、中、長期）及因
應策略揭露新光銀行近三年溫室氣體排"
G-1-2,0.8289204417305505,"2． 氣候相關風險與傳統金融風險
連結
1． 現有氣候治理架構
2． 管理層級於氣候議題扮演的
角色重大風險與機會之潛在財務影響、
影響期間（短、中、長期）及因
應策略揭露新光銀行近三年溫室氣體排
放情形，及投資組合碳排放針對鑑別出之重大風險與機會說
明該項目之管理作為
使用 NCDR RCP2.6 及RCP8.5進
行情境模擬，並建置風險地圖將依指標與目標工作坊結果，揭
露新光銀行針對目標之管理作為，
以及執行現況氣候變遷風險納入整體風險管理
政策之說明揭露項目 揭露項目 揭露項目 揭露項目 規劃內容 規劃內容 規劃內容 規劃內容"
G-1-2,0.828141557433357,"不同情境對業務、策略和財務規劃的潛在影響 p.60-61
風險管理辨識和評估氣候相關風險的流程 p.60-61
管理氣候相關風險的流程 p.60-61
辨識、評估和管理氣候相關風險的流程，如何與企業風險管理機制融合 p.60-61
指標與目標評估氣候相關風險和機會時使用的指標 p.60-61
範疇一、範疇二和範疇三溫室氣體排放 p.64
氣候相關風險和機會之管理目標及實現情況 p.60-61氣候相關財務揭露 3.1.3　 氣候相關財務揭露（TCFD）框架
治理 策略 風險管理 指標與目標
董事會對氣候相關
風險和機會的監督
情況辨識出短期、中期
及長期氣候相關風
險和機會評估氣候相關風"
G-1-2,0.8099489440306145,"斷計畫
2． 設有市場風險通報機制，定期模擬壓力測
試，檢視公司資本適足率水位
1． 發展數位金融
2． 擬定綠色採購計畫
3． 導入各項節能設備
盤查營業據點之溫室氣體排放量，暸解溫室
氣體排放情形，以利擬定減碳策略及目標
1． 加強客戶資產防護作為
2． 降低高風險地區投融資部位在本行資產組
合的比重
1． 簽署 《赤道原則》 及響應 《責任投資原則》
2． 擬定再生能源投資及融資計畫
3． 引進綠能及水資源基金供客戶申購
4． 發行綠色債券
1． 響應國際環保運動  「Earth Hour 地球一
小時」
2． 持續推動「夏日節電 316行動」
3． 辦理學童環境教育活動"
G-1-2,0.8092067169549134,"2022年TCFD規劃內容
2022年，新光銀行將按 TCFD指引之四大構面，從建構氣候治理組織與機制開始，將氣候議題納入風險管理流程，
全面啟動情境分析，進行氣候策略，對業務影響之財務評估，並訂定相關氣候目標，正式對氣候風險的減緩與調適，採
取具體行動。架構 揭露項目 實際作為對應
治理 管理層級評估和管理氣候相關風險和機會的責任 p.60-61
策略氣候相關風險和機會對業務、策略和財務規劃的影響 p.60-61
不同情境對業務、策略和財務規劃的潛在影響 p.60-61
風險管理辨識和評估氣候相關風險的流程 p.60-61
管理氣候相關風險的流程 p.60-61"
G-1-2,0.8084949620506857,"策，增加與外界溝通機會
極端氣候若對客戶造成負面衝擊日常行政庶務之能資源使用成本
將可能受到溫室氣體總量管制及排放交易制度
影響，而增加投入成本（如碳費等）
1． 衝擊投融資對象之營運
2． 造成融資對象之擔保品價值減損
1． 辨識及控管相關風險，尋求潛在之綠色金
融發展機會
2． 提高對高碳排或 ESG高風險產業投融資之
門檻，逐步降低上述資產組合比重1． 訂有緊急事件通報及應變機制等營運不中
斷計畫
2． 設有市場風險通報機制，定期模擬壓力測
試，檢視公司資本適足率水位
1． 發展數位金融
2． 擬定綠色採購計畫
3． 導入各項節能設備
盤查營業據點之溫室氣體排放量，暸解溫室"
G-1-2,0.8051041848677115,"期報告各類風險執行情形及完成「風險管理資訊」。
 ▪業務權責單位 ：負責日常風險之監控、衡量及評估
等執行層面之事務，並依相關規範呈報曝險狀況及
風險相關資訊，同時確認管轄業務之風險限額及內
控程序之執行。新光銀行 永續報告書 2021
40 41共好 創新 低碳 永續治理 永續策略"
G-1-2,0.8037546217049685,"行情形，並完成規範
「風險管理資訊」。
 ▪訂定資本適足性管
理、風險胃納及相關
因應策略，以提供管
理階層達成風險管理
目標。 ▪依權責職掌範圍，定
期或不定期向各階級
主管陳報各項風險管
理報表。
 ▪每季將風險評估成果
提報予董事會，做為
管理決策之參考。 ▪考量風險文化及風險
衡量之成熟度、業務
性質及實際需要，實
施風險調整後之獎酬
機制，落實風險與員
工獎酬之連結性。2.3　風險管理
目標 機制 績效考核 資訊滙報
2019年 2020年 2021年
自有資本第一類資本 70,035,238 78,365,529 79,940,847"
G-1-2,0.8037314830851359,"《赤道原則》、 2021年制訂並公告實施永續授信政策、將  ESG
議題納入授信審核流程數位金融、金融包容性 （請詳友善金融服務
章節）
重大議題分析聯合國永續發展目標、巴黎氣候協定
設有永續經營委員會、風險管理委員會等治理單位；制定永續
策略及目標以回應聯合國永續發展目標氣候相關財務揭露（TCFD）
發布公司年報、財報、永續報告書、金控網站、銀行網站、回
覆CDP問卷（金控 2021年CDP氣候變遷評比獲「B 」評級）策略與承諾
1 依循母公司之環境保護政策執行環境友善行動。
2 每年進行溫室氣體盤查，以掌握內部溫室氣體排放量，據以研擬減量計畫。"
G-1-3,0.8470377913985646,"機會之管理目標
及實現情況辨識、評估和管理
氣候相關風險的流
程，如何與企業風
險管理機制融合1． 現有氣候治理架構
2． 董事會於氣候議題扮演的角色
及監督情形1． 新光銀行短中長期定義
2． 氣候風險、機會矩陣結果（含
重大性排序）列出氣候相關風險和機會之指標
（包含如實體資產氣候情境曝險
情形、營運碳足跡）1． 氣候風險與機會識別流程（議
題蒐整、收斂）
2． 氣候相關風險與傳統金融風險
連結
1． 現有氣候治理架構
2． 管理層級於氣候議題扮演的
角色重大風險與機會之潛在財務影響、
影響期間（短、中、長期）及因
應策略揭露新光銀行近三年溫室氣體排"
G-1-3,0.8379966812636744,"治理 策略 風險管理 指標與目標
董事會對氣候相關
風險和機會的監督
情況辨識出短期、中期
及長期氣候相關風
險和機會評估氣候相關風
險和機會時使用
的指標辨識和評估氣候相
關風險的流程
管理層級評估和管
理氣候相關風險和
機會的責任氣候相關風險和機
會對業務、策略和
財務規劃的影響範疇一、範疇二
和範疇三溫室氣
體排放管理氣候相關風險
的流程
不同情境對業務、
策略和財務規劃的
潛在影響氣候相關風險和
機會之管理目標
及實現情況辨識、評估和管理
氣候相關風險的流
程，如何與企業風
險管理機制融合1． 現有氣候治理架構
2． 董事會於氣候議題扮演的角色
及監督情形1． 新光銀行短中長期定義"
G-1-3,0.8277671459046105,"2． 氣候相關風險與傳統金融風險
連結
1． 現有氣候治理架構
2． 管理層級於氣候議題扮演的
角色重大風險與機會之潛在財務影響、
影響期間（短、中、長期）及因
應策略揭露新光銀行近三年溫室氣體排
放情形，及投資組合碳排放針對鑑別出之重大風險與機會說
明該項目之管理作為
使用 NCDR RCP2.6 及RCP8.5進
行情境模擬，並建置風險地圖將依指標與目標工作坊結果，揭
露新光銀行針對目標之管理作為，
以及執行現況氣候變遷風險納入整體風險管理
政策之說明揭露項目 揭露項目 揭露項目 揭露項目 規劃內容 規劃內容 規劃內容 規劃內容"
G-1-3,0.8193341199633234,"不同情境對業務、策略和財務規劃的潛在影響 p.60-61
風險管理辨識和評估氣候相關風險的流程 p.60-61
管理氣候相關風險的流程 p.60-61
辨識、評估和管理氣候相關風險的流程，如何與企業風險管理機制融合 p.60-61
指標與目標評估氣候相關風險和機會時使用的指標 p.60-61
範疇一、範疇二和範疇三溫室氣體排放 p.64
氣候相關風險和機會之管理目標及實現情況 p.60-61氣候相關財務揭露 3.1.3　 氣候相關財務揭露（TCFD）框架
治理 策略 風險管理 指標與目標
董事會對氣候相關
風險和機會的監督
情況辨識出短期、中期
及長期氣候相關風
險和機會評估氣候相關風"
G-1-3,0.8043544977998239,"斷計畫
2． 設有市場風險通報機制，定期模擬壓力測
試，檢視公司資本適足率水位
1． 發展數位金融
2． 擬定綠色採購計畫
3． 導入各項節能設備
盤查營業據點之溫室氣體排放量，暸解溫室
氣體排放情形，以利擬定減碳策略及目標
1． 加強客戶資產防護作為
2． 降低高風險地區投融資部位在本行資產組
合的比重
1． 簽署 《赤道原則》 及響應 《責任投資原則》
2． 擬定再生能源投資及融資計畫
3． 引進綠能及水資源基金供客戶申購
4． 發行綠色債券
1． 響應國際環保運動  「Earth Hour 地球一
小時」
2． 持續推動「夏日節電 316行動」
3． 辦理學童環境教育活動"
G-1-3,0.802975410769699,"策，增加與外界溝通機會
極端氣候若對客戶造成負面衝擊日常行政庶務之能資源使用成本
將可能受到溫室氣體總量管制及排放交易制度
影響，而增加投入成本（如碳費等）
1． 衝擊投融資對象之營運
2． 造成融資對象之擔保品價值減損
1． 辨識及控管相關風險，尋求潛在之綠色金
融發展機會
2． 提高對高碳排或 ESG高風險產業投融資之
門檻，逐步降低上述資產組合比重1． 訂有緊急事件通報及應變機制等營運不中
斷計畫
2． 設有市場風險通報機制，定期模擬壓力測
試，檢視公司資本適足率水位
1． 發展數位金融
2． 擬定綠色採購計畫
3． 導入各項節能設備
盤查營業據點之溫室氣體排放量，暸解溫室"
G-1-3,0.8000836311996695,"期報告各類風險執行情形及完成「風險管理資訊」。
 ▪業務權責單位 ：負責日常風險之監控、衡量及評估
等執行層面之事務，並依相關規範呈報曝險狀況及
風險相關資訊，同時確認管轄業務之風險限額及內
控程序之執行。新光銀行 永續報告書 2021
40 41共好 創新 低碳 永續治理 永續策略"
G-2-1,0.8394822523065621,"機會之管理目標
及實現情況辨識、評估和管理
氣候相關風險的流
程，如何與企業風
險管理機制融合1． 現有氣候治理架構
2． 董事會於氣候議題扮演的角色
及監督情形1． 新光銀行短中長期定義
2． 氣候風險、機會矩陣結果（含
重大性排序）列出氣候相關風險和機會之指標
（包含如實體資產氣候情境曝險
情形、營運碳足跡）1． 氣候風險與機會識別流程（議
題蒐整、收斂）
2． 氣候相關風險與傳統金融風險
連結
1． 現有氣候治理架構
2． 管理層級於氣候議題扮演的
角色重大風險與機會之潛在財務影響、
影響期間（短、中、長期）及因
應策略揭露新光銀行近三年溫室氣體排"
G-2-1,0.8357219947761173,"治理 策略 風險管理 指標與目標
董事會對氣候相關
風險和機會的監督
情況辨識出短期、中期
及長期氣候相關風
險和機會評估氣候相關風
險和機會時使用
的指標辨識和評估氣候相
關風險的流程
管理層級評估和管
理氣候相關風險和
機會的責任氣候相關風險和機
會對業務、策略和
財務規劃的影響範疇一、範疇二
和範疇三溫室氣
體排放管理氣候相關風險
的流程
不同情境對業務、
策略和財務規劃的
潛在影響氣候相關風險和
機會之管理目標
及實現情況辨識、評估和管理
氣候相關風險的流
程，如何與企業風
險管理機制融合1． 現有氣候治理架構
2． 董事會於氣候議題扮演的角色
及監督情形1． 新光銀行短中長期定義"
G-2-1,0.8293735414254668,"不同情境對業務、策略和財務規劃的潛在影響 p.60-61
風險管理辨識和評估氣候相關風險的流程 p.60-61
管理氣候相關風險的流程 p.60-61
辨識、評估和管理氣候相關風險的流程，如何與企業風險管理機制融合 p.60-61
指標與目標評估氣候相關風險和機會時使用的指標 p.60-61
範疇一、範疇二和範疇三溫室氣體排放 p.64
氣候相關風險和機會之管理目標及實現情況 p.60-61氣候相關財務揭露 3.1.3　 氣候相關財務揭露（TCFD）框架
治理 策略 風險管理 指標與目標
董事會對氣候相關
風險和機會的監督
情況辨識出短期、中期
及長期氣候相關風
險和機會評估氣候相關風"
G-2-1,0.8181588761660213,"2． 氣候相關風險與傳統金融風險
連結
1． 現有氣候治理架構
2． 管理層級於氣候議題扮演的
角色重大風險與機會之潛在財務影響、
影響期間（短、中、長期）及因
應策略揭露新光銀行近三年溫室氣體排
放情形，及投資組合碳排放針對鑑別出之重大風險與機會說
明該項目之管理作為
使用 NCDR RCP2.6 及RCP8.5進
行情境模擬，並建置風險地圖將依指標與目標工作坊結果，揭
露新光銀行針對目標之管理作為，
以及執行現況氣候變遷風險納入整體風險管理
政策之說明揭露項目 揭露項目 揭露項目 揭露項目 規劃內容 規劃內容 規劃內容 規劃內容"
G-2-1,0.8035412743578063,"風險管理制度 2.3.1　
1． 新光銀行風險管理部定期向高階管
理階層呈報信用風險管理分析報表，如風
險管理月報、風險評估報告等，範圍涵蓋資產
品質、評分卡預警、集中風險等，另分別有專責單
位定期對評分卡進行監控與驗證，並提出監控與驗證報告
予業務管理單位，使其適時反映風險以調整授信策略。
2． 依循主管機關規範，訂有「壓力測試」相關作業機制，定期檢視壓力
情境下之信用風險承受能力，分析報告並呈高階管理階層，以供信用風險管
理之衡量。
3．  為協助風險辨識及衡量，將信用風險陸續導入量化模型，其中企業金融業務、消費
金融業務之信用貸款、房屋貸款及信用卡及車貸業務等，皆已完成評等模型發展。"
G-2-2,0.8290092767504993,"機會之管理目標
及實現情況辨識、評估和管理
氣候相關風險的流
程，如何與企業風
險管理機制融合1． 現有氣候治理架構
2． 董事會於氣候議題扮演的角色
及監督情形1． 新光銀行短中長期定義
2． 氣候風險、機會矩陣結果（含
重大性排序）列出氣候相關風險和機會之指標
（包含如實體資產氣候情境曝險
情形、營運碳足跡）1． 氣候風險與機會識別流程（議
題蒐整、收斂）
2． 氣候相關風險與傳統金融風險
連結
1． 現有氣候治理架構
2． 管理層級於氣候議題扮演的
角色重大風險與機會之潛在財務影響、
影響期間（短、中、長期）及因
應策略揭露新光銀行近三年溫室氣體排"
G-2-2,0.8189257380746771,"治理 策略 風險管理 指標與目標
董事會對氣候相關
風險和機會的監督
情況辨識出短期、中期
及長期氣候相關風
險和機會評估氣候相關風
險和機會時使用
的指標辨識和評估氣候相
關風險的流程
管理層級評估和管
理氣候相關風險和
機會的責任氣候相關風險和機
會對業務、策略和
財務規劃的影響範疇一、範疇二
和範疇三溫室氣
體排放管理氣候相關風險
的流程
不同情境對業務、
策略和財務規劃的
潛在影響氣候相關風險和
機會之管理目標
及實現情況辨識、評估和管理
氣候相關風險的流
程，如何與企業風
險管理機制融合1． 現有氣候治理架構
2． 董事會於氣候議題扮演的角色
及監督情形1． 新光銀行短中長期定義"
G-2-2,0.8153118354756862,"2． 氣候相關風險與傳統金融風險
連結
1． 現有氣候治理架構
2． 管理層級於氣候議題扮演的
角色重大風險與機會之潛在財務影響、
影響期間（短、中、長期）及因
應策略揭露新光銀行近三年溫室氣體排
放情形，及投資組合碳排放針對鑑別出之重大風險與機會說
明該項目之管理作為
使用 NCDR RCP2.6 及RCP8.5進
行情境模擬，並建置風險地圖將依指標與目標工作坊結果，揭
露新光銀行針對目標之管理作為，
以及執行現況氣候變遷風險納入整體風險管理
政策之說明揭露項目 揭露項目 揭露項目 揭露項目 規劃內容 規劃內容 規劃內容 規劃內容"
G-2-2,0.8116048094149105,"不同情境對業務、策略和財務規劃的潛在影響 p.60-61
風險管理辨識和評估氣候相關風險的流程 p.60-61
管理氣候相關風險的流程 p.60-61
辨識、評估和管理氣候相關風險的流程，如何與企業風險管理機制融合 p.60-61
指標與目標評估氣候相關風險和機會時使用的指標 p.60-61
範疇一、範疇二和範疇三溫室氣體排放 p.64
氣候相關風險和機會之管理目標及實現情況 p.60-61氣候相關財務揭露 3.1.3　 氣候相關財務揭露（TCFD）框架
治理 策略 風險管理 指標與目標
董事會對氣候相關
風險和機會的監督
情況辨識出短期、中期
及長期氣候相關風
險和機會評估氣候相關風"
G-2-3,0.8496154926534909,"機會之管理目標
及實現情況辨識、評估和管理
氣候相關風險的流
程，如何與企業風
險管理機制融合1． 現有氣候治理架構
2． 董事會於氣候議題扮演的角色
及監督情形1． 新光銀行短中長期定義
2． 氣候風險、機會矩陣結果（含
重大性排序）列出氣候相關風險和機會之指標
（包含如實體資產氣候情境曝險
情形、營運碳足跡）1． 氣候風險與機會識別流程（議
題蒐整、收斂）
2． 氣候相關風險與傳統金融風險
連結
1． 現有氣候治理架構
2． 管理層級於氣候議題扮演的
角色重大風險與機會之潛在財務影響、
影響期間（短、中、長期）及因
應策略揭露新光銀行近三年溫室氣體排"
G-2-3,0.8386748662030633,"治理 策略 風險管理 指標與目標
董事會對氣候相關
風險和機會的監督
情況辨識出短期、中期
及長期氣候相關風
險和機會評估氣候相關風
險和機會時使用
的指標辨識和評估氣候相
關風險的流程
管理層級評估和管
理氣候相關風險和
機會的責任氣候相關風險和機
會對業務、策略和
財務規劃的影響範疇一、範疇二
和範疇三溫室氣
體排放管理氣候相關風險
的流程
不同情境對業務、
策略和財務規劃的
潛在影響氣候相關風險和
機會之管理目標
及實現情況辨識、評估和管理
氣候相關風險的流
程，如何與企業風
險管理機制融合1． 現有氣候治理架構
2． 董事會於氣候議題扮演的角色
及監督情形1． 新光銀行短中長期定義"
G-2-3,0.8307560844971698,"2． 氣候相關風險與傳統金融風險
連結
1． 現有氣候治理架構
2． 管理層級於氣候議題扮演的
角色重大風險與機會之潛在財務影響、
影響期間（短、中、長期）及因
應策略揭露新光銀行近三年溫室氣體排
放情形，及投資組合碳排放針對鑑別出之重大風險與機會說
明該項目之管理作為
使用 NCDR RCP2.6 及RCP8.5進
行情境模擬，並建置風險地圖將依指標與目標工作坊結果，揭
露新光銀行針對目標之管理作為，
以及執行現況氣候變遷風險納入整體風險管理
政策之說明揭露項目 揭露項目 揭露項目 揭露項目 規劃內容 規劃內容 規劃內容 規劃內容"
G-2-3,0.8301454609559439,"不同情境對業務、策略和財務規劃的潛在影響 p.60-61
風險管理辨識和評估氣候相關風險的流程 p.60-61
管理氣候相關風險的流程 p.60-61
辨識、評估和管理氣候相關風險的流程，如何與企業風險管理機制融合 p.60-61
指標與目標評估氣候相關風險和機會時使用的指標 p.60-61
範疇一、範疇二和範疇三溫室氣體排放 p.64
氣候相關風險和機會之管理目標及實現情況 p.60-61氣候相關財務揭露 3.1.3　 氣候相關財務揭露（TCFD）框架
治理 策略 風險管理 指標與目標
董事會對氣候相關
風險和機會的監督
情況辨識出短期、中期
及長期氣候相關風
險和機會評估氣候相關風"
G-2-3,0.8110283248209785,"風險管理制度 2.3.1　
1． 新光銀行風險管理部定期向高階管
理階層呈報信用風險管理分析報表，如風
險管理月報、風險評估報告等，範圍涵蓋資產
品質、評分卡預警、集中風險等，另分別有專責單
位定期對評分卡進行監控與驗證，並提出監控與驗證報告
予業務管理單位，使其適時反映風險以調整授信策略。
2． 依循主管機關規範，訂有「壓力測試」相關作業機制，定期檢視壓力
情境下之信用風險承受能力，分析報告並呈高階管理階層，以供信用風險管
理之衡量。
3．  為協助風險辨識及衡量，將信用風險陸續導入量化模型，其中企業金融業務、消費
金融業務之信用貸款、房屋貸款及信用卡及車貸業務等，皆已完成評等模型發展。"
G-2-3,0.802449418100283,"4．  訂有「壓力測試」相關作業機制，定期檢視壓力情
境下之市場風險承受能力，分析報告並呈報高
階管理階層，以供市場風險管理之衡量。1． 制定作業風險管理規範，
並導入作業風險事件資料收集、
作業風險控制自評及關鍵風險指標等
三大管理機制供全行各單位遵循，以利各
單位定期檢視作業風險控管機制之有效性及落實
度，於必要時將要求有關單位擬定因應措施，強化控
管機制。
2． 另為自動化作業風險管理流程，已導入作業風險管理系統，以提升
作業風險管理及全面監控內控有效性之效能，同時可節省紙張印製等行
政作業成本。市場風險
作業風險
新光銀行 永續報告書 2021"
G-2-3,0.8000382811906718,"行情形，並完成規範
「風險管理資訊」。
 ▪訂定資本適足性管
理、風險胃納及相關
因應策略，以提供管
理階層達成風險管理
目標。 ▪依權責職掌範圍，定
期或不定期向各階級
主管陳報各項風險管
理報表。
 ▪每季將風險評估成果
提報予董事會，做為
管理決策之參考。 ▪考量風險文化及風險
衡量之成熟度、業務
性質及實際需要，實
施風險調整後之獎酬
機制，落實風險與員
工獎酬之連結性。2.3　風險管理
目標 機制 績效考核 資訊滙報
2019年 2020年 2021年
自有資本第一類資本 70,035,238 78,365,529 79,940,847"
G-2-4,0.8333744153140605,"機會之管理目標
及實現情況辨識、評估和管理
氣候相關風險的流
程，如何與企業風
險管理機制融合1． 現有氣候治理架構
2． 董事會於氣候議題扮演的角色
及監督情形1． 新光銀行短中長期定義
2． 氣候風險、機會矩陣結果（含
重大性排序）列出氣候相關風險和機會之指標
（包含如實體資產氣候情境曝險
情形、營運碳足跡）1． 氣候風險與機會識別流程（議
題蒐整、收斂）
2． 氣候相關風險與傳統金融風險
連結
1． 現有氣候治理架構
2． 管理層級於氣候議題扮演的
角色重大風險與機會之潛在財務影響、
影響期間（短、中、長期）及因
應策略揭露新光銀行近三年溫室氣體排"
G-2-4,0.8263189064327913,"治理 策略 風險管理 指標與目標
董事會對氣候相關
風險和機會的監督
情況辨識出短期、中期
及長期氣候相關風
險和機會評估氣候相關風
險和機會時使用
的指標辨識和評估氣候相
關風險的流程
管理層級評估和管
理氣候相關風險和
機會的責任氣候相關風險和機
會對業務、策略和
財務規劃的影響範疇一、範疇二
和範疇三溫室氣
體排放管理氣候相關風險
的流程
不同情境對業務、
策略和財務規劃的
潛在影響氣候相關風險和
機會之管理目標
及實現情況辨識、評估和管理
氣候相關風險的流
程，如何與企業風
險管理機制融合1． 現有氣候治理架構
2． 董事會於氣候議題扮演的角色
及監督情形1． 新光銀行短中長期定義"
G-2-4,0.8175401393564572,"不同情境對業務、策略和財務規劃的潛在影響 p.60-61
風險管理辨識和評估氣候相關風險的流程 p.60-61
管理氣候相關風險的流程 p.60-61
辨識、評估和管理氣候相關風險的流程，如何與企業風險管理機制融合 p.60-61
指標與目標評估氣候相關風險和機會時使用的指標 p.60-61
範疇一、範疇二和範疇三溫室氣體排放 p.64
氣候相關風險和機會之管理目標及實現情況 p.60-61氣候相關財務揭露 3.1.3　 氣候相關財務揭露（TCFD）框架
治理 策略 風險管理 指標與目標
董事會對氣候相關
風險和機會的監督
情況辨識出短期、中期
及長期氣候相關風
險和機會評估氣候相關風"
G-2-4,0.8172105931479505,"2． 氣候相關風險與傳統金融風險
連結
1． 現有氣候治理架構
2． 管理層級於氣候議題扮演的
角色重大風險與機會之潛在財務影響、
影響期間（短、中、長期）及因
應策略揭露新光銀行近三年溫室氣體排
放情形，及投資組合碳排放針對鑑別出之重大風險與機會說
明該項目之管理作為
使用 NCDR RCP2.6 及RCP8.5進
行情境模擬，並建置風險地圖將依指標與目標工作坊結果，揭
露新光銀行針對目標之管理作為，
以及執行現況氣候變遷風險納入整體風險管理
政策之說明揭露項目 揭露項目 揭露項目 揭露項目 規劃內容 規劃內容 規劃內容 規劃內容"
S-1-1,0.8336775038384144,"機會之管理目標
及實現情況辨識、評估和管理
氣候相關風險的流
程，如何與企業風
險管理機制融合1． 現有氣候治理架構
2． 董事會於氣候議題扮演的角色
及監督情形1． 新光銀行短中長期定義
2． 氣候風險、機會矩陣結果（含
重大性排序）列出氣候相關風險和機會之指標
（包含如實體資產氣候情境曝險
情形、營運碳足跡）1． 氣候風險與機會識別流程（議
題蒐整、收斂）
2． 氣候相關風險與傳統金融風險
連結
1． 現有氣候治理架構
2． 管理層級於氣候議題扮演的
角色重大風險與機會之潛在財務影響、
影響期間（短、中、長期）及因
應策略揭露新光銀行近三年溫室氣體排"
S-1-1,0.829265561199582,"2． 氣候相關風險與傳統金融風險
連結
1． 現有氣候治理架構
2． 管理層級於氣候議題扮演的
角色重大風險與機會之潛在財務影響、
影響期間（短、中、長期）及因
應策略揭露新光銀行近三年溫室氣體排
放情形，及投資組合碳排放針對鑑別出之重大風險與機會說
明該項目之管理作為
使用 NCDR RCP2.6 及RCP8.5進
行情境模擬，並建置風險地圖將依指標與目標工作坊結果，揭
露新光銀行針對目標之管理作為，
以及執行現況氣候變遷風險納入整體風險管理
政策之說明揭露項目 揭露項目 揭露項目 揭露項目 規劃內容 規劃內容 規劃內容 規劃內容"
S-1-1,0.8133866938762541,"氣候變遷風險與機會
企業形象氣候變遷潛在機會經營風險
法規風險
信用風險
市場風險氣候變遷風險管理
致力推廣節能減碳
響應政府綠能政策
保障受災戶的權益
並協助重建家園減少公司能源耗用
強化因氣候變遷
對信用風險之管理與韌性
促進綠能產業發展減緩氣候變遷所導致的
營運中斷風險及減緩災害
帶來的投資不確定性
提高能資源使用效率
減少對環境的影響1． 若營運中斷，將會有營運成本損失之風險
2． 可能會引發投資人恐慌、金融市場動盪，
導致投資部位大幅波動極端氣候事件如熱浪、洪水、颶風等可
能會對各營業據點帶來災害衝擊，存有
潛在營運中斷之風險
因應節能減碳，能資源使用策略逐漸
改變"
S-1-1,0.8027940107337082,"治理 策略 風險管理 指標與目標
董事會對氣候相關
風險和機會的監督
情況辨識出短期、中期
及長期氣候相關風
險和機會評估氣候相關風
險和機會時使用
的指標辨識和評估氣候相
關風險的流程
管理層級評估和管
理氣候相關風險和
機會的責任氣候相關風險和機
會對業務、策略和
財務規劃的影響範疇一、範疇二
和範疇三溫室氣
體排放管理氣候相關風險
的流程
不同情境對業務、
策略和財務規劃的
潛在影響氣候相關風險和
機會之管理目標
及實現情況辨識、評估和管理
氣候相關風險的流
程，如何與企業風
險管理機制融合1． 現有氣候治理架構
2． 董事會於氣候議題扮演的角色
及監督情形1． 新光銀行短中長期定義"
S-1-1,0.8025481049460713,"不同情境對業務、策略和財務規劃的潛在影響 p.60-61
風險管理辨識和評估氣候相關風險的流程 p.60-61
管理氣候相關風險的流程 p.60-61
辨識、評估和管理氣候相關風險的流程，如何與企業風險管理機制融合 p.60-61
指標與目標評估氣候相關風險和機會時使用的指標 p.60-61
範疇一、範疇二和範疇三溫室氣體排放 p.64
氣候相關風險和機會之管理目標及實現情況 p.60-61氣候相關財務揭露 3.1.3　 氣候相關財務揭露（TCFD）框架
治理 策略 風險管理 指標與目標
董事會對氣候相關
風險和機會的監督
情況辨識出短期、中期
及長期氣候相關風
險和機會評估氣候相關風"
S-1-2,0.8386403373974207,"2． 氣候相關風險與傳統金融風險
連結
1． 現有氣候治理架構
2． 管理層級於氣候議題扮演的
角色重大風險與機會之潛在財務影響、
影響期間（短、中、長期）及因
應策略揭露新光銀行近三年溫室氣體排
放情形，及投資組合碳排放針對鑑別出之重大風險與機會說
明該項目之管理作為
使用 NCDR RCP2.6 及RCP8.5進
行情境模擬，並建置風險地圖將依指標與目標工作坊結果，揭
露新光銀行針對目標之管理作為，
以及執行現況氣候變遷風險納入整體風險管理
政策之說明揭露項目 揭露項目 揭露項目 揭露項目 規劃內容 規劃內容 規劃內容 規劃內容"
S-1-2,0.8375086418313425,"機會之管理目標
及實現情況辨識、評估和管理
氣候相關風險的流
程，如何與企業風
險管理機制融合1． 現有氣候治理架構
2． 董事會於氣候議題扮演的角色
及監督情形1． 新光銀行短中長期定義
2． 氣候風險、機會矩陣結果（含
重大性排序）列出氣候相關風險和機會之指標
（包含如實體資產氣候情境曝險
情形、營運碳足跡）1． 氣候風險與機會識別流程（議
題蒐整、收斂）
2． 氣候相關風險與傳統金融風險
連結
1． 現有氣候治理架構
2． 管理層級於氣候議題扮演的
角色重大風險與機會之潛在財務影響、
影響期間（短、中、長期）及因
應策略揭露新光銀行近三年溫室氣體排"
S-1-2,0.819587022127813,"不同情境對業務、策略和財務規劃的潛在影響 p.60-61
風險管理辨識和評估氣候相關風險的流程 p.60-61
管理氣候相關風險的流程 p.60-61
辨識、評估和管理氣候相關風險的流程，如何與企業風險管理機制融合 p.60-61
指標與目標評估氣候相關風險和機會時使用的指標 p.60-61
範疇一、範疇二和範疇三溫室氣體排放 p.64
氣候相關風險和機會之管理目標及實現情況 p.60-61氣候相關財務揭露 3.1.3　 氣候相關財務揭露（TCFD）框架
治理 策略 風險管理 指標與目標
董事會對氣候相關
風險和機會的監督
情況辨識出短期、中期
及長期氣候相關風
險和機會評估氣候相關風"
S-1-2,0.8191086343237901,"氣候變遷風險與機會
企業形象氣候變遷潛在機會經營風險
法規風險
信用風險
市場風險氣候變遷風險管理
致力推廣節能減碳
響應政府綠能政策
保障受災戶的權益
並協助重建家園減少公司能源耗用
強化因氣候變遷
對信用風險之管理與韌性
促進綠能產業發展減緩氣候變遷所導致的
營運中斷風險及減緩災害
帶來的投資不確定性
提高能資源使用效率
減少對環境的影響1． 若營運中斷，將會有營運成本損失之風險
2． 可能會引發投資人恐慌、金融市場動盪，
導致投資部位大幅波動極端氣候事件如熱浪、洪水、颶風等可
能會對各營業據點帶來災害衝擊，存有
潛在營運中斷之風險
因應節能減碳，能資源使用策略逐漸
改變"
S-1-2,0.8141386358005369,"治理 策略 風險管理 指標與目標
董事會對氣候相關
風險和機會的監督
情況辨識出短期、中期
及長期氣候相關風
險和機會評估氣候相關風
險和機會時使用
的指標辨識和評估氣候相
關風險的流程
管理層級評估和管
理氣候相關風險和
機會的責任氣候相關風險和機
會對業務、策略和
財務規劃的影響範疇一、範疇二
和範疇三溫室氣
體排放管理氣候相關風險
的流程
不同情境對業務、
策略和財務規劃的
潛在影響氣候相關風險和
機會之管理目標
及實現情況辨識、評估和管理
氣候相關風險的流
程，如何與企業風
險管理機制融合1． 現有氣候治理架構
2． 董事會於氣候議題扮演的角色
及監督情形1． 新光銀行短中長期定義"
S-1-2,0.8102365541248528,"2． 可能會引發投資人恐慌、金融市場動盪，
導致投資部位大幅波動極端氣候事件如熱浪、洪水、颶風等可
能會對各營業據點帶來災害衝擊，存有
潛在營運中斷之風險
因應節能減碳，能資源使用策略逐漸
改變
碳排放量將逐步受《溫管法》總量管制
極端氣候事件可能會對投融資對象帶來
衝擊，造成營運或擔保品價值減損
全球永續趨勢的改變將影響企業發展策
略，轉為以發展綠色低碳經濟為主流
響應國際及政府氣候變遷減碳與調適政
策，增加與外界溝通機會
極端氣候若對客戶造成負面衝擊日常行政庶務之能資源使用成本
將可能受到溫室氣體總量管制及排放交易制度
影響，而增加投入成本（如碳費等）
1． 衝擊投融資對象之營運"
S-1-3,0.8419671145909311,"機會之管理目標
及實現情況辨識、評估和管理
氣候相關風險的流
程，如何與企業風
險管理機制融合1． 現有氣候治理架構
2． 董事會於氣候議題扮演的角色
及監督情形1． 新光銀行短中長期定義
2． 氣候風險、機會矩陣結果（含
重大性排序）列出氣候相關風險和機會之指標
（包含如實體資產氣候情境曝險
情形、營運碳足跡）1． 氣候風險與機會識別流程（議
題蒐整、收斂）
2． 氣候相關風險與傳統金融風險
連結
1． 現有氣候治理架構
2． 管理層級於氣候議題扮演的
角色重大風險與機會之潛在財務影響、
影響期間（短、中、長期）及因
應策略揭露新光銀行近三年溫室氣體排"
S-1-3,0.8318780757513782,"2． 氣候相關風險與傳統金融風險
連結
1． 現有氣候治理架構
2． 管理層級於氣候議題扮演的
角色重大風險與機會之潛在財務影響、
影響期間（短、中、長期）及因
應策略揭露新光銀行近三年溫室氣體排
放情形，及投資組合碳排放針對鑑別出之重大風險與機會說
明該項目之管理作為
使用 NCDR RCP2.6 及RCP8.5進
行情境模擬，並建置風險地圖將依指標與目標工作坊結果，揭
露新光銀行針對目標之管理作為，
以及執行現況氣候變遷風險納入整體風險管理
政策之說明揭露項目 揭露項目 揭露項目 揭露項目 規劃內容 規劃內容 規劃內容 規劃內容"
S-1-3,0.8161648876895466,"治理 策略 風險管理 指標與目標
董事會對氣候相關
風險和機會的監督
情況辨識出短期、中期
及長期氣候相關風
險和機會評估氣候相關風
險和機會時使用
的指標辨識和評估氣候相
關風險的流程
管理層級評估和管
理氣候相關風險和
機會的責任氣候相關風險和機
會對業務、策略和
財務規劃的影響範疇一、範疇二
和範疇三溫室氣
體排放管理氣候相關風險
的流程
不同情境對業務、
策略和財務規劃的
潛在影響氣候相關風險和
機會之管理目標
及實現情況辨識、評估和管理
氣候相關風險的流
程，如何與企業風
險管理機制融合1． 現有氣候治理架構
2． 董事會於氣候議題扮演的角色
及監督情形1． 新光銀行短中長期定義"
S-1-3,0.8160612064422099,"不同情境對業務、策略和財務規劃的潛在影響 p.60-61
風險管理辨識和評估氣候相關風險的流程 p.60-61
管理氣候相關風險的流程 p.60-61
辨識、評估和管理氣候相關風險的流程，如何與企業風險管理機制融合 p.60-61
指標與目標評估氣候相關風險和機會時使用的指標 p.60-61
範疇一、範疇二和範疇三溫室氣體排放 p.64
氣候相關風險和機會之管理目標及實現情況 p.60-61氣候相關財務揭露 3.1.3　 氣候相關財務揭露（TCFD）框架
治理 策略 風險管理 指標與目標
董事會對氣候相關
風險和機會的監督
情況辨識出短期、中期
及長期氣候相關風
險和機會評估氣候相關風"
S-1-3,0.8010992859550851,"氣候變遷風險與機會
企業形象氣候變遷潛在機會經營風險
法規風險
信用風險
市場風險氣候變遷風險管理
致力推廣節能減碳
響應政府綠能政策
保障受災戶的權益
並協助重建家園減少公司能源耗用
強化因氣候變遷
對信用風險之管理與韌性
促進綠能產業發展減緩氣候變遷所導致的
營運中斷風險及減緩災害
帶來的投資不確定性
提高能資源使用效率
減少對環境的影響1． 若營運中斷，將會有營運成本損失之風險
2． 可能會引發投資人恐慌、金融市場動盪，
導致投資部位大幅波動極端氣候事件如熱浪、洪水、颶風等可
能會對各營業據點帶來災害衝擊，存有
潛在營運中斷之風險
因應節能減碳，能資源使用策略逐漸
改變"
S-1-4,0.8257993095476368,"機會之管理目標
及實現情況辨識、評估和管理
氣候相關風險的流
程，如何與企業風
險管理機制融合1． 現有氣候治理架構
2． 董事會於氣候議題扮演的角色
及監督情形1． 新光銀行短中長期定義
2． 氣候風險、機會矩陣結果（含
重大性排序）列出氣候相關風險和機會之指標
（包含如實體資產氣候情境曝險
情形、營運碳足跡）1． 氣候風險與機會識別流程（議
題蒐整、收斂）
2． 氣候相關風險與傳統金融風險
連結
1． 現有氣候治理架構
2． 管理層級於氣候議題扮演的
角色重大風險與機會之潛在財務影響、
影響期間（短、中、長期）及因
應策略揭露新光銀行近三年溫室氣體排"
S-1-4,0.8227739771513884,"2． 氣候相關風險與傳統金融風險
連結
1． 現有氣候治理架構
2． 管理層級於氣候議題扮演的
角色重大風險與機會之潛在財務影響、
影響期間（短、中、長期）及因
應策略揭露新光銀行近三年溫室氣體排
放情形，及投資組合碳排放針對鑑別出之重大風險與機會說
明該項目之管理作為
使用 NCDR RCP2.6 及RCP8.5進
行情境模擬，並建置風險地圖將依指標與目標工作坊結果，揭
露新光銀行針對目標之管理作為，
以及執行現況氣候變遷風險納入整體風險管理
政策之說明揭露項目 揭露項目 揭露項目 揭露項目 規劃內容 規劃內容 規劃內容 規劃內容"
S-1-4,0.8053893715181605,"不同情境對業務、策略和財務規劃的潛在影響 p.60-61
風險管理辨識和評估氣候相關風險的流程 p.60-61
管理氣候相關風險的流程 p.60-61
辨識、評估和管理氣候相關風險的流程，如何與企業風險管理機制融合 p.60-61
指標與目標評估氣候相關風險和機會時使用的指標 p.60-61
範疇一、範疇二和範疇三溫室氣體排放 p.64
氣候相關風險和機會之管理目標及實現情況 p.60-61氣候相關財務揭露 3.1.3　 氣候相關財務揭露（TCFD）框架
治理 策略 風險管理 指標與目標
董事會對氣候相關
風險和機會的監督
情況辨識出短期、中期
及長期氣候相關風
險和機會評估氣候相關風"
S-1-4,0.8044059169550073,"氣候變遷風險與機會
企業形象氣候變遷潛在機會經營風險
法規風險
信用風險
市場風險氣候變遷風險管理
致力推廣節能減碳
響應政府綠能政策
保障受災戶的權益
並協助重建家園減少公司能源耗用
強化因氣候變遷
對信用風險之管理與韌性
促進綠能產業發展減緩氣候變遷所導致的
營運中斷風險及減緩災害
帶來的投資不確定性
提高能資源使用效率
減少對環境的影響1． 若營運中斷，將會有營運成本損失之風險
2． 可能會引發投資人恐慌、金融市場動盪，
導致投資部位大幅波動極端氣候事件如熱浪、洪水、颶風等可
能會對各營業據點帶來災害衝擊，存有
潛在營運中斷之風險
因應節能減碳，能資源使用策略逐漸
改變"
S-1-4,0.8021101570431945,"治理 策略 風險管理 指標與目標
董事會對氣候相關
風險和機會的監督
情況辨識出短期、中期
及長期氣候相關風
險和機會評估氣候相關風
險和機會時使用
的指標辨識和評估氣候相
關風險的流程
管理層級評估和管
理氣候相關風險和
機會的責任氣候相關風險和機
會對業務、策略和
財務規劃的影響範疇一、範疇二
和範疇三溫室氣
體排放管理氣候相關風險
的流程
不同情境對業務、
策略和財務規劃的
潛在影響氣候相關風險和
機會之管理目標
及實現情況辨識、評估和管理
氣候相關風險的流
程，如何與企業風
險管理機制融合1． 現有氣候治理架構
2． 董事會於氣候議題扮演的角色
及監督情形1． 新光銀行短中長期定義"
 #S-1-5,0.8487856212063114,"2． 氣候相關風險與傳統金融風險
連結
1． 現有氣候治理架構
2． 管理層級於氣候議題扮演的
角色重大風險與機會之潛在財務影響、
影響期間（短、中、長期）及因
應策略揭露新光銀行近三年溫室氣體排
放情形，及投資組合碳排放針對鑑別出之重大風險與機會說
明該項目之管理作為
使用 NCDR RCP2.6 及RCP8.5進
行情境模擬，並建置風險地圖將依指標與目標工作坊結果，揭
露新光銀行針對目標之管理作為，
以及執行現況氣候變遷風險納入整體風險管理
政策之說明揭露項目 揭露項目 揭露項目 揭露項目 規劃內容 規劃內容 規劃內容 規劃內容"
 #S-1-5,0.8309859007253875,"機會之管理目標
及實現情況辨識、評估和管理
氣候相關風險的流
程，如何與企業風
險管理機制融合1． 現有氣候治理架構
2． 董事會於氣候議題扮演的角色
及監督情形1． 新光銀行短中長期定義
2． 氣候風險、機會矩陣結果（含
重大性排序）列出氣候相關風險和機會之指標
（包含如實體資產氣候情境曝險
情形、營運碳足跡）1． 氣候風險與機會識別流程（議
題蒐整、收斂）
2． 氣候相關風險與傳統金融風險
連結
1． 現有氣候治理架構
2． 管理層級於氣候議題扮演的
角色重大風險與機會之潛在財務影響、
影響期間（短、中、長期）及因
應策略揭露新光銀行近三年溫室氣體排"
 #S-1-5,0.8281544859791378,"之後，再依 18項E及S等環境社會風險因子逐一評估，依評估總分判定風險由高而低
為Ａ、Ｂ、 C類，再依各類進行後續相對應之審查及貸後管理。若授信戶屬上市櫃公司，
分別查詢 S&P、 MSCI、台灣證券交易所公司治理評鑑之 ESG分數 /等級 /級距等。新光銀行 永續報告書 2021
52 53共好 創新 低碳 永續治理 永續策略"
 #S-1-5,0.8140652581372795,"氣候變遷風險與機會
企業形象氣候變遷潛在機會經營風險
法規風險
信用風險
市場風險氣候變遷風險管理
致力推廣節能減碳
響應政府綠能政策
保障受災戶的權益
並協助重建家園減少公司能源耗用
強化因氣候變遷
對信用風險之管理與韌性
促進綠能產業發展減緩氣候變遷所導致的
營運中斷風險及減緩災害
帶來的投資不確定性
提高能資源使用效率
減少對環境的影響1． 若營運中斷，將會有營運成本損失之風險
2． 可能會引發投資人恐慌、金融市場動盪，
導致投資部位大幅波動極端氣候事件如熱浪、洪水、颶風等可
能會對各營業據點帶來災害衝擊，存有
潛在營運中斷之風險
因應節能減碳，能資源使用策略逐漸
改變"
 #S-1-5,0.811521358654859,"露新光銀行針對目標之管理作為，
以及執行現況氣候變遷風險納入整體風險管理
政策之說明揭露項目 揭露項目 揭露項目 揭露項目 規劃內容 規劃內容 規劃內容 規劃內容
註：TCFD 規劃內容預計於 TCFD報告書中公開揭露說明。新光銀行 永續報告書 2021
58 59共好 創新 低碳 永續治理 永續策略"
 #S-1-5,0.8055932358244077,"計並揭露新光銀行融資部位溫室氣體排放量。
2． 於2022年5月建立「資產組合」溫室氣體盤查機制，定義盤查邊界及目標，
並規劃進行 2021年融資部位溫室氣體盤查。
3．  規劃計算出 2022年融資部位溫室氣體後，以此作為基準年，設定新光銀行科
學基礎減碳（Science Based Targets, SBT）。
零碳信用卡計畫 – 碳足跡計算器 & 種樹計畫
為提升顧客綠色消費意識，降低銀行服務對環境造成之衝擊，我們與國際發卡組織 Mastercard
合作碳排放計算及種樹計畫，以「 OU點點卡」為產品標的，藉由 Mastercard 與瑞典金融科技公司"
 #S-1-5,0.8051789955238183,"不同情境對業務、策略和財務規劃的潛在影響 p.60-61
風險管理辨識和評估氣候相關風險的流程 p.60-61
管理氣候相關風險的流程 p.60-61
辨識、評估和管理氣候相關風險的流程，如何與企業風險管理機制融合 p.60-61
指標與目標評估氣候相關風險和機會時使用的指標 p.60-61
範疇一、範疇二和範疇三溫室氣體排放 p.64
氣候相關風險和機會之管理目標及實現情況 p.60-61氣候相關財務揭露 3.1.3　 氣候相關財務揭露（TCFD）框架
治理 策略 風險管理 指標與目標
董事會對氣候相關
風險和機會的監督
情況辨識出短期、中期
及長期氣候相關風
險和機會評估氣候相關風"
 #S-1-5,0.8046861934976047,"2． 可能會引發投資人恐慌、金融市場動盪，
導致投資部位大幅波動極端氣候事件如熱浪、洪水、颶風等可
能會對各營業據點帶來災害衝擊，存有
潛在營運中斷之風險
因應節能減碳，能資源使用策略逐漸
改變
碳排放量將逐步受《溫管法》總量管制
極端氣候事件可能會對投融資對象帶來
衝擊，造成營運或擔保品價值減損
全球永續趨勢的改變將影響企業發展策
略，轉為以發展綠色低碳經濟為主流
響應國際及政府氣候變遷減碳與調適政
策，增加與外界溝通機會
極端氣候若對客戶造成負面衝擊日常行政庶務之能資源使用成本
將可能受到溫室氣體總量管制及排放交易制度
影響，而增加投入成本（如碳費等）
1． 衝擊投融資對象之營運"
 #S-1-5,0.8020457777320942,"▪專案融資 （Project Finance）
 ▪專案相關公司貸款 （Project-Related Corporate Loans）
 ▪過渡性融資 （Bridge Loans）
 ▪專案相關再融資或併購融資 （Project-Related and Project-Related Acquisition Finance）
之後，再依 18項E及S等環境社會風險因子逐一評估，依評估總分判定風險由高而低
為Ａ、Ｂ、 C類，再依各類進行後續相對應之審查及貸後管理。若授信戶屬上市櫃公司，"
 #S-1-5,0.8015868828455076,"理之衡量。
3．  為協助風險辨識及衡量，將信用風險陸續導入量化模型，其中企業金融業務、消費
金融業務之信用貸款、房屋貸款及信用卡及車貸業務等，皆已完成評等模型發展。
4．  為協助風險辨識及衡量，信用風險已完成企、消金放款及信用卡業務之授信違約
損失率（LGD ）模型及 EAD-信用轉換因子（CCF） -模型。
5．  藉由上述量化模型建置及其相關系統上線，新光銀行信用風險之衡量，對於已完
成模型及系統上線之業務，採用違約機率、風險級距及違約損失率等指標，進行
信用風險程度衡量，使得可以標準化、精緻化進行風險管理。"
S-2-1,0.8545450723490221,"2． 氣候相關風險與傳統金融風險
連結
1． 現有氣候治理架構
2． 管理層級於氣候議題扮演的
角色重大風險與機會之潛在財務影響、
影響期間（短、中、長期）及因
應策略揭露新光銀行近三年溫室氣體排
放情形，及投資組合碳排放針對鑑別出之重大風險與機會說
明該項目之管理作為
使用 NCDR RCP2.6 及RCP8.5進
行情境模擬，並建置風險地圖將依指標與目標工作坊結果，揭
露新光銀行針對目標之管理作為，
以及執行現況氣候變遷風險納入整體風險管理
政策之說明揭露項目 揭露項目 揭露項目 揭露項目 規劃內容 規劃內容 規劃內容 規劃內容"
S-2-1,0.8464639620560888,"不同情境對業務、策略和財務規劃的潛在影響 p.60-61
風險管理辨識和評估氣候相關風險的流程 p.60-61
管理氣候相關風險的流程 p.60-61
辨識、評估和管理氣候相關風險的流程，如何與企業風險管理機制融合 p.60-61
指標與目標評估氣候相關風險和機會時使用的指標 p.60-61
範疇一、範疇二和範疇三溫室氣體排放 p.64
氣候相關風險和機會之管理目標及實現情況 p.60-61氣候相關財務揭露 3.1.3　 氣候相關財務揭露（TCFD）框架
治理 策略 風險管理 指標與目標
董事會對氣候相關
風險和機會的監督
情況辨識出短期、中期
及長期氣候相關風
險和機會評估氣候相關風"
S-2-1,0.843568104778466,"氣候變遷風險與機會
企業形象氣候變遷潛在機會經營風險
法規風險
信用風險
市場風險氣候變遷風險管理
致力推廣節能減碳
響應政府綠能政策
保障受災戶的權益
並協助重建家園減少公司能源耗用
強化因氣候變遷
對信用風險之管理與韌性
促進綠能產業發展減緩氣候變遷所導致的
營運中斷風險及減緩災害
帶來的投資不確定性
提高能資源使用效率
減少對環境的影響1． 若營運中斷，將會有營運成本損失之風險
2． 可能會引發投資人恐慌、金融市場動盪，
導致投資部位大幅波動極端氣候事件如熱浪、洪水、颶風等可
能會對各營業據點帶來災害衝擊，存有
潛在營運中斷之風險
因應節能減碳，能資源使用策略逐漸
改變"
S-2-1,0.8349676610181814,"2． 可能會引發投資人恐慌、金融市場動盪，
導致投資部位大幅波動極端氣候事件如熱浪、洪水、颶風等可
能會對各營業據點帶來災害衝擊，存有
潛在營運中斷之風險
因應節能減碳，能資源使用策略逐漸
改變
碳排放量將逐步受《溫管法》總量管制
極端氣候事件可能會對投融資對象帶來
衝擊，造成營運或擔保品價值減損
全球永續趨勢的改變將影響企業發展策
略，轉為以發展綠色低碳經濟為主流
響應國際及政府氣候變遷減碳與調適政
策，增加與外界溝通機會
極端氣候若對客戶造成負面衝擊日常行政庶務之能資源使用成本
將可能受到溫室氣體總量管制及排放交易制度
影響，而增加投入成本（如碳費等）
1． 衝擊投融資對象之營運"
S-2-1,0.8345712277610879,"機會之管理目標
及實現情況辨識、評估和管理
氣候相關風險的流
程，如何與企業風
險管理機制融合1． 現有氣候治理架構
2． 董事會於氣候議題扮演的角色
及監督情形1． 新光銀行短中長期定義
2． 氣候風險、機會矩陣結果（含
重大性排序）列出氣候相關風險和機會之指標
（包含如實體資產氣候情境曝險
情形、營運碳足跡）1． 氣候風險與機會識別流程（議
題蒐整、收斂）
2． 氣候相關風險與傳統金融風險
連結
1． 現有氣候治理架構
2． 管理層級於氣候議題扮演的
角色重大風險與機會之潛在財務影響、
影響期間（短、中、長期）及因
應策略揭露新光銀行近三年溫室氣體排"
S-2-1,0.8320420691389341,"策，增加與外界溝通機會
極端氣候若對客戶造成負面衝擊日常行政庶務之能資源使用成本
將可能受到溫室氣體總量管制及排放交易制度
影響，而增加投入成本（如碳費等）
1． 衝擊投融資對象之營運
2． 造成融資對象之擔保品價值減損
1． 辨識及控管相關風險，尋求潛在之綠色金
融發展機會
2． 提高對高碳排或 ESG高風險產業投融資之
門檻，逐步降低上述資產組合比重1． 訂有緊急事件通報及應變機制等營運不中
斷計畫
2． 設有市場風險通報機制，定期模擬壓力測
試，檢視公司資本適足率水位
1． 發展數位金融
2． 擬定綠色採購計畫
3． 導入各項節能設備
盤查營業據點之溫室氣體排放量，暸解溫室"
S-2-1,0.8224994747270371,"斷計畫
2． 設有市場風險通報機制，定期模擬壓力測
試，檢視公司資本適足率水位
1． 發展數位金融
2． 擬定綠色採購計畫
3． 導入各項節能設備
盤查營業據點之溫室氣體排放量，暸解溫室
氣體排放情形，以利擬定減碳策略及目標
1． 加強客戶資產防護作為
2． 降低高風險地區投融資部位在本行資產組
合的比重
1． 簽署 《赤道原則》 及響應 《責任投資原則》
2． 擬定再生能源投資及融資計畫
3． 引進綠能及水資源基金供客戶申購
4． 發行綠色債券
1． 響應國際環保運動  「Earth Hour 地球一
小時」
2． 持續推動「夏日節電 316行動」
3． 辦理學童環境教育活動"
S-2-1,0.821470417273795,"2022年TCFD規劃內容
2022年，新光銀行將按 TCFD指引之四大構面，從建構氣候治理組織與機制開始，將氣候議題納入風險管理流程，
全面啟動情境分析，進行氣候策略，對業務影響之財務評估，並訂定相關氣候目標，正式對氣候風險的減緩與調適，採
取具體行動。架構 揭露項目 實際作為對應
治理 管理層級評估和管理氣候相關風險和機會的責任 p.60-61
策略氣候相關風險和機會對業務、策略和財務規劃的影響 p.60-61
不同情境對業務、策略和財務規劃的潛在影響 p.60-61
風險管理辨識和評估氣候相關風險的流程 p.60-61
管理氣候相關風險的流程 p.60-61"
S-2-1,0.8150205164587789,"治理 策略 風險管理 指標與目標
董事會對氣候相關
風險和機會的監督
情況辨識出短期、中期
及長期氣候相關風
險和機會評估氣候相關風
險和機會時使用
的指標辨識和評估氣候相
關風險的流程
管理層級評估和管
理氣候相關風險和
機會的責任氣候相關風險和機
會對業務、策略和
財務規劃的影響範疇一、範疇二
和範疇三溫室氣
體排放管理氣候相關風險
的流程
不同情境對業務、
策略和財務規劃的
潛在影響氣候相關風險和
機會之管理目標
及實現情況辨識、評估和管理
氣候相關風險的流
程，如何與企業風
險管理機制融合1． 現有氣候治理架構
2． 董事會於氣候議題扮演的角色
及監督情形1． 新光銀行短中長期定義"
S-2-1,0.805911697411756,"計並揭露新光銀行融資部位溫室氣體排放量。
2． 於2022年5月建立「資產組合」溫室氣體盤查機制，定義盤查邊界及目標，
並規劃進行 2021年融資部位溫室氣體盤查。
3．  規劃計算出 2022年融資部位溫室氣體後，以此作為基準年，設定新光銀行科
學基礎減碳（Science Based Targets, SBT）。
零碳信用卡計畫 – 碳足跡計算器 & 種樹計畫
為提升顧客綠色消費意識，降低銀行服務對環境造成之衝擊，我們與國際發卡組織 Mastercard
合作碳排放計算及種樹計畫，以「 OU點點卡」為產品標的，藉由 Mastercard 與瑞典金融科技公司"
S-2-2,0.8550897149989042,"2． 氣候相關風險與傳統金融風險
連結
1． 現有氣候治理架構
2． 管理層級於氣候議題扮演的
角色重大風險與機會之潛在財務影響、
影響期間（短、中、長期）及因
應策略揭露新光銀行近三年溫室氣體排
放情形，及投資組合碳排放針對鑑別出之重大風險與機會說
明該項目之管理作為
使用 NCDR RCP2.6 及RCP8.5進
行情境模擬，並建置風險地圖將依指標與目標工作坊結果，揭
露新光銀行針對目標之管理作為，
以及執行現況氣候變遷風險納入整體風險管理
政策之說明揭露項目 揭露項目 揭露項目 揭露項目 規劃內容 規劃內容 規劃內容 規劃內容"
S-2-2,0.8450330660124319,"不同情境對業務、策略和財務規劃的潛在影響 p.60-61
風險管理辨識和評估氣候相關風險的流程 p.60-61
管理氣候相關風險的流程 p.60-61
辨識、評估和管理氣候相關風險的流程，如何與企業風險管理機制融合 p.60-61
指標與目標評估氣候相關風險和機會時使用的指標 p.60-61
範疇一、範疇二和範疇三溫室氣體排放 p.64
氣候相關風險和機會之管理目標及實現情況 p.60-61氣候相關財務揭露 3.1.3　 氣候相關財務揭露（TCFD）框架
治理 策略 風險管理 指標與目標
董事會對氣候相關
風險和機會的監督
情況辨識出短期、中期
及長期氣候相關風
險和機會評估氣候相關風"
S-2-2,0.8383927773459798,"機會之管理目標
及實現情況辨識、評估和管理
氣候相關風險的流
程，如何與企業風
險管理機制融合1． 現有氣候治理架構
2． 董事會於氣候議題扮演的角色
及監督情形1． 新光銀行短中長期定義
2． 氣候風險、機會矩陣結果（含
重大性排序）列出氣候相關風險和機會之指標
（包含如實體資產氣候情境曝險
情形、營運碳足跡）1． 氣候風險與機會識別流程（議
題蒐整、收斂）
2． 氣候相關風險與傳統金融風險
連結
1． 現有氣候治理架構
2． 管理層級於氣候議題扮演的
角色重大風險與機會之潛在財務影響、
影響期間（短、中、長期）及因
應策略揭露新光銀行近三年溫室氣體排"
S-2-2,0.833972141919642,"氣候變遷風險與機會
企業形象氣候變遷潛在機會經營風險
法規風險
信用風險
市場風險氣候變遷風險管理
致力推廣節能減碳
響應政府綠能政策
保障受災戶的權益
並協助重建家園減少公司能源耗用
強化因氣候變遷
對信用風險之管理與韌性
促進綠能產業發展減緩氣候變遷所導致的
營運中斷風險及減緩災害
帶來的投資不確定性
提高能資源使用效率
減少對環境的影響1． 若營運中斷，將會有營運成本損失之風險
2． 可能會引發投資人恐慌、金融市場動盪，
導致投資部位大幅波動極端氣候事件如熱浪、洪水、颶風等可
能會對各營業據點帶來災害衝擊，存有
潛在營運中斷之風險
因應節能減碳，能資源使用策略逐漸
改變"
S-2-2,0.8315198907593084,"2． 可能會引發投資人恐慌、金融市場動盪，
導致投資部位大幅波動極端氣候事件如熱浪、洪水、颶風等可
能會對各營業據點帶來災害衝擊，存有
潛在營運中斷之風險
因應節能減碳，能資源使用策略逐漸
改變
碳排放量將逐步受《溫管法》總量管制
極端氣候事件可能會對投融資對象帶來
衝擊，造成營運或擔保品價值減損
全球永續趨勢的改變將影響企業發展策
略，轉為以發展綠色低碳經濟為主流
響應國際及政府氣候變遷減碳與調適政
策，增加與外界溝通機會
極端氣候若對客戶造成負面衝擊日常行政庶務之能資源使用成本
將可能受到溫室氣體總量管制及排放交易制度
影響，而增加投入成本（如碳費等）
1． 衝擊投融資對象之營運"
S-2-2,0.825453905587378,"策，增加與外界溝通機會
極端氣候若對客戶造成負面衝擊日常行政庶務之能資源使用成本
將可能受到溫室氣體總量管制及排放交易制度
影響，而增加投入成本（如碳費等）
1． 衝擊投融資對象之營運
2． 造成融資對象之擔保品價值減損
1． 辨識及控管相關風險，尋求潛在之綠色金
融發展機會
2． 提高對高碳排或 ESG高風險產業投融資之
門檻，逐步降低上述資產組合比重1． 訂有緊急事件通報及應變機制等營運不中
斷計畫
2． 設有市場風險通報機制，定期模擬壓力測
試，檢視公司資本適足率水位
1． 發展數位金融
2． 擬定綠色採購計畫
3． 導入各項節能設備
盤查營業據點之溫室氣體排放量，暸解溫室"
S-2-2,0.8251405437686994,"2022年TCFD規劃內容
2022年，新光銀行將按 TCFD指引之四大構面，從建構氣候治理組織與機制開始，將氣候議題納入風險管理流程，
全面啟動情境分析，進行氣候策略，對業務影響之財務評估，並訂定相關氣候目標，正式對氣候風險的減緩與調適，採
取具體行動。架構 揭露項目 實際作為對應
治理 管理層級評估和管理氣候相關風險和機會的責任 p.60-61
策略氣候相關風險和機會對業務、策略和財務規劃的影響 p.60-61
不同情境對業務、策略和財務規劃的潛在影響 p.60-61
風險管理辨識和評估氣候相關風險的流程 p.60-61
管理氣候相關風險的流程 p.60-61"
S-2-2,0.8174817659712695,"斷計畫
2． 設有市場風險通報機制，定期模擬壓力測
試，檢視公司資本適足率水位
1． 發展數位金融
2． 擬定綠色採購計畫
3． 導入各項節能設備
盤查營業據點之溫室氣體排放量，暸解溫室
氣體排放情形，以利擬定減碳策略及目標
1． 加強客戶資產防護作為
2． 降低高風險地區投融資部位在本行資產組
合的比重
1． 簽署 《赤道原則》 及響應 《責任投資原則》
2． 擬定再生能源投資及融資計畫
3． 引進綠能及水資源基金供客戶申購
4． 發行綠色債券
1． 響應國際環保運動  「Earth Hour 地球一
小時」
2． 持續推動「夏日節電 316行動」
3． 辦理學童環境教育活動"
S-2-2,0.8169577542037336,"治理 策略 風險管理 指標與目標
董事會對氣候相關
風險和機會的監督
情況辨識出短期、中期
及長期氣候相關風
險和機會評估氣候相關風
險和機會時使用
的指標辨識和評估氣候相
關風險的流程
管理層級評估和管
理氣候相關風險和
機會的責任氣候相關風險和機
會對業務、策略和
財務規劃的影響範疇一、範疇二
和範疇三溫室氣
體排放管理氣候相關風險
的流程
不同情境對業務、
策略和財務規劃的
潛在影響氣候相關風險和
機會之管理目標
及實現情況辨識、評估和管理
氣候相關風險的流
程，如何與企業風
險管理機制融合1． 現有氣候治理架構
2． 董事會於氣候議題扮演的角色
及監督情形1． 新光銀行短中長期定義"
S-2-3,0.8513049490760501,"2． 氣候相關風險與傳統金融風險
連結
1． 現有氣候治理架構
2． 管理層級於氣候議題扮演的
角色重大風險與機會之潛在財務影響、
影響期間（短、中、長期）及因
應策略揭露新光銀行近三年溫室氣體排
放情形，及投資組合碳排放針對鑑別出之重大風險與機會說
明該項目之管理作為
使用 NCDR RCP2.6 及RCP8.5進
行情境模擬，並建置風險地圖將依指標與目標工作坊結果，揭
露新光銀行針對目標之管理作為，
以及執行現況氣候變遷風險納入整體風險管理
政策之說明揭露項目 揭露項目 揭露項目 揭露項目 規劃內容 規劃內容 規劃內容 規劃內容"
S-2-3,0.8401742824856868,"不同情境對業務、策略和財務規劃的潛在影響 p.60-61
風險管理辨識和評估氣候相關風險的流程 p.60-61
管理氣候相關風險的流程 p.60-61
辨識、評估和管理氣候相關風險的流程，如何與企業風險管理機制融合 p.60-61
指標與目標評估氣候相關風險和機會時使用的指標 p.60-61
範疇一、範疇二和範疇三溫室氣體排放 p.64
氣候相關風險和機會之管理目標及實現情況 p.60-61氣候相關財務揭露 3.1.3　 氣候相關財務揭露（TCFD）框架
治理 策略 風險管理 指標與目標
董事會對氣候相關
風險和機會的監督
情況辨識出短期、中期
及長期氣候相關風
險和機會評估氣候相關風"
S-2-3,0.8374786016650664,"機會之管理目標
及實現情況辨識、評估和管理
氣候相關風險的流
程，如何與企業風
險管理機制融合1． 現有氣候治理架構
2． 董事會於氣候議題扮演的角色
及監督情形1． 新光銀行短中長期定義
2． 氣候風險、機會矩陣結果（含
重大性排序）列出氣候相關風險和機會之指標
（包含如實體資產氣候情境曝險
情形、營運碳足跡）1． 氣候風險與機會識別流程（議
題蒐整、收斂）
2． 氣候相關風險與傳統金融風險
連結
1． 現有氣候治理架構
2． 管理層級於氣候議題扮演的
角色重大風險與機會之潛在財務影響、
影響期間（短、中、長期）及因
應策略揭露新光銀行近三年溫室氣體排"
S-2-3,0.8293489803494971,"氣候變遷風險與機會
企業形象氣候變遷潛在機會經營風險
法規風險
信用風險
市場風險氣候變遷風險管理
致力推廣節能減碳
響應政府綠能政策
保障受災戶的權益
並協助重建家園減少公司能源耗用
強化因氣候變遷
對信用風險之管理與韌性
促進綠能產業發展減緩氣候變遷所導致的
營運中斷風險及減緩災害
帶來的投資不確定性
提高能資源使用效率
減少對環境的影響1． 若營運中斷，將會有營運成本損失之風險
2． 可能會引發投資人恐慌、金融市場動盪，
導致投資部位大幅波動極端氣候事件如熱浪、洪水、颶風等可
能會對各營業據點帶來災害衝擊，存有
潛在營運中斷之風險
因應節能減碳，能資源使用策略逐漸
改變"
S-2-3,0.823097243479467,"2． 可能會引發投資人恐慌、金融市場動盪，
導致投資部位大幅波動極端氣候事件如熱浪、洪水、颶風等可
能會對各營業據點帶來災害衝擊，存有
潛在營運中斷之風險
因應節能減碳，能資源使用策略逐漸
改變
碳排放量將逐步受《溫管法》總量管制
極端氣候事件可能會對投融資對象帶來
衝擊，造成營運或擔保品價值減損
全球永續趨勢的改變將影響企業發展策
略，轉為以發展綠色低碳經濟為主流
響應國際及政府氣候變遷減碳與調適政
策，增加與外界溝通機會
極端氣候若對客戶造成負面衝擊日常行政庶務之能資源使用成本
將可能受到溫室氣體總量管制及排放交易制度
影響，而增加投入成本（如碳費等）
1． 衝擊投融資對象之營運"
S-2-3,0.818855205323694,"策，增加與外界溝通機會
極端氣候若對客戶造成負面衝擊日常行政庶務之能資源使用成本
將可能受到溫室氣體總量管制及排放交易制度
影響，而增加投入成本（如碳費等）
1． 衝擊投融資對象之營運
2． 造成融資對象之擔保品價值減損
1． 辨識及控管相關風險，尋求潛在之綠色金
融發展機會
2． 提高對高碳排或 ESG高風險產業投融資之
門檻，逐步降低上述資產組合比重1． 訂有緊急事件通報及應變機制等營運不中
斷計畫
2． 設有市場風險通報機制，定期模擬壓力測
試，檢視公司資本適足率水位
1． 發展數位金融
2． 擬定綠色採購計畫
3． 導入各項節能設備
盤查營業據點之溫室氣體排放量，暸解溫室"
S-2-3,0.81450352214152,"治理 策略 風險管理 指標與目標
董事會對氣候相關
風險和機會的監督
情況辨識出短期、中期
及長期氣候相關風
險和機會評估氣候相關風
險和機會時使用
的指標辨識和評估氣候相
關風險的流程
管理層級評估和管
理氣候相關風險和
機會的責任氣候相關風險和機
會對業務、策略和
財務規劃的影響範疇一、範疇二
和範疇三溫室氣
體排放管理氣候相關風險
的流程
不同情境對業務、
策略和財務規劃的
潛在影響氣候相關風險和
機會之管理目標
及實現情況辨識、評估和管理
氣候相關風險的流
程，如何與企業風
險管理機制融合1． 現有氣候治理架構
2． 董事會於氣候議題扮演的角色
及監督情形1． 新光銀行短中長期定義"
S-2-3,0.8103405725469777,"2022年TCFD規劃內容
2022年，新光銀行將按 TCFD指引之四大構面，從建構氣候治理組織與機制開始，將氣候議題納入風險管理流程，
全面啟動情境分析，進行氣候策略，對業務影響之財務評估，並訂定相關氣候目標，正式對氣候風險的減緩與調適，採
取具體行動。架構 揭露項目 實際作為對應
治理 管理層級評估和管理氣候相關風險和機會的責任 p.60-61
策略氣候相關風險和機會對業務、策略和財務規劃的影響 p.60-61
不同情境對業務、策略和財務規劃的潛在影響 p.60-61
風險管理辨識和評估氣候相關風險的流程 p.60-61
管理氣候相關風險的流程 p.60-61"
S-2-3,0.8057026911899905,"斷計畫
2． 設有市場風險通報機制，定期模擬壓力測
試，檢視公司資本適足率水位
1． 發展數位金融
2． 擬定綠色採購計畫
3． 導入各項節能設備
盤查營業據點之溫室氣體排放量，暸解溫室
氣體排放情形，以利擬定減碳策略及目標
1． 加強客戶資產防護作為
2． 降低高風險地區投融資部位在本行資產組
合的比重
1． 簽署 《赤道原則》 及響應 《責任投資原則》
2． 擬定再生能源投資及融資計畫
3． 引進綠能及水資源基金供客戶申購
4． 發行綠色債券
1． 響應國際環保運動  「Earth Hour 地球一
小時」
2． 持續推動「夏日節電 316行動」
3． 辦理學童環境教育活動"
S-2-4,0.8437717794238948,"2． 氣候相關風險與傳統金融風險
連結
1． 現有氣候治理架構
2． 管理層級於氣候議題扮演的
角色重大風險與機會之潛在財務影響、
影響期間（短、中、長期）及因
應策略揭露新光銀行近三年溫室氣體排
放情形，及投資組合碳排放針對鑑別出之重大風險與機會說
明該項目之管理作為
使用 NCDR RCP2.6 及RCP8.5進
行情境模擬，並建置風險地圖將依指標與目標工作坊結果，揭
露新光銀行針對目標之管理作為，
以及執行現況氣候變遷風險納入整體風險管理
政策之說明揭露項目 揭露項目 揭露項目 揭露項目 規劃內容 規劃內容 規劃內容 規劃內容"
S-2-4,0.8229512257228011,"不同情境對業務、策略和財務規劃的潛在影響 p.60-61
風險管理辨識和評估氣候相關風險的流程 p.60-61
管理氣候相關風險的流程 p.60-61
辨識、評估和管理氣候相關風險的流程，如何與企業風險管理機制融合 p.60-61
指標與目標評估氣候相關風險和機會時使用的指標 p.60-61
範疇一、範疇二和範疇三溫室氣體排放 p.64
氣候相關風險和機會之管理目標及實現情況 p.60-61氣候相關財務揭露 3.1.3　 氣候相關財務揭露（TCFD）框架
治理 策略 風險管理 指標與目標
董事會對氣候相關
風險和機會的監督
情況辨識出短期、中期
及長期氣候相關風
險和機會評估氣候相關風"
S-2-4,0.818176093153638,"機會之管理目標
及實現情況辨識、評估和管理
氣候相關風險的流
程，如何與企業風
險管理機制融合1． 現有氣候治理架構
2． 董事會於氣候議題扮演的角色
及監督情形1． 新光銀行短中長期定義
2． 氣候風險、機會矩陣結果（含
重大性排序）列出氣候相關風險和機會之指標
（包含如實體資產氣候情境曝險
情形、營運碳足跡）1． 氣候風險與機會識別流程（議
題蒐整、收斂）
2． 氣候相關風險與傳統金融風險
連結
1． 現有氣候治理架構
2． 管理層級於氣候議題扮演的
角色重大風險與機會之潛在財務影響、
影響期間（短、中、長期）及因
應策略揭露新光銀行近三年溫室氣體排"
S-2-4,0.8170786524386872,"2022年TCFD規劃內容
2022年，新光銀行將按 TCFD指引之四大構面，從建構氣候治理組織與機制開始，將氣候議題納入風險管理流程，
全面啟動情境分析，進行氣候策略，對業務影響之財務評估，並訂定相關氣候目標，正式對氣候風險的減緩與調適，採
取具體行動。架構 揭露項目 實際作為對應
治理 管理層級評估和管理氣候相關風險和機會的責任 p.60-61
策略氣候相關風險和機會對業務、策略和財務規劃的影響 p.60-61
不同情境對業務、策略和財務規劃的潛在影響 p.60-61
風險管理辨識和評估氣候相關風險的流程 p.60-61
管理氣候相關風險的流程 p.60-61"
S-2-4,0.816953413078337,"2． 可能會引發投資人恐慌、金融市場動盪，
導致投資部位大幅波動極端氣候事件如熱浪、洪水、颶風等可
能會對各營業據點帶來災害衝擊，存有
潛在營運中斷之風險
因應節能減碳，能資源使用策略逐漸
改變
碳排放量將逐步受《溫管法》總量管制
極端氣候事件可能會對投融資對象帶來
衝擊，造成營運或擔保品價值減損
全球永續趨勢的改變將影響企業發展策
略，轉為以發展綠色低碳經濟為主流
響應國際及政府氣候變遷減碳與調適政
策，增加與外界溝通機會
極端氣候若對客戶造成負面衝擊日常行政庶務之能資源使用成本
將可能受到溫室氣體總量管制及排放交易制度
影響，而增加投入成本（如碳費等）
1． 衝擊投融資對象之營運"
S-2-4,0.8167058214167597,"氣候變遷風險與機會
企業形象氣候變遷潛在機會經營風險
法規風險
信用風險
市場風險氣候變遷風險管理
致力推廣節能減碳
響應政府綠能政策
保障受災戶的權益
並協助重建家園減少公司能源耗用
強化因氣候變遷
對信用風險之管理與韌性
促進綠能產業發展減緩氣候變遷所導致的
營運中斷風險及減緩災害
帶來的投資不確定性
提高能資源使用效率
減少對環境的影響1． 若營運中斷，將會有營運成本損失之風險
2． 可能會引發投資人恐慌、金融市場動盪，
導致投資部位大幅波動極端氣候事件如熱浪、洪水、颶風等可
能會對各營業據點帶來災害衝擊，存有
潛在營運中斷之風險
因應節能減碳，能資源使用策略逐漸
改變"
S-2-4,0.8099993516614336,"策，增加與外界溝通機會
極端氣候若對客戶造成負面衝擊日常行政庶務之能資源使用成本
將可能受到溫室氣體總量管制及排放交易制度
影響，而增加投入成本（如碳費等）
1． 衝擊投融資對象之營運
2． 造成融資對象之擔保品價值減損
1． 辨識及控管相關風險，尋求潛在之綠色金
融發展機會
2． 提高對高碳排或 ESG高風險產業投融資之
門檻，逐步降低上述資產組合比重1． 訂有緊急事件通報及應變機制等營運不中
斷計畫
2． 設有市場風險通報機制，定期模擬壓力測
試，檢視公司資本適足率水位
1． 發展數位金融
2． 擬定綠色採購計畫
3． 導入各項節能設備
盤查營業據點之溫室氣體排放量，暸解溫室"
S-2-4,0.8040405880721149,"露新光銀行針對目標之管理作為，
以及執行現況氣候變遷風險納入整體風險管理
政策之說明揭露項目 揭露項目 揭露項目 揭露項目 規劃內容 規劃內容 規劃內容 規劃內容
註：TCFD 規劃內容預計於 TCFD報告書中公開揭露說明。新光銀行 永續報告書 2021
58 59共好 創新 低碳 永續治理 永續策略"
S-2-4,0.8027439824245257,"斷計畫
2． 設有市場風險通報機制，定期模擬壓力測
試，檢視公司資本適足率水位
1． 發展數位金融
2． 擬定綠色採購計畫
3． 導入各項節能設備
盤查營業據點之溫室氣體排放量，暸解溫室
氣體排放情形，以利擬定減碳策略及目標
1． 加強客戶資產防護作為
2． 降低高風險地區投融資部位在本行資產組
合的比重
1． 簽署 《赤道原則》 及響應 《責任投資原則》
2． 擬定再生能源投資及融資計畫
3． 引進綠能及水資源基金供客戶申購
4． 發行綠色債券
1． 響應國際環保運動  「Earth Hour 地球一
小時」
2． 持續推動「夏日節電 316行動」
3． 辦理學童環境教育活動"
S-2-5,0.8373608539070392,"2． 氣候相關風險與傳統金融風險
連結
1． 現有氣候治理架構
2． 管理層級於氣候議題扮演的
角色重大風險與機會之潛在財務影響、
影響期間（短、中、長期）及因
應策略揭露新光銀行近三年溫室氣體排
放情形，及投資組合碳排放針對鑑別出之重大風險與機會說
明該項目之管理作為
使用 NCDR RCP2.6 及RCP8.5進
行情境模擬，並建置風險地圖將依指標與目標工作坊結果，揭
露新光銀行針對目標之管理作為，
以及執行現況氣候變遷風險納入整體風險管理
政策之說明揭露項目 揭露項目 揭露項目 揭露項目 規劃內容 規劃內容 規劃內容 規劃內容"
S-2-5,0.8309537110698373,"不同情境對業務、策略和財務規劃的潛在影響 p.60-61
風險管理辨識和評估氣候相關風險的流程 p.60-61
管理氣候相關風險的流程 p.60-61
辨識、評估和管理氣候相關風險的流程，如何與企業風險管理機制融合 p.60-61
指標與目標評估氣候相關風險和機會時使用的指標 p.60-61
範疇一、範疇二和範疇三溫室氣體排放 p.64
氣候相關風險和機會之管理目標及實現情況 p.60-61氣候相關財務揭露 3.1.3　 氣候相關財務揭露（TCFD）框架
治理 策略 風險管理 指標與目標
董事會對氣候相關
風險和機會的監督
情況辨識出短期、中期
及長期氣候相關風
險和機會評估氣候相關風"
S-2-5,0.8197965341117607,"機會之管理目標
及實現情況辨識、評估和管理
氣候相關風險的流
程，如何與企業風
險管理機制融合1． 現有氣候治理架構
2． 董事會於氣候議題扮演的角色
及監督情形1． 新光銀行短中長期定義
2． 氣候風險、機會矩陣結果（含
重大性排序）列出氣候相關風險和機會之指標
（包含如實體資產氣候情境曝險
情形、營運碳足跡）1． 氣候風險與機會識別流程（議
題蒐整、收斂）
2． 氣候相關風險與傳統金融風險
連結
1． 現有氣候治理架構
2． 管理層級於氣候議題扮演的
角色重大風險與機會之潛在財務影響、
影響期間（短、中、長期）及因
應策略揭露新光銀行近三年溫室氣體排"
S-2-5,0.819059870420063,"氣候變遷風險與機會
企業形象氣候變遷潛在機會經營風險
法規風險
信用風險
市場風險氣候變遷風險管理
致力推廣節能減碳
響應政府綠能政策
保障受災戶的權益
並協助重建家園減少公司能源耗用
強化因氣候變遷
對信用風險之管理與韌性
促進綠能產業發展減緩氣候變遷所導致的
營運中斷風險及減緩災害
帶來的投資不確定性
提高能資源使用效率
減少對環境的影響1． 若營運中斷，將會有營運成本損失之風險
2． 可能會引發投資人恐慌、金融市場動盪，
導致投資部位大幅波動極端氣候事件如熱浪、洪水、颶風等可
能會對各營業據點帶來災害衝擊，存有
潛在營運中斷之風險
因應節能減碳，能資源使用策略逐漸
改變"
S-2-5,0.8121122574709817,"2． 可能會引發投資人恐慌、金融市場動盪，
導致投資部位大幅波動極端氣候事件如熱浪、洪水、颶風等可
能會對各營業據點帶來災害衝擊，存有
潛在營運中斷之風險
因應節能減碳，能資源使用策略逐漸
改變
碳排放量將逐步受《溫管法》總量管制
極端氣候事件可能會對投融資對象帶來
衝擊，造成營運或擔保品價值減損
全球永續趨勢的改變將影響企業發展策
略，轉為以發展綠色低碳經濟為主流
響應國際及政府氣候變遷減碳與調適政
策，增加與外界溝通機會
極端氣候若對客戶造成負面衝擊日常行政庶務之能資源使用成本
將可能受到溫室氣體總量管制及排放交易制度
影響，而增加投入成本（如碳費等）
1． 衝擊投融資對象之營運"
S-2-5,0.8106624691024797,"策，增加與外界溝通機會
極端氣候若對客戶造成負面衝擊日常行政庶務之能資源使用成本
將可能受到溫室氣體總量管制及排放交易制度
影響，而增加投入成本（如碳費等）
1． 衝擊投融資對象之營運
2． 造成融資對象之擔保品價值減損
1． 辨識及控管相關風險，尋求潛在之綠色金
融發展機會
2． 提高對高碳排或 ESG高風險產業投融資之
門檻，逐步降低上述資產組合比重1． 訂有緊急事件通報及應變機制等營運不中
斷計畫
2． 設有市場風險通報機制，定期模擬壓力測
試，檢視公司資本適足率水位
1． 發展數位金融
2． 擬定綠色採購計畫
3． 導入各項節能設備
盤查營業據點之溫室氣體排放量，暸解溫室"
S-2-5,0.8066125995024921,"2022年TCFD規劃內容
2022年，新光銀行將按 TCFD指引之四大構面，從建構氣候治理組織與機制開始，將氣候議題納入風險管理流程，
全面啟動情境分析，進行氣候策略，對業務影響之財務評估，並訂定相關氣候目標，正式對氣候風險的減緩與調適，採
取具體行動。架構 揭露項目 實際作為對應
治理 管理層級評估和管理氣候相關風險和機會的責任 p.60-61
策略氣候相關風險和機會對業務、策略和財務規劃的影響 p.60-61
不同情境對業務、策略和財務規劃的潛在影響 p.60-61
風險管理辨識和評估氣候相關風險的流程 p.60-61
管理氣候相關風險的流程 p.60-61"
S-2-5,0.8024062597274079,"治理 策略 風險管理 指標與目標
董事會對氣候相關
風險和機會的監督
情況辨識出短期、中期
及長期氣候相關風
險和機會評估氣候相關風
險和機會時使用
的指標辨識和評估氣候相
關風險的流程
管理層級評估和管
理氣候相關風險和
機會的責任氣候相關風險和機
會對業務、策略和
財務規劃的影響範疇一、範疇二
和範疇三溫室氣
體排放管理氣候相關風險
的流程
不同情境對業務、
策略和財務規劃的
潛在影響氣候相關風險和
機會之管理目標
及實現情況辨識、評估和管理
氣候相關風險的流
程，如何與企業風
險管理機制融合1． 現有氣候治理架構
2． 董事會於氣候議題扮演的角色
及監督情形1． 新光銀行短中長期定義"
S-2-6,0.8386948227358332,"策，增加與外界溝通機會
極端氣候若對客戶造成負面衝擊日常行政庶務之能資源使用成本
將可能受到溫室氣體總量管制及排放交易制度
影響，而增加投入成本（如碳費等）
1． 衝擊投融資對象之營運
2． 造成融資對象之擔保品價值減損
1． 辨識及控管相關風險，尋求潛在之綠色金
融發展機會
2． 提高對高碳排或 ESG高風險產業投融資之
門檻，逐步降低上述資產組合比重1． 訂有緊急事件通報及應變機制等營運不中
斷計畫
2． 設有市場風險通報機制，定期模擬壓力測
試，檢視公司資本適足率水位
1． 發展數位金融
2． 擬定綠色採購計畫
3． 導入各項節能設備
盤查營業據點之溫室氣體排放量，暸解溫室"
S-2-6,0.8213561360940578,"斷計畫
2． 設有市場風險通報機制，定期模擬壓力測
試，檢視公司資本適足率水位
1． 發展數位金融
2． 擬定綠色採購計畫
3． 導入各項節能設備
盤查營業據點之溫室氣體排放量，暸解溫室
氣體排放情形，以利擬定減碳策略及目標
1． 加強客戶資產防護作為
2． 降低高風險地區投融資部位在本行資產組
合的比重
1． 簽署 《赤道原則》 及響應 《責任投資原則》
2． 擬定再生能源投資及融資計畫
3． 引進綠能及水資源基金供客戶申購
4． 發行綠色債券
1． 響應國際環保運動  「Earth Hour 地球一
小時」
2． 持續推動「夏日節電 316行動」
3． 辦理學童環境教育活動"
S-2-6,0.8186898210901373,"2． 可能會引發投資人恐慌、金融市場動盪，
導致投資部位大幅波動極端氣候事件如熱浪、洪水、颶風等可
能會對各營業據點帶來災害衝擊，存有
潛在營運中斷之風險
因應節能減碳，能資源使用策略逐漸
改變
碳排放量將逐步受《溫管法》總量管制
極端氣候事件可能會對投融資對象帶來
衝擊，造成營運或擔保品價值減損
全球永續趨勢的改變將影響企業發展策
略，轉為以發展綠色低碳經濟為主流
響應國際及政府氣候變遷減碳與調適政
策，增加與外界溝通機會
極端氣候若對客戶造成負面衝擊日常行政庶務之能資源使用成本
將可能受到溫室氣體總量管制及排放交易制度
影響，而增加投入成本（如碳費等）
1． 衝擊投融資對象之營運"
S-2-6,0.8169060400206107,"計並揭露新光銀行融資部位溫室氣體排放量。
2． 於2022年5月建立「資產組合」溫室氣體盤查機制，定義盤查邊界及目標，
並規劃進行 2021年融資部位溫室氣體盤查。
3．  規劃計算出 2022年融資部位溫室氣體後，以此作為基準年，設定新光銀行科
學基礎減碳（Science Based Targets, SBT）。
零碳信用卡計畫 – 碳足跡計算器 & 種樹計畫
為提升顧客綠色消費意識，降低銀行服務對環境造成之衝擊，我們與國際發卡組織 Mastercard
合作碳排放計算及種樹計畫，以「 OU點點卡」為產品標的，藉由 Mastercard 與瑞典金融科技公司"
S-2-6,0.8157606361920544,"2． 氣候相關風險與傳統金融風險
連結
1． 現有氣候治理架構
2． 管理層級於氣候議題扮演的
角色重大風險與機會之潛在財務影響、
影響期間（短、中、長期）及因
應策略揭露新光銀行近三年溫室氣體排
放情形，及投資組合碳排放針對鑑別出之重大風險與機會說
明該項目之管理作為
使用 NCDR RCP2.6 及RCP8.5進
行情境模擬，並建置風險地圖將依指標與目標工作坊結果，揭
露新光銀行針對目標之管理作為，
以及執行現況氣候變遷風險納入整體風險管理
政策之說明揭露項目 揭露項目 揭露項目 揭露項目 規劃內容 規劃內容 規劃內容 規劃內容"
S-2-6,0.8059338034338,"氣候變遷風險與機會
企業形象氣候變遷潛在機會經營風險
法規風險
信用風險
市場風險氣候變遷風險管理
致力推廣節能減碳
響應政府綠能政策
保障受災戶的權益
並協助重建家園減少公司能源耗用
強化因氣候變遷
對信用風險之管理與韌性
促進綠能產業發展減緩氣候變遷所導致的
營運中斷風險及減緩災害
帶來的投資不確定性
提高能資源使用效率
減少對環境的影響1． 若營運中斷，將會有營運成本損失之風險
2． 可能會引發投資人恐慌、金融市場動盪，
導致投資部位大幅波動極端氣候事件如熱浪、洪水、颶風等可
能會對各營業據點帶來災害衝擊，存有
潛在營運中斷之風險
因應節能減碳，能資源使用策略逐漸
改變"
S-2-6,0.8031176563834233,"覆CDP問卷（金控 2021年CDP氣候變遷評比獲「B 」評級）策略與承諾
1 依循母公司之環境保護政策執行環境友善行動。
2 每年進行溫室氣體盤查，以掌握內部溫室氣體排放量，據以研擬減量計畫。
4 落實供應商管理，擬定供應商管理政策。以2019年為基準年，設定 2025年溫室氣體排放總量（類別 1 與類別 2 合計）
及單位營收排放量分別減少 6% 之減碳目標。
規劃 2022年導入 ISO 14001 環境管理系統、 ISO 50001 能源管理系統，全面
提升環境及能源管理效能。環境永續目標
3
5一致性
Alignment
利害關係人
Stakeholders衝擊與目標設定"
S-2-6,0.8029262253974868,"之車款，以實際行動減少溫室
氣體排放。
營運價值鏈溫室氣體排放
為強化溫室氣體排放管理， 2018年我們開始盤查範疇三（Scope 3 ）排放狀況，包括：員工商務旅行、廢棄物處理，
燃料及能源相關活動，所產生之間接溫室氣體排放，共計 2,175.53 t-CO 2e。項目 單位 2019年 2020年 2021年
總用油量 公升 606,971 462,528 412,672
溫室氣體排放量 t-CO 2e 1,433.3 1,092.2 974.5
註：
1. 統計數據經由第三方查證，並取得第三方查證聲明書。
2. 用油量包含公務車及業務油資補貼汽油量。"
S-3-1,0.8045918267037888,"2． 氣候相關風險與傳統金融風險
連結
1． 現有氣候治理架構
2． 管理層級於氣候議題扮演的
角色重大風險與機會之潛在財務影響、
影響期間（短、中、長期）及因
應策略揭露新光銀行近三年溫室氣體排
放情形，及投資組合碳排放針對鑑別出之重大風險與機會說
明該項目之管理作為
使用 NCDR RCP2.6 及RCP8.5進
行情境模擬，並建置風險地圖將依指標與目標工作坊結果，揭
露新光銀行針對目標之管理作為，
以及執行現況氣候變遷風險納入整體風險管理
政策之說明揭露項目 揭露項目 揭露項目 揭露項目 規劃內容 規劃內容 規劃內容 規劃內容"
S-3-1,0.8002554849744727,"2． 可能會引發投資人恐慌、金融市場動盪，
導致投資部位大幅波動極端氣候事件如熱浪、洪水、颶風等可
能會對各營業據點帶來災害衝擊，存有
潛在營運中斷之風險
因應節能減碳，能資源使用策略逐漸
改變
碳排放量將逐步受《溫管法》總量管制
極端氣候事件可能會對投融資對象帶來
衝擊，造成營運或擔保品價值減損
全球永續趨勢的改變將影響企業發展策
略，轉為以發展綠色低碳經濟為主流
響應國際及政府氣候變遷減碳與調適政
策，增加與外界溝通機會
極端氣候若對客戶造成負面衝擊日常行政庶務之能資源使用成本
將可能受到溫室氣體總量管制及排放交易制度
影響，而增加投入成本（如碳費等）
1． 衝擊投融資對象之營運"
S-3-2,0.8527869481735265,"2． 氣候相關風險與傳統金融風險
連結
1． 現有氣候治理架構
2． 管理層級於氣候議題扮演的
角色重大風險與機會之潛在財務影響、
影響期間（短、中、長期）及因
應策略揭露新光銀行近三年溫室氣體排
放情形，及投資組合碳排放針對鑑別出之重大風險與機會說
明該項目之管理作為
使用 NCDR RCP2.6 及RCP8.5進
行情境模擬，並建置風險地圖將依指標與目標工作坊結果，揭
露新光銀行針對目標之管理作為，
以及執行現況氣候變遷風險納入整體風險管理
政策之說明揭露項目 揭露項目 揭露項目 揭露項目 規劃內容 規劃內容 規劃內容 規劃內容"
S-3-2,0.8463820285825836,"機會之管理目標
及實現情況辨識、評估和管理
氣候相關風險的流
程，如何與企業風
險管理機制融合1． 現有氣候治理架構
2． 董事會於氣候議題扮演的角色
及監督情形1． 新光銀行短中長期定義
2． 氣候風險、機會矩陣結果（含
重大性排序）列出氣候相關風險和機會之指標
（包含如實體資產氣候情境曝險
情形、營運碳足跡）1． 氣候風險與機會識別流程（議
題蒐整、收斂）
2． 氣候相關風險與傳統金融風險
連結
1． 現有氣候治理架構
2． 管理層級於氣候議題扮演的
角色重大風險與機會之潛在財務影響、
影響期間（短、中、長期）及因
應策略揭露新光銀行近三年溫室氣體排"
S-3-2,0.8449692978306349,"不同情境對業務、策略和財務規劃的潛在影響 p.60-61
風險管理辨識和評估氣候相關風險的流程 p.60-61
管理氣候相關風險的流程 p.60-61
辨識、評估和管理氣候相關風險的流程，如何與企業風險管理機制融合 p.60-61
指標與目標評估氣候相關風險和機會時使用的指標 p.60-61
範疇一、範疇二和範疇三溫室氣體排放 p.64
氣候相關風險和機會之管理目標及實現情況 p.60-61氣候相關財務揭露 3.1.3　 氣候相關財務揭露（TCFD）框架
治理 策略 風險管理 指標與目標
董事會對氣候相關
風險和機會的監督
情況辨識出短期、中期
及長期氣候相關風
險和機會評估氣候相關風"
S-3-2,0.8301477474224755,"氣候變遷風險與機會
企業形象氣候變遷潛在機會經營風險
法規風險
信用風險
市場風險氣候變遷風險管理
致力推廣節能減碳
響應政府綠能政策
保障受災戶的權益
並協助重建家園減少公司能源耗用
強化因氣候變遷
對信用風險之管理與韌性
促進綠能產業發展減緩氣候變遷所導致的
營運中斷風險及減緩災害
帶來的投資不確定性
提高能資源使用效率
減少對環境的影響1． 若營運中斷，將會有營運成本損失之風險
2． 可能會引發投資人恐慌、金融市場動盪，
導致投資部位大幅波動極端氣候事件如熱浪、洪水、颶風等可
能會對各營業據點帶來災害衝擊，存有
潛在營運中斷之風險
因應節能減碳，能資源使用策略逐漸
改變"
S-3-2,0.8297411567748909,"治理 策略 風險管理 指標與目標
董事會對氣候相關
風險和機會的監督
情況辨識出短期、中期
及長期氣候相關風
險和機會評估氣候相關風
險和機會時使用
的指標辨識和評估氣候相
關風險的流程
管理層級評估和管
理氣候相關風險和
機會的責任氣候相關風險和機
會對業務、策略和
財務規劃的影響範疇一、範疇二
和範疇三溫室氣
體排放管理氣候相關風險
的流程
不同情境對業務、
策略和財務規劃的
潛在影響氣候相關風險和
機會之管理目標
及實現情況辨識、評估和管理
氣候相關風險的流
程，如何與企業風
險管理機制融合1． 現有氣候治理架構
2． 董事會於氣候議題扮演的角色
及監督情形1． 新光銀行短中長期定義"
S-3-2,0.8194298143828673,"2022年TCFD規劃內容
2022年，新光銀行將按 TCFD指引之四大構面，從建構氣候治理組織與機制開始，將氣候議題納入風險管理流程，
全面啟動情境分析，進行氣候策略，對業務影響之財務評估，並訂定相關氣候目標，正式對氣候風險的減緩與調適，採
取具體行動。架構 揭露項目 實際作為對應
治理 管理層級評估和管理氣候相關風險和機會的責任 p.60-61
策略氣候相關風險和機會對業務、策略和財務規劃的影響 p.60-61
不同情境對業務、策略和財務規劃的潛在影響 p.60-61
風險管理辨識和評估氣候相關風險的流程 p.60-61
管理氣候相關風險的流程 p.60-61"
S-3-2,0.8173129467695592,"策，增加與外界溝通機會
極端氣候若對客戶造成負面衝擊日常行政庶務之能資源使用成本
將可能受到溫室氣體總量管制及排放交易制度
影響，而增加投入成本（如碳費等）
1． 衝擊投融資對象之營運
2． 造成融資對象之擔保品價值減損
1． 辨識及控管相關風險，尋求潛在之綠色金
融發展機會
2． 提高對高碳排或 ESG高風險產業投融資之
門檻，逐步降低上述資產組合比重1． 訂有緊急事件通報及應變機制等營運不中
斷計畫
2． 設有市場風險通報機制，定期模擬壓力測
試，檢視公司資本適足率水位
1． 發展數位金融
2． 擬定綠色採購計畫
3． 導入各項節能設備
盤查營業據點之溫室氣體排放量，暸解溫室"
S-3-2,0.8148715694961414,"2． 可能會引發投資人恐慌、金融市場動盪，
導致投資部位大幅波動極端氣候事件如熱浪、洪水、颶風等可
能會對各營業據點帶來災害衝擊，存有
潛在營運中斷之風險
因應節能減碳，能資源使用策略逐漸
改變
碳排放量將逐步受《溫管法》總量管制
極端氣候事件可能會對投融資對象帶來
衝擊，造成營運或擔保品價值減損
全球永續趨勢的改變將影響企業發展策
略，轉為以發展綠色低碳經濟為主流
響應國際及政府氣候變遷減碳與調適政
策，增加與外界溝通機會
極端氣候若對客戶造成負面衝擊日常行政庶務之能資源使用成本
將可能受到溫室氣體總量管制及排放交易制度
影響，而增加投入成本（如碳費等）
1． 衝擊投融資對象之營運"
S-3-2,0.8035068193091486,"露新光銀行針對目標之管理作為，
以及執行現況氣候變遷風險納入整體風險管理
政策之說明揭露項目 揭露項目 揭露項目 揭露項目 規劃內容 規劃內容 規劃內容 規劃內容
註：TCFD 規劃內容預計於 TCFD報告書中公開揭露說明。新光銀行 永續報告書 2021
58 59共好 創新 低碳 永續治理 永續策略"
S-3-2,0.8005288283604901,"斷計畫
2． 設有市場風險通報機制，定期模擬壓力測
試，檢視公司資本適足率水位
1． 發展數位金融
2． 擬定綠色採購計畫
3． 導入各項節能設備
盤查營業據點之溫室氣體排放量，暸解溫室
氣體排放情形，以利擬定減碳策略及目標
1． 加強客戶資產防護作為
2． 降低高風險地區投融資部位在本行資產組
合的比重
1． 簽署 《赤道原則》 及響應 《責任投資原則》
2． 擬定再生能源投資及融資計畫
3． 引進綠能及水資源基金供客戶申購
4． 發行綠色債券
1． 響應國際環保運動  「Earth Hour 地球一
小時」
2． 持續推動「夏日節電 316行動」
3． 辦理學童環境教育活動"
S-3-3,0.8067659297373748,"2． 氣候相關風險與傳統金融風險
連結
1． 現有氣候治理架構
2． 管理層級於氣候議題扮演的
角色重大風險與機會之潛在財務影響、
影響期間（短、中、長期）及因
應策略揭露新光銀行近三年溫室氣體排
放情形，及投資組合碳排放針對鑑別出之重大風險與機會說
明該項目之管理作為
使用 NCDR RCP2.6 及RCP8.5進
行情境模擬，並建置風險地圖將依指標與目標工作坊結果，揭
露新光銀行針對目標之管理作為，
以及執行現況氣候變遷風險納入整體風險管理
政策之說明揭露項目 揭露項目 揭露項目 揭露項目 規劃內容 規劃內容 規劃內容 規劃內容"
R-1-1,0.8257459094905736,"2． 氣候相關風險與傳統金融風險
連結
1． 現有氣候治理架構
2． 管理層級於氣候議題扮演的
角色重大風險與機會之潛在財務影響、
影響期間（短、中、長期）及因
應策略揭露新光銀行近三年溫室氣體排
放情形，及投資組合碳排放針對鑑別出之重大風險與機會說
明該項目之管理作為
使用 NCDR RCP2.6 及RCP8.5進
行情境模擬，並建置風險地圖將依指標與目標工作坊結果，揭
露新光銀行針對目標之管理作為，
以及執行現況氣候變遷風險納入整體風險管理
政策之說明揭露項目 揭露項目 揭露項目 揭露項目 規劃內容 規劃內容 規劃內容 規劃內容"
R-1-1,0.8245348935555978,"不同情境對業務、策略和財務規劃的潛在影響 p.60-61
風險管理辨識和評估氣候相關風險的流程 p.60-61
管理氣候相關風險的流程 p.60-61
辨識、評估和管理氣候相關風險的流程，如何與企業風險管理機制融合 p.60-61
指標與目標評估氣候相關風險和機會時使用的指標 p.60-61
範疇一、範疇二和範疇三溫室氣體排放 p.64
氣候相關風險和機會之管理目標及實現情況 p.60-61氣候相關財務揭露 3.1.3　 氣候相關財務揭露（TCFD）框架
治理 策略 風險管理 指標與目標
董事會對氣候相關
風險和機會的監督
情況辨識出短期、中期
及長期氣候相關風
險和機會評估氣候相關風"
R-1-1,0.8123744108687194,"機會之管理目標
及實現情況辨識、評估和管理
氣候相關風險的流
程，如何與企業風
險管理機制融合1． 現有氣候治理架構
2． 董事會於氣候議題扮演的角色
及監督情形1． 新光銀行短中長期定義
2． 氣候風險、機會矩陣結果（含
重大性排序）列出氣候相關風險和機會之指標
（包含如實體資產氣候情境曝險
情形、營運碳足跡）1． 氣候風險與機會識別流程（議
題蒐整、收斂）
2． 氣候相關風險與傳統金融風險
連結
1． 現有氣候治理架構
2． 管理層級於氣候議題扮演的
角色重大風險與機會之潛在財務影響、
影響期間（短、中、長期）及因
應策略揭露新光銀行近三年溫室氣體排"
R-1-2,0.8442480072019316,"2． 氣候相關風險與傳統金融風險
連結
1． 現有氣候治理架構
2． 管理層級於氣候議題扮演的
角色重大風險與機會之潛在財務影響、
影響期間（短、中、長期）及因
應策略揭露新光銀行近三年溫室氣體排
放情形，及投資組合碳排放針對鑑別出之重大風險與機會說
明該項目之管理作為
使用 NCDR RCP2.6 及RCP8.5進
行情境模擬，並建置風險地圖將依指標與目標工作坊結果，揭
露新光銀行針對目標之管理作為，
以及執行現況氣候變遷風險納入整體風險管理
政策之說明揭露項目 揭露項目 揭露項目 揭露項目 規劃內容 規劃內容 規劃內容 規劃內容"
R-1-2,0.8147700588115029,"不同情境對業務、策略和財務規劃的潛在影響 p.60-61
風險管理辨識和評估氣候相關風險的流程 p.60-61
管理氣候相關風險的流程 p.60-61
辨識、評估和管理氣候相關風險的流程，如何與企業風險管理機制融合 p.60-61
指標與目標評估氣候相關風險和機會時使用的指標 p.60-61
範疇一、範疇二和範疇三溫室氣體排放 p.64
氣候相關風險和機會之管理目標及實現情況 p.60-61氣候相關財務揭露 3.1.3　 氣候相關財務揭露（TCFD）框架
治理 策略 風險管理 指標與目標
董事會對氣候相關
風險和機會的監督
情況辨識出短期、中期
及長期氣候相關風
險和機會評估氣候相關風"
R-1-2,0.8116210359515872,"機會之管理目標
及實現情況辨識、評估和管理
氣候相關風險的流
程，如何與企業風
險管理機制融合1． 現有氣候治理架構
2． 董事會於氣候議題扮演的角色
及監督情形1． 新光銀行短中長期定義
2． 氣候風險、機會矩陣結果（含
重大性排序）列出氣候相關風險和機會之指標
（包含如實體資產氣候情境曝險
情形、營運碳足跡）1． 氣候風險與機會識別流程（議
題蒐整、收斂）
2． 氣候相關風險與傳統金融風險
連結
1． 現有氣候治理架構
2． 管理層級於氣候議題扮演的
角色重大風險與機會之潛在財務影響、
影響期間（短、中、長期）及因
應策略揭露新光銀行近三年溫室氣體排"
R-1-2,0.8001846993423987,"氣候變遷風險與機會
企業形象氣候變遷潛在機會經營風險
法規風險
信用風險
市場風險氣候變遷風險管理
致力推廣節能減碳
響應政府綠能政策
保障受災戶的權益
並協助重建家園減少公司能源耗用
強化因氣候變遷
對信用風險之管理與韌性
促進綠能產業發展減緩氣候變遷所導致的
營運中斷風險及減緩災害
帶來的投資不確定性
提高能資源使用效率
減少對環境的影響1． 若營運中斷，將會有營運成本損失之風險
2． 可能會引發投資人恐慌、金融市場動盪，
導致投資部位大幅波動極端氣候事件如熱浪、洪水、颶風等可
能會對各營業據點帶來災害衝擊，存有
潛在營運中斷之風險
因應節能減碳，能資源使用策略逐漸
改變"
R-1-3,0.8409621124514768,"2． 氣候相關風險與傳統金融風險
連結
1． 現有氣候治理架構
2． 管理層級於氣候議題扮演的
角色重大風險與機會之潛在財務影響、
影響期間（短、中、長期）及因
應策略揭露新光銀行近三年溫室氣體排
放情形，及投資組合碳排放針對鑑別出之重大風險與機會說
明該項目之管理作為
使用 NCDR RCP2.6 及RCP8.5進
行情境模擬，並建置風險地圖將依指標與目標工作坊結果，揭
露新光銀行針對目標之管理作為，
以及執行現況氣候變遷風險納入整體風險管理
政策之說明揭露項目 揭露項目 揭露項目 揭露項目 規劃內容 規劃內容 規劃內容 規劃內容"
R-1-3,0.8234981864493511,"不同情境對業務、策略和財務規劃的潛在影響 p.60-61
風險管理辨識和評估氣候相關風險的流程 p.60-61
管理氣候相關風險的流程 p.60-61
辨識、評估和管理氣候相關風險的流程，如何與企業風險管理機制融合 p.60-61
指標與目標評估氣候相關風險和機會時使用的指標 p.60-61
範疇一、範疇二和範疇三溫室氣體排放 p.64
氣候相關風險和機會之管理目標及實現情況 p.60-61氣候相關財務揭露 3.1.3　 氣候相關財務揭露（TCFD）框架
治理 策略 風險管理 指標與目標
董事會對氣候相關
風險和機會的監督
情況辨識出短期、中期
及長期氣候相關風
險和機會評估氣候相關風"
R-1-3,0.8175011113747361,"機會之管理目標
及實現情況辨識、評估和管理
氣候相關風險的流
程，如何與企業風
險管理機制融合1． 現有氣候治理架構
2． 董事會於氣候議題扮演的角色
及監督情形1． 新光銀行短中長期定義
2． 氣候風險、機會矩陣結果（含
重大性排序）列出氣候相關風險和機會之指標
（包含如實體資產氣候情境曝險
情形、營運碳足跡）1． 氣候風險與機會識別流程（議
題蒐整、收斂）
2． 氣候相關風險與傳統金融風險
連結
1． 現有氣候治理架構
2． 管理層級於氣候議題扮演的
角色重大風險與機會之潛在財務影響、
影響期間（短、中、長期）及因
應策略揭露新光銀行近三年溫室氣體排"
#R-1-4,0.8646930324827933,"2． 氣候相關風險與傳統金融風險
連結
1． 現有氣候治理架構
2． 管理層級於氣候議題扮演的
角色重大風險與機會之潛在財務影響、
影響期間（短、中、長期）及因
應策略揭露新光銀行近三年溫室氣體排
放情形，及投資組合碳排放針對鑑別出之重大風險與機會說
明該項目之管理作為
使用 NCDR RCP2.6 及RCP8.5進
行情境模擬，並建置風險地圖將依指標與目標工作坊結果，揭
露新光銀行針對目標之管理作為，
以及執行現況氣候變遷風險納入整體風險管理
政策之說明揭露項目 揭露項目 揭露項目 揭露項目 規劃內容 規劃內容 規劃內容 規劃內容"
#R-1-4,0.820210942999744,"機會之管理目標
及實現情況辨識、評估和管理
氣候相關風險的流
程，如何與企業風
險管理機制融合1． 現有氣候治理架構
2． 董事會於氣候議題扮演的角色
及監督情形1． 新光銀行短中長期定義
2． 氣候風險、機會矩陣結果（含
重大性排序）列出氣候相關風險和機會之指標
（包含如實體資產氣候情境曝險
情形、營運碳足跡）1． 氣候風險與機會識別流程（議
題蒐整、收斂）
2． 氣候相關風險與傳統金融風險
連結
1． 現有氣候治理架構
2． 管理層級於氣候議題扮演的
角色重大風險與機會之潛在財務影響、
影響期間（短、中、長期）及因
應策略揭露新光銀行近三年溫室氣體排"
#R-1-4,0.8163602804792431,"不同情境對業務、策略和財務規劃的潛在影響 p.60-61
風險管理辨識和評估氣候相關風險的流程 p.60-61
管理氣候相關風險的流程 p.60-61
辨識、評估和管理氣候相關風險的流程，如何與企業風險管理機制融合 p.60-61
指標與目標評估氣候相關風險和機會時使用的指標 p.60-61
範疇一、範疇二和範疇三溫室氣體排放 p.64
氣候相關風險和機會之管理目標及實現情況 p.60-61氣候相關財務揭露 3.1.3　 氣候相關財務揭露（TCFD）框架
治理 策略 風險管理 指標與目標
董事會對氣候相關
風險和機會的監督
情況辨識出短期、中期
及長期氣候相關風
險和機會評估氣候相關風"
#R-1-4,0.8103745639803017,"期報告各類風險執行情形及完成「風險管理資訊」。
 ▪業務權責單位 ：負責日常風險之監控、衡量及評估
等執行層面之事務，並依相關規範呈報曝險狀況及
風險相關資訊，同時確認管轄業務之風險限額及內
控程序之執行。新光銀行 永續報告書 2021
40 41共好 創新 低碳 永續治理 永續策略"
#R-1-4,0.808840650502172,"之後，再依 18項E及S等環境社會風險因子逐一評估，依評估總分判定風險由高而低
為Ａ、Ｂ、 C類，再依各類進行後續相對應之審查及貸後管理。若授信戶屬上市櫃公司，
分別查詢 S&P、 MSCI、台灣證券交易所公司治理評鑑之 ESG分數 /等級 /級距等。新光銀行 永續報告書 2021
52 53共好 創新 低碳 永續治理 永續策略"
#R-1-4,0.8083276179886731,"成模型及系統上線之業務，採用違約機率、風險級距及違約損失率等指標，進行
信用風險程度衡量，使得可以標準化、精緻化進行風險管理。
6．  除風險衡量系統外，新光銀行之風險管理機制為獨立之審查機制、管理規範機制、
覆審機制、稽核機制等，以有效執行風險管理。信用風險
1． 市場風險管理單位定期向高階管理階層呈報市場風險管理報告，包含市場風險
控管日報表、市場風險月報等，使其適時掌握風險曝險狀況，作為決策之參考
依據。
2．  市場風險管理單位負責監控全行交易簿及銀行簿部位限額、損益限額、風險
值（VaR ）限額及執行停損預警機制，以符合每年設定之市場風險限額以及
市場風險政策之規範。"
#R-1-4,0.8050850080516391,"2022年TCFD規劃內容
2022年，新光銀行將按 TCFD指引之四大構面，從建構氣候治理組織與機制開始，將氣候議題納入風險管理流程，
全面啟動情境分析，進行氣候策略，對業務影響之財務評估，並訂定相關氣候目標，正式對氣候風險的減緩與調適，採
取具體行動。架構 揭露項目 實際作為對應
治理 管理層級評估和管理氣候相關風險和機會的責任 p.60-61
策略氣候相關風險和機會對業務、策略和財務規劃的影響 p.60-61
不同情境對業務、策略和財務規劃的潛在影響 p.60-61
風險管理辨識和評估氣候相關風險的流程 p.60-61
管理氣候相關風險的流程 p.60-61"
#R-1-4,0.8030375773712526,"4．  訂有「壓力測試」相關作業機制，定期檢視壓力情
境下之市場風險承受能力，分析報告並呈報高
階管理階層，以供市場風險管理之衡量。1． 制定作業風險管理規範，
並導入作業風險事件資料收集、
作業風險控制自評及關鍵風險指標等
三大管理機制供全行各單位遵循，以利各
單位定期檢視作業風險控管機制之有效性及落實
度，於必要時將要求有關單位擬定因應措施，強化控
管機制。
2． 另為自動化作業風險管理流程，已導入作業風險管理系統，以提升
作業風險管理及全面監控內控有效性之效能，同時可節省紙張印製等行
政作業成本。市場風險
作業風險
新光銀行 永續報告書 2021"
#R-1-4,0.8026521865884689,"風險管理制度 2.3.1　
1． 新光銀行風險管理部定期向高階管
理階層呈報信用風險管理分析報表，如風
險管理月報、風險評估報告等，範圍涵蓋資產
品質、評分卡預警、集中風險等，另分別有專責單
位定期對評分卡進行監控與驗證，並提出監控與驗證報告
予業務管理單位，使其適時反映風險以調整授信策略。
2． 依循主管機關規範，訂有「壓力測試」相關作業機制，定期檢視壓力
情境下之信用風險承受能力，分析報告並呈高階管理階層，以供信用風險管
理之衡量。
3．  為協助風險辨識及衡量，將信用風險陸續導入量化模型，其中企業金融業務、消費
金融業務之信用貸款、房屋貸款及信用卡及車貸業務等，皆已完成評等模型發展。"
#R-1-4,0.801940494904514,"氣候變遷風險與機會
企業形象氣候變遷潛在機會經營風險
法規風險
信用風險
市場風險氣候變遷風險管理
致力推廣節能減碳
響應政府綠能政策
保障受災戶的權益
並協助重建家園減少公司能源耗用
強化因氣候變遷
對信用風險之管理與韌性
促進綠能產業發展減緩氣候變遷所導致的
營運中斷風險及減緩災害
帶來的投資不確定性
提高能資源使用效率
減少對環境的影響1． 若營運中斷，將會有營運成本損失之風險
2． 可能會引發投資人恐慌、金融市場動盪，
導致投資部位大幅波動極端氣候事件如熱浪、洪水、颶風等可
能會對各營業據點帶來災害衝擊，存有
潛在營運中斷之風險
因應節能減碳，能資源使用策略逐漸
改變"
#R-1-5,0.8439422528894093,"2． 氣候相關風險與傳統金融風險
連結
1． 現有氣候治理架構
2． 管理層級於氣候議題扮演的
角色重大風險與機會之潛在財務影響、
影響期間（短、中、長期）及因
應策略揭露新光銀行近三年溫室氣體排
放情形，及投資組合碳排放針對鑑別出之重大風險與機會說
明該項目之管理作為
使用 NCDR RCP2.6 及RCP8.5進
行情境模擬，並建置風險地圖將依指標與目標工作坊結果，揭
露新光銀行針對目標之管理作為，
以及執行現況氣候變遷風險納入整體風險管理
政策之說明揭露項目 揭露項目 揭露項目 揭露項目 規劃內容 規劃內容 規劃內容 規劃內容"
#R-1-5,0.8079213434424524,"機會之管理目標
及實現情況辨識、評估和管理
氣候相關風險的流
程，如何與企業風
險管理機制融合1． 現有氣候治理架構
2． 董事會於氣候議題扮演的角色
及監督情形1． 新光銀行短中長期定義
2． 氣候風險、機會矩陣結果（含
重大性排序）列出氣候相關風險和機會之指標
（包含如實體資產氣候情境曝險
情形、營運碳足跡）1． 氣候風險與機會識別流程（議
題蒐整、收斂）
2． 氣候相關風險與傳統金融風險
連結
1． 現有氣候治理架構
2． 管理層級於氣候議題扮演的
角色重大風險與機會之潛在財務影響、
影響期間（短、中、長期）及因
應策略揭露新光銀行近三年溫室氣體排"
#R-1-5,0.8062161240985501,"不同情境對業務、策略和財務規劃的潛在影響 p.60-61
風險管理辨識和評估氣候相關風險的流程 p.60-61
管理氣候相關風險的流程 p.60-61
辨識、評估和管理氣候相關風險的流程，如何與企業風險管理機制融合 p.60-61
指標與目標評估氣候相關風險和機會時使用的指標 p.60-61
範疇一、範疇二和範疇三溫室氣體排放 p.64
氣候相關風險和機會之管理目標及實現情況 p.60-61氣候相關財務揭露 3.1.3　 氣候相關財務揭露（TCFD）框架
治理 策略 風險管理 指標與目標
董事會對氣候相關
風險和機會的監督
情況辨識出短期、中期
及長期氣候相關風
險和機會評估氣候相關風"
#R-1-5,0.8054474077285599,"期報告各類風險執行情形及完成「風險管理資訊」。
 ▪業務權責單位 ：負責日常風險之監控、衡量及評估
等執行層面之事務，並依相關規範呈報曝險狀況及
風險相關資訊，同時確認管轄業務之風險限額及內
控程序之執行。新光銀行 永續報告書 2021
40 41共好 創新 低碳 永續治理 永續策略"
R-2-1,0.8432553856992272,"2． 氣候相關風險與傳統金融風險
連結
1． 現有氣候治理架構
2． 管理層級於氣候議題扮演的
角色重大風險與機會之潛在財務影響、
影響期間（短、中、長期）及因
應策略揭露新光銀行近三年溫室氣體排
放情形，及投資組合碳排放針對鑑別出之重大風險與機會說
明該項目之管理作為
使用 NCDR RCP2.6 及RCP8.5進
行情境模擬，並建置風險地圖將依指標與目標工作坊結果，揭
露新光銀行針對目標之管理作為，
以及執行現況氣候變遷風險納入整體風險管理
政策之說明揭露項目 揭露項目 揭露項目 揭露項目 規劃內容 規劃內容 規劃內容 規劃內容"
R-2-1,0.8372100735564914,"機會之管理目標
及實現情況辨識、評估和管理
氣候相關風險的流
程，如何與企業風
險管理機制融合1． 現有氣候治理架構
2． 董事會於氣候議題扮演的角色
及監督情形1． 新光銀行短中長期定義
2． 氣候風險、機會矩陣結果（含
重大性排序）列出氣候相關風險和機會之指標
（包含如實體資產氣候情境曝險
情形、營運碳足跡）1． 氣候風險與機會識別流程（議
題蒐整、收斂）
2． 氣候相關風險與傳統金融風險
連結
1． 現有氣候治理架構
2． 管理層級於氣候議題扮演的
角色重大風險與機會之潛在財務影響、
影響期間（短、中、長期）及因
應策略揭露新光銀行近三年溫室氣體排"
R-2-1,0.8346928424924661,"不同情境對業務、策略和財務規劃的潛在影響 p.60-61
風險管理辨識和評估氣候相關風險的流程 p.60-61
管理氣候相關風險的流程 p.60-61
辨識、評估和管理氣候相關風險的流程，如何與企業風險管理機制融合 p.60-61
指標與目標評估氣候相關風險和機會時使用的指標 p.60-61
範疇一、範疇二和範疇三溫室氣體排放 p.64
氣候相關風險和機會之管理目標及實現情況 p.60-61氣候相關財務揭露 3.1.3　 氣候相關財務揭露（TCFD）框架
治理 策略 風險管理 指標與目標
董事會對氣候相關
風險和機會的監督
情況辨識出短期、中期
及長期氣候相關風
險和機會評估氣候相關風"
R-2-1,0.824777691013157,"治理 策略 風險管理 指標與目標
董事會對氣候相關
風險和機會的監督
情況辨識出短期、中期
及長期氣候相關風
險和機會評估氣候相關風
險和機會時使用
的指標辨識和評估氣候相
關風險的流程
管理層級評估和管
理氣候相關風險和
機會的責任氣候相關風險和機
會對業務、策略和
財務規劃的影響範疇一、範疇二
和範疇三溫室氣
體排放管理氣候相關風險
的流程
不同情境對業務、
策略和財務規劃的
潛在影響氣候相關風險和
機會之管理目標
及實現情況辨識、評估和管理
氣候相關風險的流
程，如何與企業風
險管理機制融合1． 現有氣候治理架構
2． 董事會於氣候議題扮演的角色
及監督情形1． 新光銀行短中長期定義"
R-2-1,0.8151557656956503,"4．  訂有「壓力測試」相關作業機制，定期檢視壓力情
境下之市場風險承受能力，分析報告並呈報高
階管理階層，以供市場風險管理之衡量。1． 制定作業風險管理規範，
並導入作業風險事件資料收集、
作業風險控制自評及關鍵風險指標等
三大管理機制供全行各單位遵循，以利各
單位定期檢視作業風險控管機制之有效性及落實
度，於必要時將要求有關單位擬定因應措施，強化控
管機制。
2． 另為自動化作業風險管理流程，已導入作業風險管理系統，以提升
作業風險管理及全面監控內控有效性之效能，同時可節省紙張印製等行
政作業成本。市場風險
作業風險
新光銀行 永續報告書 2021"
R-2-1,0.8145504105104884,"期報告各類風險執行情形及完成「風險管理資訊」。
 ▪業務權責單位 ：負責日常風險之監控、衡量及評估
等執行層面之事務，並依相關規範呈報曝險狀況及
風險相關資訊，同時確認管轄業務之風險限額及內
控程序之執行。新光銀行 永續報告書 2021
40 41共好 創新 低碳 永續治理 永續策略"
R-2-1,0.8095605186747381,"行情形，並完成規範
「風險管理資訊」。
 ▪訂定資本適足性管
理、風險胃納及相關
因應策略，以提供管
理階層達成風險管理
目標。 ▪依權責職掌範圍，定
期或不定期向各階級
主管陳報各項風險管
理報表。
 ▪每季將風險評估成果
提報予董事會，做為
管理決策之參考。 ▪考量風險文化及風險
衡量之成熟度、業務
性質及實際需要，實
施風險調整後之獎酬
機制，落實風險與員
工獎酬之連結性。2.3　風險管理
目標 機制 績效考核 資訊滙報
2019年 2020年 2021年
自有資本第一類資本 70,035,238 78,365,529 79,940,847"
R-2-1,0.8070748239901111,"2． 另為自動化作業風險管理流程，已導入作業風險管理系統，以提升
作業風險管理及全面監控內控有效性之效能，同時可節省紙張印製等行
政作業成本。市場風險
作業風險
新光銀行 永續報告書 2021
42 43共好 創新 低碳 永續治理 永續策略"
R-2-1,0.8028469050285892,"斷計畫
2． 設有市場風險通報機制，定期模擬壓力測
試，檢視公司資本適足率水位
1． 發展數位金融
2． 擬定綠色採購計畫
3． 導入各項節能設備
盤查營業據點之溫室氣體排放量，暸解溫室
氣體排放情形，以利擬定減碳策略及目標
1． 加強客戶資產防護作為
2． 降低高風險地區投融資部位在本行資產組
合的比重
1． 簽署 《赤道原則》 及響應 《責任投資原則》
2． 擬定再生能源投資及融資計畫
3． 引進綠能及水資源基金供客戶申購
4． 發行綠色債券
1． 響應國際環保運動  「Earth Hour 地球一
小時」
2． 持續推動「夏日節電 316行動」
3． 辦理學童環境教育活動"
R-2-1,0.8015522802828802,"氣候變遷風險與機會
企業形象氣候變遷潛在機會經營風險
法規風險
信用風險
市場風險氣候變遷風險管理
致力推廣節能減碳
響應政府綠能政策
保障受災戶的權益
並協助重建家園減少公司能源耗用
強化因氣候變遷
對信用風險之管理與韌性
促進綠能產業發展減緩氣候變遷所導致的
營運中斷風險及減緩災害
帶來的投資不確定性
提高能資源使用效率
減少對環境的影響1． 若營運中斷，將會有營運成本損失之風險
2． 可能會引發投資人恐慌、金融市場動盪，
導致投資部位大幅波動極端氣候事件如熱浪、洪水、颶風等可
能會對各營業據點帶來災害衝擊，存有
潛在營運中斷之風險
因應節能減碳，能資源使用策略逐漸
改變"
R-2-2,0.8417524185446166,"2． 氣候相關風險與傳統金融風險
連結
1． 現有氣候治理架構
2． 管理層級於氣候議題扮演的
角色重大風險與機會之潛在財務影響、
影響期間（短、中、長期）及因
應策略揭露新光銀行近三年溫室氣體排
放情形，及投資組合碳排放針對鑑別出之重大風險與機會說
明該項目之管理作為
使用 NCDR RCP2.6 及RCP8.5進
行情境模擬，並建置風險地圖將依指標與目標工作坊結果，揭
露新光銀行針對目標之管理作為，
以及執行現況氣候變遷風險納入整體風險管理
政策之說明揭露項目 揭露項目 揭露項目 揭露項目 規劃內容 規劃內容 規劃內容 規劃內容"
R-2-2,0.8307469491677549,"機會之管理目標
及實現情況辨識、評估和管理
氣候相關風險的流
程，如何與企業風
險管理機制融合1． 現有氣候治理架構
2． 董事會於氣候議題扮演的角色
及監督情形1． 新光銀行短中長期定義
2． 氣候風險、機會矩陣結果（含
重大性排序）列出氣候相關風險和機會之指標
（包含如實體資產氣候情境曝險
情形、營運碳足跡）1． 氣候風險與機會識別流程（議
題蒐整、收斂）
2． 氣候相關風險與傳統金融風險
連結
1． 現有氣候治理架構
2． 管理層級於氣候議題扮演的
角色重大風險與機會之潛在財務影響、
影響期間（短、中、長期）及因
應策略揭露新光銀行近三年溫室氣體排"
R-2-2,0.8240461060167049,"不同情境對業務、策略和財務規劃的潛在影響 p.60-61
風險管理辨識和評估氣候相關風險的流程 p.60-61
管理氣候相關風險的流程 p.60-61
辨識、評估和管理氣候相關風險的流程，如何與企業風險管理機制融合 p.60-61
指標與目標評估氣候相關風險和機會時使用的指標 p.60-61
範疇一、範疇二和範疇三溫室氣體排放 p.64
氣候相關風險和機會之管理目標及實現情況 p.60-61氣候相關財務揭露 3.1.3　 氣候相關財務揭露（TCFD）框架
治理 策略 風險管理 指標與目標
董事會對氣候相關
風險和機會的監督
情況辨識出短期、中期
及長期氣候相關風
險和機會評估氣候相關風"
R-2-2,0.8196043234091267,"治理 策略 風險管理 指標與目標
董事會對氣候相關
風險和機會的監督
情況辨識出短期、中期
及長期氣候相關風
險和機會評估氣候相關風
險和機會時使用
的指標辨識和評估氣候相
關風險的流程
管理層級評估和管
理氣候相關風險和
機會的責任氣候相關風險和機
會對業務、策略和
財務規劃的影響範疇一、範疇二
和範疇三溫室氣
體排放管理氣候相關風險
的流程
不同情境對業務、
策略和財務規劃的
潛在影響氣候相關風險和
機會之管理目標
及實現情況辨識、評估和管理
氣候相關風險的流
程，如何與企業風
險管理機制融合1． 現有氣候治理架構
2． 董事會於氣候議題扮演的角色
及監督情形1． 新光銀行短中長期定義"
R-2-2,0.8057177797617574,"4．  訂有「壓力測試」相關作業機制，定期檢視壓力情
境下之市場風險承受能力，分析報告並呈報高
階管理階層，以供市場風險管理之衡量。1． 制定作業風險管理規範，
並導入作業風險事件資料收集、
作業風險控制自評及關鍵風險指標等
三大管理機制供全行各單位遵循，以利各
單位定期檢視作業風險控管機制之有效性及落實
度，於必要時將要求有關單位擬定因應措施，強化控
管機制。
2． 另為自動化作業風險管理流程，已導入作業風險管理系統，以提升
作業風險管理及全面監控內控有效性之效能，同時可節省紙張印製等行
政作業成本。市場風險
作業風險
新光銀行 永續報告書 2021"
R-2-2,0.8048074499807705,"期報告各類風險執行情形及完成「風險管理資訊」。
 ▪業務權責單位 ：負責日常風險之監控、衡量及評估
等執行層面之事務，並依相關規範呈報曝險狀況及
風險相關資訊，同時確認管轄業務之風險限額及內
控程序之執行。新光銀行 永續報告書 2021
40 41共好 創新 低碳 永續治理 永續策略"
R-2-2,0.8020410994319095,"行情形，並完成規範
「風險管理資訊」。
 ▪訂定資本適足性管
理、風險胃納及相關
因應策略，以提供管
理階層達成風險管理
目標。 ▪依權責職掌範圍，定
期或不定期向各階級
主管陳報各項風險管
理報表。
 ▪每季將風險評估成果
提報予董事會，做為
管理決策之參考。 ▪考量風險文化及風險
衡量之成熟度、業務
性質及實際需要，實
施風險調整後之獎酬
機制，落實風險與員
工獎酬之連結性。2.3　風險管理
目標 機制 績效考核 資訊滙報
2019年 2020年 2021年
自有資本第一類資本 70,035,238 78,365,529 79,940,847"
R-2-2,0.8019366595412996,"2． 另為自動化作業風險管理流程，已導入作業風險管理系統，以提升
作業風險管理及全面監控內控有效性之效能，同時可節省紙張印製等行
政作業成本。市場風險
作業風險
新光銀行 永續報告書 2021
42 43共好 創新 低碳 永續治理 永續策略"
R-2-3,0.8414093326610258,"2． 氣候相關風險與傳統金融風險
連結
1． 現有氣候治理架構
2． 管理層級於氣候議題扮演的
角色重大風險與機會之潛在財務影響、
影響期間（短、中、長期）及因
應策略揭露新光銀行近三年溫室氣體排
放情形，及投資組合碳排放針對鑑別出之重大風險與機會說
明該項目之管理作為
使用 NCDR RCP2.6 及RCP8.5進
行情境模擬，並建置風險地圖將依指標與目標工作坊結果，揭
露新光銀行針對目標之管理作為，
以及執行現況氣候變遷風險納入整體風險管理
政策之說明揭露項目 揭露項目 揭露項目 揭露項目 規劃內容 規劃內容 規劃內容 規劃內容"
R-2-3,0.8222473733526692,"機會之管理目標
及實現情況辨識、評估和管理
氣候相關風險的流
程，如何與企業風
險管理機制融合1． 現有氣候治理架構
2． 董事會於氣候議題扮演的角色
及監督情形1． 新光銀行短中長期定義
2． 氣候風險、機會矩陣結果（含
重大性排序）列出氣候相關風險和機會之指標
（包含如實體資產氣候情境曝險
情形、營運碳足跡）1． 氣候風險與機會識別流程（議
題蒐整、收斂）
2． 氣候相關風險與傳統金融風險
連結
1． 現有氣候治理架構
2． 管理層級於氣候議題扮演的
角色重大風險與機會之潛在財務影響、
影響期間（短、中、長期）及因
應策略揭露新光銀行近三年溫室氣體排"
R-2-3,0.8191198875323424,"不同情境對業務、策略和財務規劃的潛在影響 p.60-61
風險管理辨識和評估氣候相關風險的流程 p.60-61
管理氣候相關風險的流程 p.60-61
辨識、評估和管理氣候相關風險的流程，如何與企業風險管理機制融合 p.60-61
指標與目標評估氣候相關風險和機會時使用的指標 p.60-61
範疇一、範疇二和範疇三溫室氣體排放 p.64
氣候相關風險和機會之管理目標及實現情況 p.60-61氣候相關財務揭露 3.1.3　 氣候相關財務揭露（TCFD）框架
治理 策略 風險管理 指標與目標
董事會對氣候相關
風險和機會的監督
情況辨識出短期、中期
及長期氣候相關風
險和機會評估氣候相關風"
R-2-3,0.8099018238539794,"治理 策略 風險管理 指標與目標
董事會對氣候相關
風險和機會的監督
情況辨識出短期、中期
及長期氣候相關風
險和機會評估氣候相關風
險和機會時使用
的指標辨識和評估氣候相
關風險的流程
管理層級評估和管
理氣候相關風險和
機會的責任氣候相關風險和機
會對業務、策略和
財務規劃的影響範疇一、範疇二
和範疇三溫室氣
體排放管理氣候相關風險
的流程
不同情境對業務、
策略和財務規劃的
潛在影響氣候相關風險和
機會之管理目標
及實現情況辨識、評估和管理
氣候相關風險的流
程，如何與企業風
險管理機制融合1． 現有氣候治理架構
2． 董事會於氣候議題扮演的角色
及監督情形1． 新光銀行短中長期定義"
R-2-3,0.8067859284169931,"氣候變遷風險與機會
企業形象氣候變遷潛在機會經營風險
法規風險
信用風險
市場風險氣候變遷風險管理
致力推廣節能減碳
響應政府綠能政策
保障受災戶的權益
並協助重建家園減少公司能源耗用
強化因氣候變遷
對信用風險之管理與韌性
促進綠能產業發展減緩氣候變遷所導致的
營運中斷風險及減緩災害
帶來的投資不確定性
提高能資源使用效率
減少對環境的影響1． 若營運中斷，將會有營運成本損失之風險
2． 可能會引發投資人恐慌、金融市場動盪，
導致投資部位大幅波動極端氣候事件如熱浪、洪水、颶風等可
能會對各營業據點帶來災害衝擊，存有
潛在營運中斷之風險
因應節能減碳，能資源使用策略逐漸
改變"
R-2-3,0.803569386305763,"2． 另為自動化作業風險管理流程，已導入作業風險管理系統，以提升
作業風險管理及全面監控內控有效性之效能，同時可節省紙張印製等行
政作業成本。市場風險
作業風險
新光銀行 永續報告書 2021
42 43共好 創新 低碳 永續治理 永續策略"
R-2-3,0.8031885052357701,"斷計畫
2． 設有市場風險通報機制，定期模擬壓力測
試，檢視公司資本適足率水位
1． 發展數位金融
2． 擬定綠色採購計畫
3． 導入各項節能設備
盤查營業據點之溫室氣體排放量，暸解溫室
氣體排放情形，以利擬定減碳策略及目標
1． 加強客戶資產防護作為
2． 降低高風險地區投融資部位在本行資產組
合的比重
1． 簽署 《赤道原則》 及響應 《責任投資原則》
2． 擬定再生能源投資及融資計畫
3． 引進綠能及水資源基金供客戶申購
4． 發行綠色債券
1． 響應國際環保運動  「Earth Hour 地球一
小時」
2． 持續推動「夏日節電 316行動」
3． 辦理學童環境教育活動"
R-2-3,0.8027661516668424,"策，增加與外界溝通機會
極端氣候若對客戶造成負面衝擊日常行政庶務之能資源使用成本
將可能受到溫室氣體總量管制及排放交易制度
影響，而增加投入成本（如碳費等）
1． 衝擊投融資對象之營運
2． 造成融資對象之擔保品價值減損
1． 辨識及控管相關風險，尋求潛在之綠色金
融發展機會
2． 提高對高碳排或 ESG高風險產業投融資之
門檻，逐步降低上述資產組合比重1． 訂有緊急事件通報及應變機制等營運不中
斷計畫
2． 設有市場風險通報機制，定期模擬壓力測
試，檢視公司資本適足率水位
1． 發展數位金融
2． 擬定綠色採購計畫
3． 導入各項節能設備
盤查營業據點之溫室氣體排放量，暸解溫室"
R-2-3,0.8007082053477524,"2． 可能會引發投資人恐慌、金融市場動盪，
導致投資部位大幅波動極端氣候事件如熱浪、洪水、颶風等可
能會對各營業據點帶來災害衝擊，存有
潛在營運中斷之風險
因應節能減碳，能資源使用策略逐漸
改變
碳排放量將逐步受《溫管法》總量管制
極端氣候事件可能會對投融資對象帶來
衝擊，造成營運或擔保品價值減損
全球永續趨勢的改變將影響企業發展策
略，轉為以發展綠色低碳經濟為主流
響應國際及政府氣候變遷減碳與調適政
策，增加與外界溝通機會
極端氣候若對客戶造成負面衝擊日常行政庶務之能資源使用成本
將可能受到溫室氣體總量管制及排放交易制度
影響，而增加投入成本（如碳費等）
1． 衝擊投融資對象之營運"
R-3-1,0.846351946269459,"不同情境對業務、策略和財務規劃的潛在影響 p.60-61
風險管理辨識和評估氣候相關風險的流程 p.60-61
管理氣候相關風險的流程 p.60-61
辨識、評估和管理氣候相關風險的流程，如何與企業風險管理機制融合 p.60-61
指標與目標評估氣候相關風險和機會時使用的指標 p.60-61
範疇一、範疇二和範疇三溫室氣體排放 p.64
氣候相關風險和機會之管理目標及實現情況 p.60-61氣候相關財務揭露 3.1.3　 氣候相關財務揭露（TCFD）框架
治理 策略 風險管理 指標與目標
董事會對氣候相關
風險和機會的監督
情況辨識出短期、中期
及長期氣候相關風
險和機會評估氣候相關風"
R-3-1,0.8414622164191948,"2． 氣候相關風險與傳統金融風險
連結
1． 現有氣候治理架構
2． 管理層級於氣候議題扮演的
角色重大風險與機會之潛在財務影響、
影響期間（短、中、長期）及因
應策略揭露新光銀行近三年溫室氣體排
放情形，及投資組合碳排放針對鑑別出之重大風險與機會說
明該項目之管理作為
使用 NCDR RCP2.6 及RCP8.5進
行情境模擬，並建置風險地圖將依指標與目標工作坊結果，揭
露新光銀行針對目標之管理作為，
以及執行現況氣候變遷風險納入整體風險管理
政策之說明揭露項目 揭露項目 揭露項目 揭露項目 規劃內容 規劃內容 規劃內容 規劃內容"
R-3-1,0.8401614803804517,"機會之管理目標
及實現情況辨識、評估和管理
氣候相關風險的流
程，如何與企業風
險管理機制融合1． 現有氣候治理架構
2． 董事會於氣候議題扮演的角色
及監督情形1． 新光銀行短中長期定義
2． 氣候風險、機會矩陣結果（含
重大性排序）列出氣候相關風險和機會之指標
（包含如實體資產氣候情境曝險
情形、營運碳足跡）1． 氣候風險與機會識別流程（議
題蒐整、收斂）
2． 氣候相關風險與傳統金融風險
連結
1． 現有氣候治理架構
2． 管理層級於氣候議題扮演的
角色重大風險與機會之潛在財務影響、
影響期間（短、中、長期）及因
應策略揭露新光銀行近三年溫室氣體排"
R-3-1,0.8266401075652928,"治理 策略 風險管理 指標與目標
董事會對氣候相關
風險和機會的監督
情況辨識出短期、中期
及長期氣候相關風
險和機會評估氣候相關風
險和機會時使用
的指標辨識和評估氣候相
關風險的流程
管理層級評估和管
理氣候相關風險和
機會的責任氣候相關風險和機
會對業務、策略和
財務規劃的影響範疇一、範疇二
和範疇三溫室氣
體排放管理氣候相關風險
的流程
不同情境對業務、
策略和財務規劃的
潛在影響氣候相關風險和
機會之管理目標
及實現情況辨識、評估和管理
氣候相關風險的流
程，如何與企業風
險管理機制融合1． 現有氣候治理架構
2． 董事會於氣候議題扮演的角色
及監督情形1． 新光銀行短中長期定義"
R-3-1,0.8102075781665016,"期報告各類風險執行情形及完成「風險管理資訊」。
 ▪業務權責單位 ：負責日常風險之監控、衡量及評估
等執行層面之事務，並依相關規範呈報曝險狀況及
風險相關資訊，同時確認管轄業務之風險限額及內
控程序之執行。新光銀行 永續報告書 2021
40 41共好 創新 低碳 永續治理 永續策略"
R-3-1,0.8095700860093501,"4．  訂有「壓力測試」相關作業機制，定期檢視壓力情
境下之市場風險承受能力，分析報告並呈報高
階管理階層，以供市場風險管理之衡量。1． 制定作業風險管理規範，
並導入作業風險事件資料收集、
作業風險控制自評及關鍵風險指標等
三大管理機制供全行各單位遵循，以利各
單位定期檢視作業風險控管機制之有效性及落實
度，於必要時將要求有關單位擬定因應措施，強化控
管機制。
2． 另為自動化作業風險管理流程，已導入作業風險管理系統，以提升
作業風險管理及全面監控內控有效性之效能，同時可節省紙張印製等行
政作業成本。市場風險
作業風險
新光銀行 永續報告書 2021"
R-3-1,0.8078210128695722,"風險管理制度 2.3.1　
1． 新光銀行風險管理部定期向高階管
理階層呈報信用風險管理分析報表，如風
險管理月報、風險評估報告等，範圍涵蓋資產
品質、評分卡預警、集中風險等，另分別有專責單
位定期對評分卡進行監控與驗證，並提出監控與驗證報告
予業務管理單位，使其適時反映風險以調整授信策略。
2． 依循主管機關規範，訂有「壓力測試」相關作業機制，定期檢視壓力
情境下之信用風險承受能力，分析報告並呈高階管理階層，以供信用風險管
理之衡量。
3．  為協助風險辨識及衡量，將信用風險陸續導入量化模型，其中企業金融業務、消費
金融業務之信用貸款、房屋貸款及信用卡及車貸業務等，皆已完成評等模型發展。"
R-3-1,0.8078021310814394,"行情形，並完成規範
「風險管理資訊」。
 ▪訂定資本適足性管
理、風險胃納及相關
因應策略，以提供管
理階層達成風險管理
目標。 ▪依權責職掌範圍，定
期或不定期向各階級
主管陳報各項風險管
理報表。
 ▪每季將風險評估成果
提報予董事會，做為
管理決策之參考。 ▪考量風險文化及風險
衡量之成熟度、業務
性質及實際需要，實
施風險調整後之獎酬
機制，落實風險與員
工獎酬之連結性。2.3　風險管理
目標 機制 績效考核 資訊滙報
2019年 2020年 2021年
自有資本第一類資本 70,035,238 78,365,529 79,940,847"
R-3-1,0.8075052908273771,"成模型及系統上線之業務，採用違約機率、風險級距及違約損失率等指標，進行
信用風險程度衡量，使得可以標準化、精緻化進行風險管理。
6．  除風險衡量系統外，新光銀行之風險管理機制為獨立之審查機制、管理規範機制、
覆審機制、稽核機制等，以有效執行風險管理。信用風險
1． 市場風險管理單位定期向高階管理階層呈報市場風險管理報告，包含市場風險
控管日報表、市場風險月報等，使其適時掌握風險曝險狀況，作為決策之參考
依據。
2．  市場風險管理單位負責監控全行交易簿及銀行簿部位限額、損益限額、風險
值（VaR ）限額及執行停損預警機制，以符合每年設定之市場風險限額以及
市場風險政策之規範。"
R-3-1,0.8015152332030391,"2． 另為自動化作業風險管理流程，已導入作業風險管理系統，以提升
作業風險管理及全面監控內控有效性之效能，同時可節省紙張印製等行
政作業成本。市場風險
作業風險
新光銀行 永續報告書 2021
42 43共好 創新 低碳 永續治理 永續策略"
R-3-2,0.8341625929913505,"2． 氣候相關風險與傳統金融風險
連結
1． 現有氣候治理架構
2． 管理層級於氣候議題扮演的
角色重大風險與機會之潛在財務影響、
影響期間（短、中、長期）及因
應策略揭露新光銀行近三年溫室氣體排
放情形，及投資組合碳排放針對鑑別出之重大風險與機會說
明該項目之管理作為
使用 NCDR RCP2.6 及RCP8.5進
行情境模擬，並建置風險地圖將依指標與目標工作坊結果，揭
露新光銀行針對目標之管理作為，
以及執行現況氣候變遷風險納入整體風險管理
政策之說明揭露項目 揭露項目 揭露項目 揭露項目 規劃內容 規劃內容 規劃內容 規劃內容"
R-3-2,0.8313542747180849,"不同情境對業務、策略和財務規劃的潛在影響 p.60-61
風險管理辨識和評估氣候相關風險的流程 p.60-61
管理氣候相關風險的流程 p.60-61
辨識、評估和管理氣候相關風險的流程，如何與企業風險管理機制融合 p.60-61
指標與目標評估氣候相關風險和機會時使用的指標 p.60-61
範疇一、範疇二和範疇三溫室氣體排放 p.64
氣候相關風險和機會之管理目標及實現情況 p.60-61氣候相關財務揭露 3.1.3　 氣候相關財務揭露（TCFD）框架
治理 策略 風險管理 指標與目標
董事會對氣候相關
風險和機會的監督
情況辨識出短期、中期
及長期氣候相關風
險和機會評估氣候相關風"
R-3-2,0.8302366456626972,"機會之管理目標
及實現情況辨識、評估和管理
氣候相關風險的流
程，如何與企業風
險管理機制融合1． 現有氣候治理架構
2． 董事會於氣候議題扮演的角色
及監督情形1． 新光銀行短中長期定義
2． 氣候風險、機會矩陣結果（含
重大性排序）列出氣候相關風險和機會之指標
（包含如實體資產氣候情境曝險
情形、營運碳足跡）1． 氣候風險與機會識別流程（議
題蒐整、收斂）
2． 氣候相關風險與傳統金融風險
連結
1． 現有氣候治理架構
2． 管理層級於氣候議題扮演的
角色重大風險與機會之潛在財務影響、
影響期間（短、中、長期）及因
應策略揭露新光銀行近三年溫室氣體排"
R-3-2,0.8188348483958633,"治理 策略 風險管理 指標與目標
董事會對氣候相關
風險和機會的監督
情況辨識出短期、中期
及長期氣候相關風
險和機會評估氣候相關風
險和機會時使用
的指標辨識和評估氣候相
關風險的流程
管理層級評估和管
理氣候相關風險和
機會的責任氣候相關風險和機
會對業務、策略和
財務規劃的影響範疇一、範疇二
和範疇三溫室氣
體排放管理氣候相關風險
的流程
不同情境對業務、
策略和財務規劃的
潛在影響氣候相關風險和
機會之管理目標
及實現情況辨識、評估和管理
氣候相關風險的流
程，如何與企業風
險管理機制融合1． 現有氣候治理架構
2． 董事會於氣候議題扮演的角色
及監督情形1． 新光銀行短中長期定義"
R-3-2,0.8067073877647931,"期報告各類風險執行情形及完成「風險管理資訊」。
 ▪業務權責單位 ：負責日常風險之監控、衡量及評估
等執行層面之事務，並依相關規範呈報曝險狀況及
風險相關資訊，同時確認管轄業務之風險限額及內
控程序之執行。新光銀行 永續報告書 2021
40 41共好 創新 低碳 永續治理 永續策略"
R-3-2,0.806388041093626,"風險管理制度 2.3.1　
1． 新光銀行風險管理部定期向高階管
理階層呈報信用風險管理分析報表，如風
險管理月報、風險評估報告等，範圍涵蓋資產
品質、評分卡預警、集中風險等，另分別有專責單
位定期對評分卡進行監控與驗證，並提出監控與驗證報告
予業務管理單位，使其適時反映風險以調整授信策略。
2． 依循主管機關規範，訂有「壓力測試」相關作業機制，定期檢視壓力
情境下之信用風險承受能力，分析報告並呈高階管理階層，以供信用風險管
理之衡量。
3．  為協助風險辨識及衡量，將信用風險陸續導入量化模型，其中企業金融業務、消費
金融業務之信用貸款、房屋貸款及信用卡及車貸業務等，皆已完成評等模型發展。"
R-3-2,0.8062364599529567,"4．  訂有「壓力測試」相關作業機制，定期檢視壓力情
境下之市場風險承受能力，分析報告並呈報高
階管理階層，以供市場風險管理之衡量。1． 制定作業風險管理規範，
並導入作業風險事件資料收集、
作業風險控制自評及關鍵風險指標等
三大管理機制供全行各單位遵循，以利各
單位定期檢視作業風險控管機制之有效性及落實
度，於必要時將要求有關單位擬定因應措施，強化控
管機制。
2． 另為自動化作業風險管理流程，已導入作業風險管理系統，以提升
作業風險管理及全面監控內控有效性之效能，同時可節省紙張印製等行
政作業成本。市場風險
作業風險
新光銀行 永續報告書 2021"
R-3-2,0.803673573315282,"2． 另為自動化作業風險管理流程，已導入作業風險管理系統，以提升
作業風險管理及全面監控內控有效性之效能，同時可節省紙張印製等行
政作業成本。市場風險
作業風險
新光銀行 永續報告書 2021
42 43共好 創新 低碳 永續治理 永續策略"
R-3-2,0.800348481995712,"行情形，並完成規範
「風險管理資訊」。
 ▪訂定資本適足性管
理、風險胃納及相關
因應策略，以提供管
理階層達成風險管理
目標。 ▪依權責職掌範圍，定
期或不定期向各階級
主管陳報各項風險管
理報表。
 ▪每季將風險評估成果
提報予董事會，做為
管理決策之參考。 ▪考量風險文化及風險
衡量之成熟度、業務
性質及實際需要，實
施風險調整後之獎酬
機制，落實風險與員
工獎酬之連結性。2.3　風險管理
目標 機制 績效考核 資訊滙報
2019年 2020年 2021年
自有資本第一類資本 70,035,238 78,365,529 79,940,847"
MT-1-1,0.848675786519092,"不同情境對業務、策略和財務規劃的潛在影響 p.60-61
風險管理辨識和評估氣候相關風險的流程 p.60-61
管理氣候相關風險的流程 p.60-61
辨識、評估和管理氣候相關風險的流程，如何與企業風險管理機制融合 p.60-61
指標與目標評估氣候相關風險和機會時使用的指標 p.60-61
範疇一、範疇二和範疇三溫室氣體排放 p.64
氣候相關風險和機會之管理目標及實現情況 p.60-61氣候相關財務揭露 3.1.3　 氣候相關財務揭露（TCFD）框架
治理 策略 風險管理 指標與目標
董事會對氣候相關
風險和機會的監督
情況辨識出短期、中期
及長期氣候相關風
險和機會評估氣候相關風"
MT-1-1,0.848091704955716,"治理 策略 風險管理 指標與目標
董事會對氣候相關
風險和機會的監督
情況辨識出短期、中期
及長期氣候相關風
險和機會評估氣候相關風
險和機會時使用
的指標辨識和評估氣候相
關風險的流程
管理層級評估和管
理氣候相關風險和
機會的責任氣候相關風險和機
會對業務、策略和
財務規劃的影響範疇一、範疇二
和範疇三溫室氣
體排放管理氣候相關風險
的流程
不同情境對業務、
策略和財務規劃的
潛在影響氣候相關風險和
機會之管理目標
及實現情況辨識、評估和管理
氣候相關風險的流
程，如何與企業風
險管理機制融合1． 現有氣候治理架構
2． 董事會於氣候議題扮演的角色
及監督情形1． 新光銀行短中長期定義"
MT-1-1,0.8455147096605022,"機會之管理目標
及實現情況辨識、評估和管理
氣候相關風險的流
程，如何與企業風
險管理機制融合1． 現有氣候治理架構
2． 董事會於氣候議題扮演的角色
及監督情形1． 新光銀行短中長期定義
2． 氣候風險、機會矩陣結果（含
重大性排序）列出氣候相關風險和機會之指標
（包含如實體資產氣候情境曝險
情形、營運碳足跡）1． 氣候風險與機會識別流程（議
題蒐整、收斂）
2． 氣候相關風險與傳統金融風險
連結
1． 現有氣候治理架構
2． 管理層級於氣候議題扮演的
角色重大風險與機會之潛在財務影響、
影響期間（短、中、長期）及因
應策略揭露新光銀行近三年溫室氣體排"
MT-1-1,0.8311770682935208,"2． 氣候相關風險與傳統金融風險
連結
1． 現有氣候治理架構
2． 管理層級於氣候議題扮演的
角色重大風險與機會之潛在財務影響、
影響期間（短、中、長期）及因
應策略揭露新光銀行近三年溫室氣體排
放情形，及投資組合碳排放針對鑑別出之重大風險與機會說
明該項目之管理作為
使用 NCDR RCP2.6 及RCP8.5進
行情境模擬，並建置風險地圖將依指標與目標工作坊結果，揭
露新光銀行針對目標之管理作為，
以及執行現況氣候變遷風險納入整體風險管理
政策之說明揭露項目 揭露項目 揭露項目 揭露項目 規劃內容 規劃內容 規劃內容 規劃內容"
MT-1-1,0.8141437987894795,"斷計畫
2． 設有市場風險通報機制，定期模擬壓力測
試，檢視公司資本適足率水位
1． 發展數位金融
2． 擬定綠色採購計畫
3． 導入各項節能設備
盤查營業據點之溫室氣體排放量，暸解溫室
氣體排放情形，以利擬定減碳策略及目標
1． 加強客戶資產防護作為
2． 降低高風險地區投融資部位在本行資產組
合的比重
1． 簽署 《赤道原則》 及響應 《責任投資原則》
2． 擬定再生能源投資及融資計畫
3． 引進綠能及水資源基金供客戶申購
4． 發行綠色債券
1． 響應國際環保運動  「Earth Hour 地球一
小時」
2． 持續推動「夏日節電 316行動」
3． 辦理學童環境教育活動"
MT-1-1,0.8078953177634969,"氣候變遷風險與機會
企業形象氣候變遷潛在機會經營風險
法規風險
信用風險
市場風險氣候變遷風險管理
致力推廣節能減碳
響應政府綠能政策
保障受災戶的權益
並協助重建家園減少公司能源耗用
強化因氣候變遷
對信用風險之管理與韌性
促進綠能產業發展減緩氣候變遷所導致的
營運中斷風險及減緩災害
帶來的投資不確定性
提高能資源使用效率
減少對環境的影響1． 若營運中斷，將會有營運成本損失之風險
2． 可能會引發投資人恐慌、金融市場動盪，
導致投資部位大幅波動極端氣候事件如熱浪、洪水、颶風等可
能會對各營業據點帶來災害衝擊，存有
潛在營運中斷之風險
因應節能減碳，能資源使用策略逐漸
改變"
MT-1-1,0.8048280808631166,"策，增加與外界溝通機會
極端氣候若對客戶造成負面衝擊日常行政庶務之能資源使用成本
將可能受到溫室氣體總量管制及排放交易制度
影響，而增加投入成本（如碳費等）
1． 衝擊投融資對象之營運
2． 造成融資對象之擔保品價值減損
1． 辨識及控管相關風險，尋求潛在之綠色金
融發展機會
2． 提高對高碳排或 ESG高風險產業投融資之
門檻，逐步降低上述資產組合比重1． 訂有緊急事件通報及應變機制等營運不中
斷計畫
2． 設有市場風險通報機制，定期模擬壓力測
試，檢視公司資本適足率水位
1． 發展數位金融
2． 擬定綠色採購計畫
3． 導入各項節能設備
盤查營業據點之溫室氣體排放量，暸解溫室"
MT-1-1,0.8046118253834073,"成模型及系統上線之業務，採用違約機率、風險級距及違約損失率等指標，進行
信用風險程度衡量，使得可以標準化、精緻化進行風險管理。
6．  除風險衡量系統外，新光銀行之風險管理機制為獨立之審查機制、管理規範機制、
覆審機制、稽核機制等，以有效執行風險管理。信用風險
1． 市場風險管理單位定期向高階管理階層呈報市場風險管理報告，包含市場風險
控管日報表、市場風險月報等，使其適時掌握風險曝險狀況，作為決策之參考
依據。
2．  市場風險管理單位負責監控全行交易簿及銀行簿部位限額、損益限額、風險
值（VaR ）限額及執行停損預警機制，以符合每年設定之市場風險限額以及
市場風險政策之規範。"
MT-1-1,0.8033247238501573,"2022年TCFD規劃內容
2022年，新光銀行將按 TCFD指引之四大構面，從建構氣候治理組織與機制開始，將氣候議題納入風險管理流程，
全面啟動情境分析，進行氣候策略，對業務影響之財務評估，並訂定相關氣候目標，正式對氣候風險的減緩與調適，採
取具體行動。架構 揭露項目 實際作為對應
治理 管理層級評估和管理氣候相關風險和機會的責任 p.60-61
策略氣候相關風險和機會對業務、策略和財務規劃的影響 p.60-61
不同情境對業務、策略和財務規劃的潛在影響 p.60-61
風險管理辨識和評估氣候相關風險的流程 p.60-61
管理氣候相關風險的流程 p.60-61"
MT-1-2,0.8394240580454808,"不同情境對業務、策略和財務規劃的潛在影響 p.60-61
風險管理辨識和評估氣候相關風險的流程 p.60-61
管理氣候相關風險的流程 p.60-61
辨識、評估和管理氣候相關風險的流程，如何與企業風險管理機制融合 p.60-61
指標與目標評估氣候相關風險和機會時使用的指標 p.60-61
範疇一、範疇二和範疇三溫室氣體排放 p.64
氣候相關風險和機會之管理目標及實現情況 p.60-61氣候相關財務揭露 3.1.3　 氣候相關財務揭露（TCFD）框架
治理 策略 風險管理 指標與目標
董事會對氣候相關
風險和機會的監督
情況辨識出短期、中期
及長期氣候相關風
險和機會評估氣候相關風"
MT-1-2,0.838642676547513,"治理 策略 風險管理 指標與目標
董事會對氣候相關
風險和機會的監督
情況辨識出短期、中期
及長期氣候相關風
險和機會評估氣候相關風
險和機會時使用
的指標辨識和評估氣候相
關風險的流程
管理層級評估和管
理氣候相關風險和
機會的責任氣候相關風險和機
會對業務、策略和
財務規劃的影響範疇一、範疇二
和範疇三溫室氣
體排放管理氣候相關風險
的流程
不同情境對業務、
策略和財務規劃的
潛在影響氣候相關風險和
機會之管理目標
及實現情況辨識、評估和管理
氣候相關風險的流
程，如何與企業風
險管理機制融合1． 現有氣候治理架構
2． 董事會於氣候議題扮演的角色
及監督情形1． 新光銀行短中長期定義"
MT-1-2,0.8323731537074114,"機會之管理目標
及實現情況辨識、評估和管理
氣候相關風險的流
程，如何與企業風
險管理機制融合1． 現有氣候治理架構
2． 董事會於氣候議題扮演的角色
及監督情形1． 新光銀行短中長期定義
2． 氣候風險、機會矩陣結果（含
重大性排序）列出氣候相關風險和機會之指標
（包含如實體資產氣候情境曝險
情形、營運碳足跡）1． 氣候風險與機會識別流程（議
題蒐整、收斂）
2． 氣候相關風險與傳統金融風險
連結
1． 現有氣候治理架構
2． 管理層級於氣候議題扮演的
角色重大風險與機會之潛在財務影響、
影響期間（短、中、長期）及因
應策略揭露新光銀行近三年溫室氣體排"
MT-1-2,0.8281591010590497,"2． 氣候相關風險與傳統金融風險
連結
1． 現有氣候治理架構
2． 管理層級於氣候議題扮演的
角色重大風險與機會之潛在財務影響、
影響期間（短、中、長期）及因
應策略揭露新光銀行近三年溫室氣體排
放情形，及投資組合碳排放針對鑑別出之重大風險與機會說
明該項目之管理作為
使用 NCDR RCP2.6 及RCP8.5進
行情境模擬，並建置風險地圖將依指標與目標工作坊結果，揭
露新光銀行針對目標之管理作為，
以及執行現況氣候變遷風險納入整體風險管理
政策之說明揭露項目 揭露項目 揭露項目 揭露項目 規劃內容 規劃內容 規劃內容 規劃內容"
MT-1-2,0.8042534928773676,"成模型及系統上線之業務，採用違約機率、風險級距及違約損失率等指標，進行
信用風險程度衡量，使得可以標準化、精緻化進行風險管理。
6．  除風險衡量系統外，新光銀行之風險管理機制為獨立之審查機制、管理規範機制、
覆審機制、稽核機制等，以有效執行風險管理。信用風險
1． 市場風險管理單位定期向高階管理階層呈報市場風險管理報告，包含市場風險
控管日報表、市場風險月報等，使其適時掌握風險曝險狀況，作為決策之參考
依據。
2．  市場風險管理單位負責監控全行交易簿及銀行簿部位限額、損益限額、風險
值（VaR ）限額及執行停損預警機制，以符合每年設定之市場風險限額以及
市場風險政策之規範。"
MT-1-3,0.838568761511937,"2． 氣候相關風險與傳統金融風險
連結
1． 現有氣候治理架構
2． 管理層級於氣候議題扮演的
角色重大風險與機會之潛在財務影響、
影響期間（短、中、長期）及因
應策略揭露新光銀行近三年溫室氣體排
放情形，及投資組合碳排放針對鑑別出之重大風險與機會說
明該項目之管理作為
使用 NCDR RCP2.6 及RCP8.5進
行情境模擬，並建置風險地圖將依指標與目標工作坊結果，揭
露新光銀行針對目標之管理作為，
以及執行現況氣候變遷風險納入整體風險管理
政策之說明揭露項目 揭露項目 揭露項目 揭露項目 規劃內容 規劃內容 規劃內容 規劃內容"
MT-1-3,0.8372002533407884,"機會之管理目標
及實現情況辨識、評估和管理
氣候相關風險的流
程，如何與企業風
險管理機制融合1． 現有氣候治理架構
2． 董事會於氣候議題扮演的角色
及監督情形1． 新光銀行短中長期定義
2． 氣候風險、機會矩陣結果（含
重大性排序）列出氣候相關風險和機會之指標
（包含如實體資產氣候情境曝險
情形、營運碳足跡）1． 氣候風險與機會識別流程（議
題蒐整、收斂）
2． 氣候相關風險與傳統金融風險
連結
1． 現有氣候治理架構
2． 管理層級於氣候議題扮演的
角色重大風險與機會之潛在財務影響、
影響期間（短、中、長期）及因
應策略揭露新光銀行近三年溫室氣體排"
MT-1-3,0.834078478418435,"不同情境對業務、策略和財務規劃的潛在影響 p.60-61
風險管理辨識和評估氣候相關風險的流程 p.60-61
管理氣候相關風險的流程 p.60-61
辨識、評估和管理氣候相關風險的流程，如何與企業風險管理機制融合 p.60-61
指標與目標評估氣候相關風險和機會時使用的指標 p.60-61
範疇一、範疇二和範疇三溫室氣體排放 p.64
氣候相關風險和機會之管理目標及實現情況 p.60-61氣候相關財務揭露 3.1.3　 氣候相關財務揭露（TCFD）框架
治理 策略 風險管理 指標與目標
董事會對氣候相關
風險和機會的監督
情況辨識出短期、中期
及長期氣候相關風
險和機會評估氣候相關風"
MT-1-3,0.8310708476985612,"治理 策略 風險管理 指標與目標
董事會對氣候相關
風險和機會的監督
情況辨識出短期、中期
及長期氣候相關風
險和機會評估氣候相關風
險和機會時使用
的指標辨識和評估氣候相
關風險的流程
管理層級評估和管
理氣候相關風險和
機會的責任氣候相關風險和機
會對業務、策略和
財務規劃的影響範疇一、範疇二
和範疇三溫室氣
體排放管理氣候相關風險
的流程
不同情境對業務、
策略和財務規劃的
潛在影響氣候相關風險和
機會之管理目標
及實現情況辨識、評估和管理
氣候相關風險的流
程，如何與企業風
險管理機制融合1． 現有氣候治理架構
2． 董事會於氣候議題扮演的角色
及監督情形1． 新光銀行短中長期定義"
MT-1-3,0.8195215680720755,"斷計畫
2． 設有市場風險通報機制，定期模擬壓力測
試，檢視公司資本適足率水位
1． 發展數位金融
2． 擬定綠色採購計畫
3． 導入各項節能設備
盤查營業據點之溫室氣體排放量，暸解溫室
氣體排放情形，以利擬定減碳策略及目標
1． 加強客戶資產防護作為
2． 降低高風險地區投融資部位在本行資產組
合的比重
1． 簽署 《赤道原則》 及響應 《責任投資原則》
2． 擬定再生能源投資及融資計畫
3． 引進綠能及水資源基金供客戶申購
4． 發行綠色債券
1． 響應國際環保運動  「Earth Hour 地球一
小時」
2． 持續推動「夏日節電 316行動」
3． 辦理學童環境教育活動"
MT-1-3,0.819396455152271,"露新光銀行針對目標之管理作為，
以及執行現況氣候變遷風險納入整體風險管理
政策之說明揭露項目 揭露項目 揭露項目 揭露項目 規劃內容 規劃內容 規劃內容 規劃內容
註：TCFD 規劃內容預計於 TCFD報告書中公開揭露說明。新光銀行 永續報告書 2021
58 59共好 創新 低碳 永續治理 永續策略"
MT-1-3,0.8174839365339679,"策，增加與外界溝通機會
極端氣候若對客戶造成負面衝擊日常行政庶務之能資源使用成本
將可能受到溫室氣體總量管制及排放交易制度
影響，而增加投入成本（如碳費等）
1． 衝擊投融資對象之營運
2． 造成融資對象之擔保品價值減損
1． 辨識及控管相關風險，尋求潛在之綠色金
融發展機會
2． 提高對高碳排或 ESG高風險產業投融資之
門檻，逐步降低上述資產組合比重1． 訂有緊急事件通報及應變機制等營運不中
斷計畫
2． 設有市場風險通報機制，定期模擬壓力測
試，檢視公司資本適足率水位
1． 發展數位金融
2． 擬定綠色採購計畫
3． 導入各項節能設備
盤查營業據點之溫室氣體排放量，暸解溫室"
MT-1-3,0.8151532368847397,"2022年TCFD規劃內容
2022年，新光銀行將按 TCFD指引之四大構面，從建構氣候治理組織與機制開始，將氣候議題納入風險管理流程，
全面啟動情境分析，進行氣候策略，對業務影響之財務評估，並訂定相關氣候目標，正式對氣候風險的減緩與調適，採
取具體行動。架構 揭露項目 實際作為對應
治理 管理層級評估和管理氣候相關風險和機會的責任 p.60-61
策略氣候相關風險和機會對業務、策略和財務規劃的影響 p.60-61
不同情境對業務、策略和財務規劃的潛在影響 p.60-61
風險管理辨識和評估氣候相關風險的流程 p.60-61
管理氣候相關風險的流程 p.60-61"
MT-1-3,0.8091281973761376,"2． 可能會引發投資人恐慌、金融市場動盪，
導致投資部位大幅波動極端氣候事件如熱浪、洪水、颶風等可
能會對各營業據點帶來災害衝擊，存有
潛在營運中斷之風險
因應節能減碳，能資源使用策略逐漸
改變
碳排放量將逐步受《溫管法》總量管制
極端氣候事件可能會對投融資對象帶來
衝擊，造成營運或擔保品價值減損
全球永續趨勢的改變將影響企業發展策
略，轉為以發展綠色低碳經濟為主流
響應國際及政府氣候變遷減碳與調適政
策，增加與外界溝通機會
極端氣候若對客戶造成負面衝擊日常行政庶務之能資源使用成本
將可能受到溫室氣體總量管制及排放交易制度
影響，而增加投入成本（如碳費等）
1． 衝擊投融資對象之營運"
MT-1-3,0.8078067040145027,"期報告各類風險執行情形及完成「風險管理資訊」。
 ▪業務權責單位 ：負責日常風險之監控、衡量及評估
等執行層面之事務，並依相關規範呈報曝險狀況及
風險相關資訊，同時確認管轄業務之風險限額及內
控程序之執行。新光銀行 永續報告書 2021
40 41共好 創新 低碳 永續治理 永續策略"
MT-1-4,0.8275916148172747,"不同情境對業務、策略和財務規劃的潛在影響 p.60-61
風險管理辨識和評估氣候相關風險的流程 p.60-61
管理氣候相關風險的流程 p.60-61
辨識、評估和管理氣候相關風險的流程，如何與企業風險管理機制融合 p.60-61
指標與目標評估氣候相關風險和機會時使用的指標 p.60-61
範疇一、範疇二和範疇三溫室氣體排放 p.64
氣候相關風險和機會之管理目標及實現情況 p.60-61氣候相關財務揭露 3.1.3　 氣候相關財務揭露（TCFD）框架
治理 策略 風險管理 指標與目標
董事會對氣候相關
風險和機會的監督
情況辨識出短期、中期
及長期氣候相關風
險和機會評估氣候相關風"
MT-1-4,0.826449393075781,"治理 策略 風險管理 指標與目標
董事會對氣候相關
風險和機會的監督
情況辨識出短期、中期
及長期氣候相關風
險和機會評估氣候相關風
險和機會時使用
的指標辨識和評估氣候相
關風險的流程
管理層級評估和管
理氣候相關風險和
機會的責任氣候相關風險和機
會對業務、策略和
財務規劃的影響範疇一、範疇二
和範疇三溫室氣
體排放管理氣候相關風險
的流程
不同情境對業務、
策略和財務規劃的
潛在影響氣候相關風險和
機會之管理目標
及實現情況辨識、評估和管理
氣候相關風險的流
程，如何與企業風
險管理機制融合1． 現有氣候治理架構
2． 董事會於氣候議題扮演的角色
及監督情形1． 新光銀行短中長期定義"
MT-1-4,0.8189481601980848,"2． 氣候相關風險與傳統金融風險
連結
1． 現有氣候治理架構
2． 管理層級於氣候議題扮演的
角色重大風險與機會之潛在財務影響、
影響期間（短、中、長期）及因
應策略揭露新光銀行近三年溫室氣體排
放情形，及投資組合碳排放針對鑑別出之重大風險與機會說
明該項目之管理作為
使用 NCDR RCP2.6 及RCP8.5進
行情境模擬，並建置風險地圖將依指標與目標工作坊結果，揭
露新光銀行針對目標之管理作為，
以及執行現況氣候變遷風險納入整體風險管理
政策之說明揭露項目 揭露項目 揭露項目 揭露項目 規劃內容 規劃內容 規劃內容 規劃內容"
MT-1-4,0.8184688873102433,"機會之管理目標
及實現情況辨識、評估和管理
氣候相關風險的流
程，如何與企業風
險管理機制融合1． 現有氣候治理架構
2． 董事會於氣候議題扮演的角色
及監督情形1． 新光銀行短中長期定義
2． 氣候風險、機會矩陣結果（含
重大性排序）列出氣候相關風險和機會之指標
（包含如實體資產氣候情境曝險
情形、營運碳足跡）1． 氣候風險與機會識別流程（議
題蒐整、收斂）
2． 氣候相關風險與傳統金融風險
連結
1． 現有氣候治理架構
2． 管理層級於氣候議題扮演的
角色重大風險與機會之潛在財務影響、
影響期間（短、中、長期）及因
應策略揭露新光銀行近三年溫室氣體排"
MT-1-5,0.8506166067461702,"不同情境對業務、策略和財務規劃的潛在影響 p.60-61
風險管理辨識和評估氣候相關風險的流程 p.60-61
管理氣候相關風險的流程 p.60-61
辨識、評估和管理氣候相關風險的流程，如何與企業風險管理機制融合 p.60-61
指標與目標評估氣候相關風險和機會時使用的指標 p.60-61
範疇一、範疇二和範疇三溫室氣體排放 p.64
氣候相關風險和機會之管理目標及實現情況 p.60-61氣候相關財務揭露 3.1.3　 氣候相關財務揭露（TCFD）框架
治理 策略 風險管理 指標與目標
董事會對氣候相關
風險和機會的監督
情況辨識出短期、中期
及長期氣候相關風
險和機會評估氣候相關風"
MT-1-5,0.8493216132155366,"機會之管理目標
及實現情況辨識、評估和管理
氣候相關風險的流
程，如何與企業風
險管理機制融合1． 現有氣候治理架構
2． 董事會於氣候議題扮演的角色
及監督情形1． 新光銀行短中長期定義
2． 氣候風險、機會矩陣結果（含
重大性排序）列出氣候相關風險和機會之指標
（包含如實體資產氣候情境曝險
情形、營運碳足跡）1． 氣候風險與機會識別流程（議
題蒐整、收斂）
2． 氣候相關風險與傳統金融風險
連結
1． 現有氣候治理架構
2． 管理層級於氣候議題扮演的
角色重大風險與機會之潛在財務影響、
影響期間（短、中、長期）及因
應策略揭露新光銀行近三年溫室氣體排"
MT-1-5,0.8450081466882498,"治理 策略 風險管理 指標與目標
董事會對氣候相關
風險和機會的監督
情況辨識出短期、中期
及長期氣候相關風
險和機會評估氣候相關風
險和機會時使用
的指標辨識和評估氣候相
關風險的流程
管理層級評估和管
理氣候相關風險和
機會的責任氣候相關風險和機
會對業務、策略和
財務規劃的影響範疇一、範疇二
和範疇三溫室氣
體排放管理氣候相關風險
的流程
不同情境對業務、
策略和財務規劃的
潛在影響氣候相關風險和
機會之管理目標
及實現情況辨識、評估和管理
氣候相關風險的流
程，如何與企業風
險管理機制融合1． 現有氣候治理架構
2． 董事會於氣候議題扮演的角色
及監督情形1． 新光銀行短中長期定義"
MT-1-5,0.839731782723171,"2． 氣候相關風險與傳統金融風險
連結
1． 現有氣候治理架構
2． 管理層級於氣候議題扮演的
角色重大風險與機會之潛在財務影響、
影響期間（短、中、長期）及因
應策略揭露新光銀行近三年溫室氣體排
放情形，及投資組合碳排放針對鑑別出之重大風險與機會說
明該項目之管理作為
使用 NCDR RCP2.6 及RCP8.5進
行情境模擬，並建置風險地圖將依指標與目標工作坊結果，揭
露新光銀行針對目標之管理作為，
以及執行現況氣候變遷風險納入整體風險管理
政策之說明揭露項目 揭露項目 揭露項目 揭露項目 規劃內容 規劃內容 規劃內容 規劃內容"
MT-1-5,0.8279208554611297,"斷計畫
2． 設有市場風險通報機制，定期模擬壓力測
試，檢視公司資本適足率水位
1． 發展數位金融
2． 擬定綠色採購計畫
3． 導入各項節能設備
盤查營業據點之溫室氣體排放量，暸解溫室
氣體排放情形，以利擬定減碳策略及目標
1． 加強客戶資產防護作為
2． 降低高風險地區投融資部位在本行資產組
合的比重
1． 簽署 《赤道原則》 及響應 《責任投資原則》
2． 擬定再生能源投資及融資計畫
3． 引進綠能及水資源基金供客戶申購
4． 發行綠色債券
1． 響應國際環保運動  「Earth Hour 地球一
小時」
2． 持續推動「夏日節電 316行動」
3． 辦理學童環境教育活動"
MT-1-5,0.8238591531334227,"2022年TCFD規劃內容
2022年，新光銀行將按 TCFD指引之四大構面，從建構氣候治理組織與機制開始，將氣候議題納入風險管理流程，
全面啟動情境分析，進行氣候策略，對業務影響之財務評估，並訂定相關氣候目標，正式對氣候風險的減緩與調適，採
取具體行動。架構 揭露項目 實際作為對應
治理 管理層級評估和管理氣候相關風險和機會的責任 p.60-61
策略氣候相關風險和機會對業務、策略和財務規劃的影響 p.60-61
不同情境對業務、策略和財務規劃的潛在影響 p.60-61
風險管理辨識和評估氣候相關風險的流程 p.60-61
管理氣候相關風險的流程 p.60-61"
MT-1-5,0.8227721437634783,"策，增加與外界溝通機會
極端氣候若對客戶造成負面衝擊日常行政庶務之能資源使用成本
將可能受到溫室氣體總量管制及排放交易制度
影響，而增加投入成本（如碳費等）
1． 衝擊投融資對象之營運
2． 造成融資對象之擔保品價值減損
1． 辨識及控管相關風險，尋求潛在之綠色金
融發展機會
2． 提高對高碳排或 ESG高風險產業投融資之
門檻，逐步降低上述資產組合比重1． 訂有緊急事件通報及應變機制等營運不中
斷計畫
2． 設有市場風險通報機制，定期模擬壓力測
試，檢視公司資本適足率水位
1． 發展數位金融
2． 擬定綠色採購計畫
3． 導入各項節能設備
盤查營業據點之溫室氣體排放量，暸解溫室"
MT-1-5,0.8222338231408729,"露新光銀行針對目標之管理作為，
以及執行現況氣候變遷風險納入整體風險管理
政策之說明揭露項目 揭露項目 揭露項目 揭露項目 規劃內容 規劃內容 規劃內容 規劃內容
註：TCFD 規劃內容預計於 TCFD報告書中公開揭露說明。新光銀行 永續報告書 2021
58 59共好 創新 低碳 永續治理 永續策略"
MT-1-5,0.8188449847129302,"氣候變遷風險與機會
企業形象氣候變遷潛在機會經營風險
法規風險
信用風險
市場風險氣候變遷風險管理
致力推廣節能減碳
響應政府綠能政策
保障受災戶的權益
並協助重建家園減少公司能源耗用
強化因氣候變遷
對信用風險之管理與韌性
促進綠能產業發展減緩氣候變遷所導致的
營運中斷風險及減緩災害
帶來的投資不確定性
提高能資源使用效率
減少對環境的影響1． 若營運中斷，將會有營運成本損失之風險
2． 可能會引發投資人恐慌、金融市場動盪，
導致投資部位大幅波動極端氣候事件如熱浪、洪水、颶風等可
能會對各營業據點帶來災害衝擊，存有
潛在營運中斷之風險
因應節能減碳，能資源使用策略逐漸
改變"
MT-1-5,0.8087678418213695,"計並揭露新光銀行融資部位溫室氣體排放量。
2． 於2022年5月建立「資產組合」溫室氣體盤查機制，定義盤查邊界及目標，
並規劃進行 2021年融資部位溫室氣體盤查。
3．  規劃計算出 2022年融資部位溫室氣體後，以此作為基準年，設定新光銀行科
學基礎減碳（Science Based Targets, SBT）。
零碳信用卡計畫 – 碳足跡計算器 & 種樹計畫
為提升顧客綠色消費意識，降低銀行服務對環境造成之衝擊，我們與國際發卡組織 Mastercard
合作碳排放計算及種樹計畫，以「 OU點點卡」為產品標的，藉由 Mastercard 與瑞典金融科技公司"
#MT-1-6,0.8617311100201296,"不同情境對業務、策略和財務規劃的潛在影響 p.60-61
風險管理辨識和評估氣候相關風險的流程 p.60-61
管理氣候相關風險的流程 p.60-61
辨識、評估和管理氣候相關風險的流程，如何與企業風險管理機制融合 p.60-61
指標與目標評估氣候相關風險和機會時使用的指標 p.60-61
範疇一、範疇二和範疇三溫室氣體排放 p.64
氣候相關風險和機會之管理目標及實現情況 p.60-61氣候相關財務揭露 3.1.3　 氣候相關財務揭露（TCFD）框架
治理 策略 風險管理 指標與目標
董事會對氣候相關
風險和機會的監督
情況辨識出短期、中期
及長期氣候相關風
險和機會評估氣候相關風"
#MT-1-6,0.8564250852104112,"2． 氣候相關風險與傳統金融風險
連結
1． 現有氣候治理架構
2． 管理層級於氣候議題扮演的
角色重大風險與機會之潛在財務影響、
影響期間（短、中、長期）及因
應策略揭露新光銀行近三年溫室氣體排
放情形，及投資組合碳排放針對鑑別出之重大風險與機會說
明該項目之管理作為
使用 NCDR RCP2.6 及RCP8.5進
行情境模擬，並建置風險地圖將依指標與目標工作坊結果，揭
露新光銀行針對目標之管理作為，
以及執行現況氣候變遷風險納入整體風險管理
政策之說明揭露項目 揭露項目 揭露項目 揭露項目 規劃內容 規劃內容 規劃內容 規劃內容"
#MT-1-6,0.8495823441571371,"治理 策略 風險管理 指標與目標
董事會對氣候相關
風險和機會的監督
情況辨識出短期、中期
及長期氣候相關風
險和機會評估氣候相關風
險和機會時使用
的指標辨識和評估氣候相
關風險的流程
管理層級評估和管
理氣候相關風險和
機會的責任氣候相關風險和機
會對業務、策略和
財務規劃的影響範疇一、範疇二
和範疇三溫室氣
體排放管理氣候相關風險
的流程
不同情境對業務、
策略和財務規劃的
潛在影響氣候相關風險和
機會之管理目標
及實現情況辨識、評估和管理
氣候相關風險的流
程，如何與企業風
險管理機制融合1． 現有氣候治理架構
2． 董事會於氣候議題扮演的角色
及監督情形1． 新光銀行短中長期定義"
#MT-1-6,0.8429259975414025,"機會之管理目標
及實現情況辨識、評估和管理
氣候相關風險的流
程，如何與企業風
險管理機制融合1． 現有氣候治理架構
2． 董事會於氣候議題扮演的角色
及監督情形1． 新光銀行短中長期定義
2． 氣候風險、機會矩陣結果（含
重大性排序）列出氣候相關風險和機會之指標
（包含如實體資產氣候情境曝險
情形、營運碳足跡）1． 氣候風險與機會識別流程（議
題蒐整、收斂）
2． 氣候相關風險與傳統金融風險
連結
1． 現有氣候治理架構
2． 管理層級於氣候議題扮演的
角色重大風險與機會之潛在財務影響、
影響期間（短、中、長期）及因
應策略揭露新光銀行近三年溫室氣體排"
#MT-1-6,0.834970600760865,"2022年TCFD規劃內容
2022年，新光銀行將按 TCFD指引之四大構面，從建構氣候治理組織與機制開始，將氣候議題納入風險管理流程，
全面啟動情境分析，進行氣候策略，對業務影響之財務評估，並訂定相關氣候目標，正式對氣候風險的減緩與調適，採
取具體行動。架構 揭露項目 實際作為對應
治理 管理層級評估和管理氣候相關風險和機會的責任 p.60-61
策略氣候相關風險和機會對業務、策略和財務規劃的影響 p.60-61
不同情境對業務、策略和財務規劃的潛在影響 p.60-61
風險管理辨識和評估氣候相關風險的流程 p.60-61
管理氣候相關風險的流程 p.60-61"
#MT-1-6,0.826365415480123,"露新光銀行針對目標之管理作為，
以及執行現況氣候變遷風險納入整體風險管理
政策之說明揭露項目 揭露項目 揭露項目 揭露項目 規劃內容 規劃內容 規劃內容 規劃內容
註：TCFD 規劃內容預計於 TCFD報告書中公開揭露說明。新光銀行 永續報告書 2021
58 59共好 創新 低碳 永續治理 永續策略"
#MT-1-6,0.8217138153239455,"2018 年，新光銀行與母公司新光金控，共同簽署支持「氣候變遷相關財務揭露」（ The Task Force on Climate-
Related Financial Disclosures, TCFD）倡議，為台灣第一批簽署支持 TCFD 的金融業者。
我們依循 TCFD 框架，識別及評估氣候風險及機會，據以擬定氣候相關指標及目標，除藉此強化氣候韌性，亦以淨
零排碳為目標，積極探尋轉型機會，並透過綠色金融機制，帶動廣大台灣產業一同轉型邁向低碳經濟。 2021年我們積
極規劃 TCFD相關專案，並預計於 2022年開始執行。"
#MT-1-6,0.8169500834773047,"成模型及系統上線之業務，採用違約機率、風險級距及違約損失率等指標，進行
信用風險程度衡量，使得可以標準化、精緻化進行風險管理。
6．  除風險衡量系統外，新光銀行之風險管理機制為獨立之審查機制、管理規範機制、
覆審機制、稽核機制等，以有效執行風險管理。信用風險
1． 市場風險管理單位定期向高階管理階層呈報市場風險管理報告，包含市場風險
控管日報表、市場風險月報等，使其適時掌握風險曝險狀況，作為決策之參考
依據。
2．  市場風險管理單位負責監控全行交易簿及銀行簿部位限額、損益限額、風險
值（VaR ）限額及執行停損預警機制，以符合每年設定之市場風險限額以及
市場風險政策之規範。"
#MT-1-6,0.80853177732286,"打擊資恐之責任作為定期檢視
依風險等級應為定期追踪
檢視
不定期檢視
因重大負面消息或其他因
素導致商業夥伴之洗錢或
資恐風險提高時之不定期
檢視截至 2022年3月11日，
已評等所有往來通匯行共
508家，屬高風險 49家（約
9%）、中風險 217家（約
43%）、低風險 242家（約
48%），且皆已透過完善之
把關機制，強化防制洗錢之
風險管理建立業務關係前 建立業務關係後 評估結果洗錢及資恐剩餘風險評估結果風險評估流程
近兩年洗錢交易監控成果
洗錢及資恐
固有風險之識別STEP　 1 STEP　  2 STEP　  3 STEP　  4
評估控制方案
之執行效能
以內外部查核結果"
#MT-1-6,0.807672002686662,"理之衡量。
3．  為協助風險辨識及衡量，將信用風險陸續導入量化模型，其中企業金融業務、消費
金融業務之信用貸款、房屋貸款及信用卡及車貸業務等，皆已完成評等模型發展。
4．  為協助風險辨識及衡量，信用風險已完成企、消金放款及信用卡業務之授信違約
損失率（LGD ）模型及 EAD-信用轉換因子（CCF） -模型。
5．  藉由上述量化模型建置及其相關系統上線，新光銀行信用風險之衡量，對於已完
成模型及系統上線之業務，採用違約機率、風險級距及違約損失率等指標，進行
信用風險程度衡量，使得可以標準化、精緻化進行風險管理。"
#MT-1-7,0.8491035032744927,"2． 氣候相關風險與傳統金融風險
連結
1． 現有氣候治理架構
2． 管理層級於氣候議題扮演的
角色重大風險與機會之潛在財務影響、
影響期間（短、中、長期）及因
應策略揭露新光銀行近三年溫室氣體排
放情形，及投資組合碳排放針對鑑別出之重大風險與機會說
明該項目之管理作為
使用 NCDR RCP2.6 及RCP8.5進
行情境模擬，並建置風險地圖將依指標與目標工作坊結果，揭
露新光銀行針對目標之管理作為，
以及執行現況氣候變遷風險納入整體風險管理
政策之說明揭露項目 揭露項目 揭露項目 揭露項目 規劃內容 規劃內容 規劃內容 規劃內容"
#MT-1-7,0.8402466696980043,"機會之管理目標
及實現情況辨識、評估和管理
氣候相關風險的流
程，如何與企業風
險管理機制融合1． 現有氣候治理架構
2． 董事會於氣候議題扮演的角色
及監督情形1． 新光銀行短中長期定義
2． 氣候風險、機會矩陣結果（含
重大性排序）列出氣候相關風險和機會之指標
（包含如實體資產氣候情境曝險
情形、營運碳足跡）1． 氣候風險與機會識別流程（議
題蒐整、收斂）
2． 氣候相關風險與傳統金融風險
連結
1． 現有氣候治理架構
2． 管理層級於氣候議題扮演的
角色重大風險與機會之潛在財務影響、
影響期間（短、中、長期）及因
應策略揭露新光銀行近三年溫室氣體排"
#MT-1-7,0.834111563694516,"露新光銀行針對目標之管理作為，
以及執行現況氣候變遷風險納入整體風險管理
政策之說明揭露項目 揭露項目 揭露項目 揭露項目 規劃內容 規劃內容 規劃內容 規劃內容
註：TCFD 規劃內容預計於 TCFD報告書中公開揭露說明。新光銀行 永續報告書 2021
58 59共好 創新 低碳 永續治理 永續策略"
#MT-1-7,0.828488784244814,"不同情境對業務、策略和財務規劃的潛在影響 p.60-61
風險管理辨識和評估氣候相關風險的流程 p.60-61
管理氣候相關風險的流程 p.60-61
辨識、評估和管理氣候相關風險的流程，如何與企業風險管理機制融合 p.60-61
指標與目標評估氣候相關風險和機會時使用的指標 p.60-61
範疇一、範疇二和範疇三溫室氣體排放 p.64
氣候相關風險和機會之管理目標及實現情況 p.60-61氣候相關財務揭露 3.1.3　 氣候相關財務揭露（TCFD）框架
治理 策略 風險管理 指標與目標
董事會對氣候相關
風險和機會的監督
情況辨識出短期、中期
及長期氣候相關風
險和機會評估氣候相關風"
#MT-1-7,0.8192788654449256,"2022年TCFD規劃內容
2022年，新光銀行將按 TCFD指引之四大構面，從建構氣候治理組織與機制開始，將氣候議題納入風險管理流程，
全面啟動情境分析，進行氣候策略，對業務影響之財務評估，並訂定相關氣候目標，正式對氣候風險的減緩與調適，採
取具體行動。架構 揭露項目 實際作為對應
治理 管理層級評估和管理氣候相關風險和機會的責任 p.60-61
策略氣候相關風險和機會對業務、策略和財務規劃的影響 p.60-61
不同情境對業務、策略和財務規劃的潛在影響 p.60-61
風險管理辨識和評估氣候相關風險的流程 p.60-61
管理氣候相關風險的流程 p.60-61"
#MT-1-7,0.819216783137069,"治理 策略 風險管理 指標與目標
董事會對氣候相關
風險和機會的監督
情況辨識出短期、中期
及長期氣候相關風
險和機會評估氣候相關風
險和機會時使用
的指標辨識和評估氣候相
關風險的流程
管理層級評估和管
理氣候相關風險和
機會的責任氣候相關風險和機
會對業務、策略和
財務規劃的影響範疇一、範疇二
和範疇三溫室氣
體排放管理氣候相關風險
的流程
不同情境對業務、
策略和財務規劃的
潛在影響氣候相關風險和
機會之管理目標
及實現情況辨識、評估和管理
氣候相關風險的流
程，如何與企業風
險管理機制融合1． 現有氣候治理架構
2． 董事會於氣候議題扮演的角色
及監督情形1． 新光銀行短中長期定義"
#MT-1-7,0.8157179203610887,"成模型及系統上線之業務，採用違約機率、風險級距及違約損失率等指標，進行
信用風險程度衡量，使得可以標準化、精緻化進行風險管理。
6．  除風險衡量系統外，新光銀行之風險管理機制為獨立之審查機制、管理規範機制、
覆審機制、稽核機制等，以有效執行風險管理。信用風險
1． 市場風險管理單位定期向高階管理階層呈報市場風險管理報告，包含市場風險
控管日報表、市場風險月報等，使其適時掌握風險曝險狀況，作為決策之參考
依據。
2．  市場風險管理單位負責監控全行交易簿及銀行簿部位限額、損益限額、風險
值（VaR ）限額及執行停損預警機制，以符合每年設定之市場風險限額以及
市場風險政策之規範。"
#MT-1-7,0.8130734374246968,"斷計畫
2． 設有市場風險通報機制，定期模擬壓力測
試，檢視公司資本適足率水位
1． 發展數位金融
2． 擬定綠色採購計畫
3． 導入各項節能設備
盤查營業據點之溫室氣體排放量，暸解溫室
氣體排放情形，以利擬定減碳策略及目標
1． 加強客戶資產防護作為
2． 降低高風險地區投融資部位在本行資產組
合的比重
1． 簽署 《赤道原則》 及響應 《責任投資原則》
2． 擬定再生能源投資及融資計畫
3． 引進綠能及水資源基金供客戶申購
4． 發行綠色債券
1． 響應國際環保運動  「Earth Hour 地球一
小時」
2． 持續推動「夏日節電 316行動」
3． 辦理學童環境教育活動"
#MT-1-7,0.8103119126899903,"計並揭露新光銀行融資部位溫室氣體排放量。
2． 於2022年5月建立「資產組合」溫室氣體盤查機制，定義盤查邊界及目標，
並規劃進行 2021年融資部位溫室氣體盤查。
3．  規劃計算出 2022年融資部位溫室氣體後，以此作為基準年，設定新光銀行科
學基礎減碳（Science Based Targets, SBT）。
零碳信用卡計畫 – 碳足跡計算器 & 種樹計畫
為提升顧客綠色消費意識，降低銀行服務對環境造成之衝擊，我們與國際發卡組織 Mastercard
合作碳排放計算及種樹計畫，以「 OU點點卡」為產品標的，藉由 Mastercard 與瑞典金融科技公司"
#MT-1-7,0.809926627274328,"2018 年，新光銀行與母公司新光金控，共同簽署支持「氣候變遷相關財務揭露」（ The Task Force on Climate-
Related Financial Disclosures, TCFD）倡議，為台灣第一批簽署支持 TCFD 的金融業者。
我們依循 TCFD 框架，識別及評估氣候風險及機會，據以擬定氣候相關指標及目標，除藉此強化氣候韌性，亦以淨
零排碳為目標，積極探尋轉型機會，並透過綠色金融機制，帶動廣大台灣產業一同轉型邁向低碳經濟。 2021年我們積
極規劃 TCFD相關專案，並預計於 2022年開始執行。"
#MT-1-8,0.8404805004135427,"2． 氣候相關風險與傳統金融風險
連結
1． 現有氣候治理架構
2． 管理層級於氣候議題扮演的
角色重大風險與機會之潛在財務影響、
影響期間（短、中、長期）及因
應策略揭露新光銀行近三年溫室氣體排
放情形，及投資組合碳排放針對鑑別出之重大風險與機會說
明該項目之管理作為
使用 NCDR RCP2.6 及RCP8.5進
行情境模擬，並建置風險地圖將依指標與目標工作坊結果，揭
露新光銀行針對目標之管理作為，
以及執行現況氣候變遷風險納入整體風險管理
政策之說明揭露項目 揭露項目 揭露項目 揭露項目 規劃內容 規劃內容 規劃內容 規劃內容"
#MT-1-8,0.838445587347164,"機會之管理目標
及實現情況辨識、評估和管理
氣候相關風險的流
程，如何與企業風
險管理機制融合1． 現有氣候治理架構
2． 董事會於氣候議題扮演的角色
及監督情形1． 新光銀行短中長期定義
2． 氣候風險、機會矩陣結果（含
重大性排序）列出氣候相關風險和機會之指標
（包含如實體資產氣候情境曝險
情形、營運碳足跡）1． 氣候風險與機會識別流程（議
題蒐整、收斂）
2． 氣候相關風險與傳統金融風險
連結
1． 現有氣候治理架構
2． 管理層級於氣候議題扮演的
角色重大風險與機會之潛在財務影響、
影響期間（短、中、長期）及因
應策略揭露新光銀行近三年溫室氣體排"
#MT-1-8,0.83252334400208,"不同情境對業務、策略和財務規劃的潛在影響 p.60-61
風險管理辨識和評估氣候相關風險的流程 p.60-61
管理氣候相關風險的流程 p.60-61
辨識、評估和管理氣候相關風險的流程，如何與企業風險管理機制融合 p.60-61
指標與目標評估氣候相關風險和機會時使用的指標 p.60-61
範疇一、範疇二和範疇三溫室氣體排放 p.64
氣候相關風險和機會之管理目標及實現情況 p.60-61氣候相關財務揭露 3.1.3　 氣候相關財務揭露（TCFD）框架
治理 策略 風險管理 指標與目標
董事會對氣候相關
風險和機會的監督
情況辨識出短期、中期
及長期氣候相關風
險和機會評估氣候相關風"
#MT-1-8,0.8291058246437256,"治理 策略 風險管理 指標與目標
董事會對氣候相關
風險和機會的監督
情況辨識出短期、中期
及長期氣候相關風
險和機會評估氣候相關風
險和機會時使用
的指標辨識和評估氣候相
關風險的流程
管理層級評估和管
理氣候相關風險和
機會的責任氣候相關風險和機
會對業務、策略和
財務規劃的影響範疇一、範疇二
和範疇三溫室氣
體排放管理氣候相關風險
的流程
不同情境對業務、
策略和財務規劃的
潛在影響氣候相關風險和
機會之管理目標
及實現情況辨識、評估和管理
氣候相關風險的流
程，如何與企業風
險管理機制融合1． 現有氣候治理架構
2． 董事會於氣候議題扮演的角色
及監督情形1． 新光銀行短中長期定義"
#MT-1-8,0.8145754878853524,"露新光銀行針對目標之管理作為，
以及執行現況氣候變遷風險納入整體風險管理
政策之說明揭露項目 揭露項目 揭露項目 揭露項目 規劃內容 規劃內容 規劃內容 規劃內容
註：TCFD 規劃內容預計於 TCFD報告書中公開揭露說明。新光銀行 永續報告書 2021
58 59共好 創新 低碳 永續治理 永續策略"
#MT-1-8,0.811077446972918,"2022年TCFD規劃內容
2022年，新光銀行將按 TCFD指引之四大構面，從建構氣候治理組織與機制開始，將氣候議題納入風險管理流程，
全面啟動情境分析，進行氣候策略，對業務影響之財務評估，並訂定相關氣候目標，正式對氣候風險的減緩與調適，採
取具體行動。架構 揭露項目 實際作為對應
治理 管理層級評估和管理氣候相關風險和機會的責任 p.60-61
策略氣候相關風險和機會對業務、策略和財務規劃的影響 p.60-61
不同情境對業務、策略和財務規劃的潛在影響 p.60-61
風險管理辨識和評估氣候相關風險的流程 p.60-61
管理氣候相關風險的流程 p.60-61"
#MT-1-8,0.8097101610603761,"斷計畫
2． 設有市場風險通報機制，定期模擬壓力測
試，檢視公司資本適足率水位
1． 發展數位金融
2． 擬定綠色採購計畫
3． 導入各項節能設備
盤查營業據點之溫室氣體排放量，暸解溫室
氣體排放情形，以利擬定減碳策略及目標
1． 加強客戶資產防護作為
2． 降低高風險地區投融資部位在本行資產組
合的比重
1． 簽署 《赤道原則》 及響應 《責任投資原則》
2． 擬定再生能源投資及融資計畫
3． 引進綠能及水資源基金供客戶申購
4． 發行綠色債券
1． 響應國際環保運動  「Earth Hour 地球一
小時」
2． 持續推動「夏日節電 316行動」
3． 辦理學童環境教育活動"
#MT-1-8,0.8051567630612289,"2018 年，新光銀行與母公司新光金控，共同簽署支持「氣候變遷相關財務揭露」（ The Task Force on Climate-
Related Financial Disclosures, TCFD）倡議，為台灣第一批簽署支持 TCFD 的金融業者。
我們依循 TCFD 框架，識別及評估氣候風險及機會，據以擬定氣候相關指標及目標，除藉此強化氣候韌性，亦以淨
零排碳為目標，積極探尋轉型機會，並透過綠色金融機制，帶動廣大台灣產業一同轉型邁向低碳經濟。 2021年我們積
極規劃 TCFD相關專案，並預計於 2022年開始執行。"
#MT-1-8,0.8046739076912638,"成模型及系統上線之業務，採用違約機率、風險級距及違約損失率等指標，進行
信用風險程度衡量，使得可以標準化、精緻化進行風險管理。
6．  除風險衡量系統外，新光銀行之風險管理機制為獨立之審查機制、管理規範機制、
覆審機制、稽核機制等，以有效執行風險管理。信用風險
1． 市場風險管理單位定期向高階管理階層呈報市場風險管理報告，包含市場風險
控管日報表、市場風險月報等，使其適時掌握風險曝險狀況，作為決策之參考
依據。
2．  市場風險管理單位負責監控全行交易簿及銀行簿部位限額、損益限額、風險
值（VaR ）限額及執行停損預警機制，以符合每年設定之市場風險限額以及
市場風險政策之規範。"
#MT-1-8,0.8016222229779839,"策，增加與外界溝通機會
極端氣候若對客戶造成負面衝擊日常行政庶務之能資源使用成本
將可能受到溫室氣體總量管制及排放交易制度
影響，而增加投入成本（如碳費等）
1． 衝擊投融資對象之營運
2． 造成融資對象之擔保品價值減損
1． 辨識及控管相關風險，尋求潛在之綠色金
融發展機會
2． 提高對高碳排或 ESG高風險產業投融資之
門檻，逐步降低上述資產組合比重1． 訂有緊急事件通報及應變機制等營運不中
斷計畫
2． 設有市場風險通報機制，定期模擬壓力測
試，檢視公司資本適足率水位
1． 發展數位金融
2． 擬定綠色採購計畫
3． 導入各項節能設備
盤查營業據點之溫室氣體排放量，暸解溫室"
MT-2-1,0.8176016526818588,"註：
1. 2020年轉版為 ISO 14064-1:2018 ，並取得第三方查證聲明書。
2. 全球暖化潛勢來源為 IPCC 2007 第四次評估報告公告之 GWP值。
3. 主要排放係數來源為溫室氣體排放係數管理表 6.0.4版；電力排放係數採用，經濟部能源局公告 2020年1kWh = 0.502kg-CO 2e。
4. 溫室氣體排放總量僅包含範疇一及範疇二。
5. 2021年盤查邊界調整，新增北瓦大樓、倉庫等總行外部室，為 100%台灣據點；配合邊界調整，設定範疇 1+2基準年為 2021年。
6. 2019-2020 年配合邊界調整，進行排放量回溯："
MT-2-1,0.8145156815073153,"溫室氣體排放密集度t-CO2e /佰萬元 0.61 0.60 0.53
t-CO 2e /人 2.67 2.70 2.58公務車耗油管理
新光銀行溫室氣體範疇一
之排放，主要來自公務車化石
燃料（主要為石油）之使用。
對此，我們定期統計及分析高
階主管座車用油狀況，並逐步
規劃汰換原有老舊、高油耗之
座車，改為選用更具能源效益
之車款，以實際行動減少溫室
氣體排放。
營運價值鏈溫室氣體排放
為強化溫室氣體排放管理， 2018年我們開始盤查範疇三（Scope 3 ）排放狀況，包括：員工商務旅行、廢棄物處理，"
MT-2-1,0.8128906676161294,"之車款，以實際行動減少溫室
氣體排放。
營運價值鏈溫室氣體排放
為強化溫室氣體排放管理， 2018年我們開始盤查範疇三（Scope 3 ）排放狀況，包括：員工商務旅行、廢棄物處理，
燃料及能源相關活動，所產生之間接溫室氣體排放，共計 2,175.53 t-CO 2e。項目 單位 2019年 2020年 2021年
總用油量 公升 606,971 462,528 412,672
溫室氣體排放量 t-CO 2e 1,433.3 1,092.2 974.5
註：
1. 統計數據經由第三方查證，並取得第三方查證聲明書。
2. 用油量包含公務車及業務油資補貼汽油量。"
MT-2-1,0.811328157501285,"註：
1. 統計數據經由第三方查證，並取得第三方查證聲明書。
2. 2021年盤查邊界調整，新增北瓦大樓、倉庫等總行外部室，為 100%台灣據點。
3. 2019-2020 年配合邊界調整，進行用電量回溯，此數據為自行計算。
4. 電力轉換係數：1kWh=0.0036GJ。單位：t-CO2e/年
年度 溫室氣體排放總量直接溫室氣體
（範疇一）能源間接溫室氣體
（範疇二）其他間接
（範疇三）
2019年 11,974.59 1,851.24 10,123.35 21.50
2020年 11,583.97 1,397.70 10,186.27 2,090.23"
MT-2-1,0.8102673213242658,"斷計畫
2． 設有市場風險通報機制，定期模擬壓力測
試，檢視公司資本適足率水位
1． 發展數位金融
2． 擬定綠色採購計畫
3． 導入各項節能設備
盤查營業據點之溫室氣體排放量，暸解溫室
氣體排放情形，以利擬定減碳策略及目標
1． 加強客戶資產防護作為
2． 降低高風險地區投融資部位在本行資產組
合的比重
1． 簽署 《赤道原則》 及響應 《責任投資原則》
2． 擬定再生能源投資及融資計畫
3． 引進綠能及水資源基金供客戶申購
4． 發行綠色債券
1． 響應國際環保運動  「Earth Hour 地球一
小時」
2． 持續推動「夏日節電 316行動」
3． 辦理學童環境教育活動"
MT-2-1,0.804272501106046,"計並揭露新光銀行融資部位溫室氣體排放量。
2． 於2022年5月建立「資產組合」溫室氣體盤查機制，定義盤查邊界及目標，
並規劃進行 2021年融資部位溫室氣體盤查。
3．  規劃計算出 2022年融資部位溫室氣體後，以此作為基準年，設定新光銀行科
學基礎減碳（Science Based Targets, SBT）。
零碳信用卡計畫 – 碳足跡計算器 & 種樹計畫
為提升顧客綠色消費意識，降低銀行服務對環境造成之衝擊，我們與國際發卡組織 Mastercard
合作碳排放計算及種樹計畫，以「 OU點點卡」為產品標的，藉由 Mastercard 與瑞典金融科技公司"
MT-2-1,0.8027493982945593,"策，增加與外界溝通機會
極端氣候若對客戶造成負面衝擊日常行政庶務之能資源使用成本
將可能受到溫室氣體總量管制及排放交易制度
影響，而增加投入成本（如碳費等）
1． 衝擊投融資對象之營運
2． 造成融資對象之擔保品價值減損
1． 辨識及控管相關風險，尋求潛在之綠色金
融發展機會
2． 提高對高碳排或 ESG高風險產業投融資之
門檻，逐步降低上述資產組合比重1． 訂有緊急事件通報及應變機制等營運不中
斷計畫
2． 設有市場風險通報機制，定期模擬壓力測
試，檢視公司資本適足率水位
1． 發展數位金融
2． 擬定綠色採購計畫
3． 導入各項節能設備
盤查營業據點之溫室氣體排放量，暸解溫室"
MT-2-2,0.8063139890807924,"溫室氣體排放密集度t-CO2e /佰萬元 0.61 0.60 0.53
t-CO 2e /人 2.67 2.70 2.58公務車耗油管理
新光銀行溫室氣體範疇一
之排放，主要來自公務車化石
燃料（主要為石油）之使用。
對此，我們定期統計及分析高
階主管座車用油狀況，並逐步
規劃汰換原有老舊、高油耗之
座車，改為選用更具能源效益
之車款，以實際行動減少溫室
氣體排放。
營運價值鏈溫室氣體排放
為強化溫室氣體排放管理， 2018年我們開始盤查範疇三（Scope 3 ）排放狀況，包括：員工商務旅行、廢棄物處理，"
MT-2-2,0.8054744238584555,"之車款，以實際行動減少溫室
氣體排放。
營運價值鏈溫室氣體排放
為強化溫室氣體排放管理， 2018年我們開始盤查範疇三（Scope 3 ）排放狀況，包括：員工商務旅行、廢棄物處理，
燃料及能源相關活動，所產生之間接溫室氣體排放，共計 2,175.53 t-CO 2e。項目 單位 2019年 2020年 2021年
總用油量 公升 606,971 462,528 412,672
溫室氣體排放量 t-CO 2e 1,433.3 1,092.2 974.5
註：
1. 統計數據經由第三方查證，並取得第三方查證聲明書。
2. 用油量包含公務車及業務油資補貼汽油量。"
MT-2-3,0.8139629677359436,"之車款，以實際行動減少溫室
氣體排放。
營運價值鏈溫室氣體排放
為強化溫室氣體排放管理， 2018年我們開始盤查範疇三（Scope 3 ）排放狀況，包括：員工商務旅行、廢棄物處理，
燃料及能源相關活動，所產生之間接溫室氣體排放，共計 2,175.53 t-CO 2e。項目 單位 2019年 2020年 2021年
總用油量 公升 606,971 462,528 412,672
溫室氣體排放量 t-CO 2e 1,433.3 1,092.2 974.5
註：
1. 統計數據經由第三方查證，並取得第三方查證聲明書。
2. 用油量包含公務車及業務油資補貼汽油量。"
MT-2-3,0.8090429975218728,"溫室氣體排放密集度t-CO2e /佰萬元 0.61 0.60 0.53
t-CO 2e /人 2.67 2.70 2.58公務車耗油管理
新光銀行溫室氣體範疇一
之排放，主要來自公務車化石
燃料（主要為石油）之使用。
對此，我們定期統計及分析高
階主管座車用油狀況，並逐步
規劃汰換原有老舊、高油耗之
座車，改為選用更具能源效益
之車款，以實際行動減少溫室
氣體排放。
營運價值鏈溫室氣體排放
為強化溫室氣體排放管理， 2018年我們開始盤查範疇三（Scope 3 ）排放狀況，包括：員工商務旅行、廢棄物處理，"
#MT-2-4,0.8423126976752962,"計並揭露新光銀行融資部位溫室氣體排放量。
2． 於2022年5月建立「資產組合」溫室氣體盤查機制，定義盤查邊界及目標，
並規劃進行 2021年融資部位溫室氣體盤查。
3．  規劃計算出 2022年融資部位溫室氣體後，以此作為基準年，設定新光銀行科
學基礎減碳（Science Based Targets, SBT）。
零碳信用卡計畫 – 碳足跡計算器 & 種樹計畫
為提升顧客綠色消費意識，降低銀行服務對環境造成之衝擊，我們與國際發卡組織 Mastercard
合作碳排放計算及種樹計畫，以「 OU點點卡」為產品標的，藉由 Mastercard 與瑞典金融科技公司"
#MT-2-4,0.8323935422453785,"斷計畫
2． 設有市場風險通報機制，定期模擬壓力測
試，檢視公司資本適足率水位
1． 發展數位金融
2． 擬定綠色採購計畫
3． 導入各項節能設備
盤查營業據點之溫室氣體排放量，暸解溫室
氣體排放情形，以利擬定減碳策略及目標
1． 加強客戶資產防護作為
2． 降低高風險地區投融資部位在本行資產組
合的比重
1． 簽署 《赤道原則》 及響應 《責任投資原則》
2． 擬定再生能源投資及融資計畫
3． 引進綠能及水資源基金供客戶申購
4． 發行綠色債券
1． 響應國際環保運動  「Earth Hour 地球一
小時」
2． 持續推動「夏日節電 316行動」
3． 辦理學童環境教育活動"
#MT-2-4,0.826034689159858,"票面利率 0.5%，本次債券所募資金，已全數用於再生能
源及能源科技發展項目，主要協助廠商建置太陽能發電
站，積極響應金管會「綠色金融行動方案 2.0」，為我
國綠能科技及改善環境品質貢獻心力。
融資活動溫室氣體盤查
1． 為響應全球淨零排放趨勢及國際永續金融倡議，依照「碳核算金融聯盟
（Partnership for Carbon Accounting Financials, PCAF）」盤查方法學，統
計並揭露新光銀行融資部位溫室氣體排放量。
2． 於2022年5月建立「資產組合」溫室氣體盤查機制，定義盤查邊界及目標，
並規劃進行 2021年融資部位溫室氣體盤查。"
#MT-2-4,0.8213835947658626,"溫室氣體排放密集度t-CO2e /佰萬元 0.61 0.60 0.53
t-CO 2e /人 2.67 2.70 2.58公務車耗油管理
新光銀行溫室氣體範疇一
之排放，主要來自公務車化石
燃料（主要為石油）之使用。
對此，我們定期統計及分析高
階主管座車用油狀況，並逐步
規劃汰換原有老舊、高油耗之
座車，改為選用更具能源效益
之車款，以實際行動減少溫室
氣體排放。
營運價值鏈溫室氣體排放
為強化溫室氣體排放管理， 2018年我們開始盤查範疇三（Scope 3 ）排放狀況，包括：員工商務旅行、廢棄物處理，"
#MT-2-4,0.8211510916760523,"策，增加與外界溝通機會
極端氣候若對客戶造成負面衝擊日常行政庶務之能資源使用成本
將可能受到溫室氣體總量管制及排放交易制度
影響，而增加投入成本（如碳費等）
1． 衝擊投融資對象之營運
2． 造成融資對象之擔保品價值減損
1． 辨識及控管相關風險，尋求潛在之綠色金
融發展機會
2． 提高對高碳排或 ESG高風險產業投融資之
門檻，逐步降低上述資產組合比重1． 訂有緊急事件通報及應變機制等營運不中
斷計畫
2． 設有市場風險通報機制，定期模擬壓力測
試，檢視公司資本適足率水位
1． 發展數位金融
2． 擬定綠色採購計畫
3． 導入各項節能設備
盤查營業據點之溫室氣體排放量，暸解溫室"
#MT-2-4,0.8200902976458816,"2． 氣候相關風險與傳統金融風險
連結
1． 現有氣候治理架構
2． 管理層級於氣候議題扮演的
角色重大風險與機會之潛在財務影響、
影響期間（短、中、長期）及因
應策略揭露新光銀行近三年溫室氣體排
放情形，及投資組合碳排放針對鑑別出之重大風險與機會說
明該項目之管理作為
使用 NCDR RCP2.6 及RCP8.5進
行情境模擬，並建置風險地圖將依指標與目標工作坊結果，揭
露新光銀行針對目標之管理作為，
以及執行現況氣候變遷風險納入整體風險管理
政策之說明揭露項目 揭露項目 揭露項目 揭露項目 規劃內容 規劃內容 規劃內容 規劃內容"
#MT-2-4,0.8134916816758947,"註：
1. 2020年轉版為 ISO 14064-1:2018 ，並取得第三方查證聲明書。
2. 全球暖化潛勢來源為 IPCC 2007 第四次評估報告公告之 GWP值。
3. 主要排放係數來源為溫室氣體排放係數管理表 6.0.4版；電力排放係數採用，經濟部能源局公告 2020年1kWh = 0.502kg-CO 2e。
4. 溫室氣體排放總量僅包含範疇一及範疇二。
5. 2021年盤查邊界調整，新增北瓦大樓、倉庫等總行外部室，為 100%台灣據點；配合邊界調整，設定範疇 1+2基準年為 2021年。
6. 2019-2020 年配合邊界調整，進行排放量回溯："
#MT-2-4,0.8119582950333714,"註：
1. 統計數據經由第三方查證，並取得第三方查證聲明書。
2. 2021年盤查邊界調整，新增北瓦大樓、倉庫等總行外部室，為 100%台灣據點。
3. 2019-2020 年配合邊界調整，進行用電量回溯，此數據為自行計算。
4. 電力轉換係數：1kWh=0.0036GJ。單位：t-CO2e/年
年度 溫室氣體排放總量直接溫室氣體
（範疇一）能源間接溫室氣體
（範疇二）其他間接
（範疇三）
2019年 11,974.59 1,851.24 10,123.35 21.50
2020年 11,583.97 1,397.70 10,186.27 2,090.23"
#MT-2-4,0.8096241604159895,"財講座，及兒童友善專區，以低碳作為，逐步邁向淨零排放目標。
透過導入 ISO 14067 碳足跡標準，及 PAS 2060 碳中和實施標
準，新竹六家分行將計算出「每服務一人次」所產生之溫室氣體排
放，在推動各項節能措施後，針對無法再減之碳排放量，以再生能
源碳權進行碳抵換，達成「臨櫃服務」零碳排之目標。碳中和分行 – 六家分行
員工
商務旅行信用卡運輸購買
產品與服務燃料及能源
相關活動廢棄物處理類別三 類別三 類別四 類別四 類別四
排放量
32.50
t-CO 2e排放量
0.04
t-CO 2e排放量
2,073.45
t-CO 2e排放量
22.77
t-CO 2e排放量"
#MT-2-4,0.8071056333363725,"溫室氣體排放量 t-CO 2e 1,433.3 1,092.2 974.5
註：
1. 統計數據經由第三方查證，並取得第三方查證聲明書。
2. 用油量包含公務車及業務油資補貼汽油量。
總排放 2,175.53  t-CO 2e溫室氣體排放
全台營運據點用電量全台公務車用油狀況
新光銀行位於竹北的六家分行，為本行首家「碳中和分行」，
藉由屋頂裝設太陽能發電板、善用分行空間舉辦綠色環保及親子理
財講座，及兒童友善專區，以低碳作為，逐步邁向淨零排放目標。
透過導入 ISO 14067 碳足跡標準，及 PAS 2060 碳中和實施標
準，新竹六家分行將計算出「每服務一人次」所產生之溫室氣體排"
MT-3-1,0.8393734923639798,"機會之管理目標
及實現情況辨識、評估和管理
氣候相關風險的流
程，如何與企業風
險管理機制融合1． 現有氣候治理架構
2． 董事會於氣候議題扮演的角色
及監督情形1． 新光銀行短中長期定義
2． 氣候風險、機會矩陣結果（含
重大性排序）列出氣候相關風險和機會之指標
（包含如實體資產氣候情境曝險
情形、營運碳足跡）1． 氣候風險與機會識別流程（議
題蒐整、收斂）
2． 氣候相關風險與傳統金融風險
連結
1． 現有氣候治理架構
2． 管理層級於氣候議題扮演的
角色重大風險與機會之潛在財務影響、
影響期間（短、中、長期）及因
應策略揭露新光銀行近三年溫室氣體排"
MT-3-1,0.8219637882824635,"2． 氣候相關風險與傳統金融風險
連結
1． 現有氣候治理架構
2． 管理層級於氣候議題扮演的
角色重大風險與機會之潛在財務影響、
影響期間（短、中、長期）及因
應策略揭露新光銀行近三年溫室氣體排
放情形，及投資組合碳排放針對鑑別出之重大風險與機會說
明該項目之管理作為
使用 NCDR RCP2.6 及RCP8.5進
行情境模擬，並建置風險地圖將依指標與目標工作坊結果，揭
露新光銀行針對目標之管理作為，
以及執行現況氣候變遷風險納入整體風險管理
政策之說明揭露項目 揭露項目 揭露項目 揭露項目 規劃內容 規劃內容 規劃內容 規劃內容"
MT-3-1,0.8217834419176855,"不同情境對業務、策略和財務規劃的潛在影響 p.60-61
風險管理辨識和評估氣候相關風險的流程 p.60-61
管理氣候相關風險的流程 p.60-61
辨識、評估和管理氣候相關風險的流程，如何與企業風險管理機制融合 p.60-61
指標與目標評估氣候相關風險和機會時使用的指標 p.60-61
範疇一、範疇二和範疇三溫室氣體排放 p.64
氣候相關風險和機會之管理目標及實現情況 p.60-61氣候相關財務揭露 3.1.3　 氣候相關財務揭露（TCFD）框架
治理 策略 風險管理 指標與目標
董事會對氣候相關
風險和機會的監督
情況辨識出短期、中期
及長期氣候相關風
險和機會評估氣候相關風"
MT-3-1,0.820653864230745,"治理 策略 風險管理 指標與目標
董事會對氣候相關
風險和機會的監督
情況辨識出短期、中期
及長期氣候相關風
險和機會評估氣候相關風
險和機會時使用
的指標辨識和評估氣候相
關風險的流程
管理層級評估和管
理氣候相關風險和
機會的責任氣候相關風險和機
會對業務、策略和
財務規劃的影響範疇一、範疇二
和範疇三溫室氣
體排放管理氣候相關風險
的流程
不同情境對業務、
策略和財務規劃的
潛在影響氣候相關風險和
機會之管理目標
及實現情況辨識、評估和管理
氣候相關風險的流
程，如何與企業風
險管理機制融合1． 現有氣候治理架構
2． 董事會於氣候議題扮演的角色
及監督情形1． 新光銀行短中長期定義"
MT-3-1,0.8201021198368889,"策，增加與外界溝通機會
極端氣候若對客戶造成負面衝擊日常行政庶務之能資源使用成本
將可能受到溫室氣體總量管制及排放交易制度
影響，而增加投入成本（如碳費等）
1． 衝擊投融資對象之營運
2． 造成融資對象之擔保品價值減損
1． 辨識及控管相關風險，尋求潛在之綠色金
融發展機會
2． 提高對高碳排或 ESG高風險產業投融資之
門檻，逐步降低上述資產組合比重1． 訂有緊急事件通報及應變機制等營運不中
斷計畫
2． 設有市場風險通報機制，定期模擬壓力測
試，檢視公司資本適足率水位
1． 發展數位金融
2． 擬定綠色採購計畫
3． 導入各項節能設備
盤查營業據點之溫室氣體排放量，暸解溫室"
MT-3-1,0.8200148126401986,"斷計畫
2． 設有市場風險通報機制，定期模擬壓力測
試，檢視公司資本適足率水位
1． 發展數位金融
2． 擬定綠色採購計畫
3． 導入各項節能設備
盤查營業據點之溫室氣體排放量，暸解溫室
氣體排放情形，以利擬定減碳策略及目標
1． 加強客戶資產防護作為
2． 降低高風險地區投融資部位在本行資產組
合的比重
1． 簽署 《赤道原則》 及響應 《責任投資原則》
2． 擬定再生能源投資及融資計畫
3． 引進綠能及水資源基金供客戶申購
4． 發行綠色債券
1． 響應國際環保運動  「Earth Hour 地球一
小時」
2． 持續推動「夏日節電 316行動」
3． 辦理學童環境教育活動"
MT-3-1,0.806929206628506,"提升環境及能源管理效能。環境永續目標
3
5一致性
Alignment
利害關係人
Stakeholders衝擊與目標設定
Impact & Target Setting
治理與目標
Governance & Culture顧客及客戶
Clients & Customers
資訊透明與當責
Transparency & Accountability原則一
原則二
原則三
原則四
原則五
原則六新光銀行 永續報告書 2021
50 51共好 創新 低碳 永續治理 永續策略"
MT-3-1,0.8046418550129713,"計並揭露新光銀行融資部位溫室氣體排放量。
2． 於2022年5月建立「資產組合」溫室氣體盤查機制，定義盤查邊界及目標，
並規劃進行 2021年融資部位溫室氣體盤查。
3．  規劃計算出 2022年融資部位溫室氣體後，以此作為基準年，設定新光銀行科
學基礎減碳（Science Based Targets, SBT）。
零碳信用卡計畫 – 碳足跡計算器 & 種樹計畫
為提升顧客綠色消費意識，降低銀行服務對環境造成之衝擊，我們與國際發卡組織 Mastercard
合作碳排放計算及種樹計畫，以「 OU點點卡」為產品標的，藉由 Mastercard 與瑞典金融科技公司"
MT-3-2,0.8293805061921833,"機會之管理目標
及實現情況辨識、評估和管理
氣候相關風險的流
程，如何與企業風
險管理機制融合1． 現有氣候治理架構
2． 董事會於氣候議題扮演的角色
及監督情形1． 新光銀行短中長期定義
2． 氣候風險、機會矩陣結果（含
重大性排序）列出氣候相關風險和機會之指標
（包含如實體資產氣候情境曝險
情形、營運碳足跡）1． 氣候風險與機會識別流程（議
題蒐整、收斂）
2． 氣候相關風險與傳統金融風險
連結
1． 現有氣候治理架構
2． 管理層級於氣候議題扮演的
角色重大風險與機會之潛在財務影響、
影響期間（短、中、長期）及因
應策略揭露新光銀行近三年溫室氣體排"
MT-3-2,0.8213765983890098,"不同情境對業務、策略和財務規劃的潛在影響 p.60-61
風險管理辨識和評估氣候相關風險的流程 p.60-61
管理氣候相關風險的流程 p.60-61
辨識、評估和管理氣候相關風險的流程，如何與企業風險管理機制融合 p.60-61
指標與目標評估氣候相關風險和機會時使用的指標 p.60-61
範疇一、範疇二和範疇三溫室氣體排放 p.64
氣候相關風險和機會之管理目標及實現情況 p.60-61氣候相關財務揭露 3.1.3　 氣候相關財務揭露（TCFD）框架
治理 策略 風險管理 指標與目標
董事會對氣候相關
風險和機會的監督
情況辨識出短期、中期
及長期氣候相關風
險和機會評估氣候相關風"
MT-3-2,0.820924699879276,"治理 策略 風險管理 指標與目標
董事會對氣候相關
風險和機會的監督
情況辨識出短期、中期
及長期氣候相關風
險和機會評估氣候相關風
險和機會時使用
的指標辨識和評估氣候相
關風險的流程
管理層級評估和管
理氣候相關風險和
機會的責任氣候相關風險和機
會對業務、策略和
財務規劃的影響範疇一、範疇二
和範疇三溫室氣
體排放管理氣候相關風險
的流程
不同情境對業務、
策略和財務規劃的
潛在影響氣候相關風險和
機會之管理目標
及實現情況辨識、評估和管理
氣候相關風險的流
程，如何與企業風
險管理機制融合1． 現有氣候治理架構
2． 董事會於氣候議題扮演的角色
及監督情形1． 新光銀行短中長期定義"
MT-3-2,0.8075108752848048,"2． 氣候相關風險與傳統金融風險
連結
1． 現有氣候治理架構
2． 管理層級於氣候議題扮演的
角色重大風險與機會之潛在財務影響、
影響期間（短、中、長期）及因
應策略揭露新光銀行近三年溫室氣體排
放情形，及投資組合碳排放針對鑑別出之重大風險與機會說
明該項目之管理作為
使用 NCDR RCP2.6 及RCP8.5進
行情境模擬，並建置風險地圖將依指標與目標工作坊結果，揭
露新光銀行針對目標之管理作為，
以及執行現況氣候變遷風險納入整體風險管理
政策之說明揭露項目 揭露項目 揭露項目 揭露項目 規劃內容 規劃內容 規劃內容 規劃內容"
MT-3-2,0.8072848838830894,"行情形，並完成規範
「風險管理資訊」。
 ▪訂定資本適足性管
理、風險胃納及相關
因應策略，以提供管
理階層達成風險管理
目標。 ▪依權責職掌範圍，定
期或不定期向各階級
主管陳報各項風險管
理報表。
 ▪每季將風險評估成果
提報予董事會，做為
管理決策之參考。 ▪考量風險文化及風險
衡量之成熟度、業務
性質及實際需要，實
施風險調整後之獎酬
機制，落實風險與員
工獎酬之連結性。2.3　風險管理
目標 機制 績效考核 資訊滙報
2019年 2020年 2021年
自有資本第一類資本 70,035,238 78,365,529 79,940,847"
MT-3-3,0.8376700642611393,"機會之管理目標
及實現情況辨識、評估和管理
氣候相關風險的流
程，如何與企業風
險管理機制融合1． 現有氣候治理架構
2． 董事會於氣候議題扮演的角色
及監督情形1． 新光銀行短中長期定義
2． 氣候風險、機會矩陣結果（含
重大性排序）列出氣候相關風險和機會之指標
（包含如實體資產氣候情境曝險
情形、營運碳足跡）1． 氣候風險與機會識別流程（議
題蒐整、收斂）
2． 氣候相關風險與傳統金融風險
連結
1． 現有氣候治理架構
2． 管理層級於氣候議題扮演的
角色重大風險與機會之潛在財務影響、
影響期間（短、中、長期）及因
應策略揭露新光銀行近三年溫室氣體排"
MT-3-3,0.815908676997449,"治理 策略 風險管理 指標與目標
董事會對氣候相關
風險和機會的監督
情況辨識出短期、中期
及長期氣候相關風
險和機會評估氣候相關風
險和機會時使用
的指標辨識和評估氣候相
關風險的流程
管理層級評估和管
理氣候相關風險和
機會的責任氣候相關風險和機
會對業務、策略和
財務規劃的影響範疇一、範疇二
和範疇三溫室氣
體排放管理氣候相關風險
的流程
不同情境對業務、
策略和財務規劃的
潛在影響氣候相關風險和
機會之管理目標
及實現情況辨識、評估和管理
氣候相關風險的流
程，如何與企業風
險管理機制融合1． 現有氣候治理架構
2． 董事會於氣候議題扮演的角色
及監督情形1． 新光銀行短中長期定義"
MT-3-3,0.8147991190635512,"2． 氣候相關風險與傳統金融風險
連結
1． 現有氣候治理架構
2． 管理層級於氣候議題扮演的
角色重大風險與機會之潛在財務影響、
影響期間（短、中、長期）及因
應策略揭露新光銀行近三年溫室氣體排
放情形，及投資組合碳排放針對鑑別出之重大風險與機會說
明該項目之管理作為
使用 NCDR RCP2.6 及RCP8.5進
行情境模擬，並建置風險地圖將依指標與目標工作坊結果，揭
露新光銀行針對目標之管理作為，
以及執行現況氣候變遷風險納入整體風險管理
政策之說明揭露項目 揭露項目 揭露項目 揭露項目 規劃內容 規劃內容 規劃內容 規劃內容"
MT-3-3,0.8138269598557989,"露新光銀行針對目標之管理作為，
以及執行現況氣候變遷風險納入整體風險管理
政策之說明揭露項目 揭露項目 揭露項目 揭露項目 規劃內容 規劃內容 規劃內容 規劃內容
註：TCFD 規劃內容預計於 TCFD報告書中公開揭露說明。新光銀行 永續報告書 2021
58 59共好 創新 低碳 永續治理 永續策略"
MT-3-3,0.8135731936809147,"不同情境對業務、策略和財務規劃的潛在影響 p.60-61
風險管理辨識和評估氣候相關風險的流程 p.60-61
管理氣候相關風險的流程 p.60-61
辨識、評估和管理氣候相關風險的流程，如何與企業風險管理機制融合 p.60-61
指標與目標評估氣候相關風險和機會時使用的指標 p.60-61
範疇一、範疇二和範疇三溫室氣體排放 p.64
氣候相關風險和機會之管理目標及實現情況 p.60-61氣候相關財務揭露 3.1.3　 氣候相關財務揭露（TCFD）框架
治理 策略 風險管理 指標與目標
董事會對氣候相關
風險和機會的監督
情況辨識出短期、中期
及長期氣候相關風
險和機會評估氣候相關風"
MT-3-4,0.8248922250739854,"機會之管理目標
及實現情況辨識、評估和管理
氣候相關風險的流
程，如何與企業風
險管理機制融合1． 現有氣候治理架構
2． 董事會於氣候議題扮演的角色
及監督情形1． 新光銀行短中長期定義
2． 氣候風險、機會矩陣結果（含
重大性排序）列出氣候相關風險和機會之指標
（包含如實體資產氣候情境曝險
情形、營運碳足跡）1． 氣候風險與機會識別流程（議
題蒐整、收斂）
2． 氣候相關風險與傳統金融風險
連結
1． 現有氣候治理架構
2． 管理層級於氣候議題扮演的
角色重大風險與機會之潛在財務影響、
影響期間（短、中、長期）及因
應策略揭露新光銀行近三年溫室氣體排"
MT-3-4,0.8076894936287939,"不同情境對業務、策略和財務規劃的潛在影響 p.60-61
風險管理辨識和評估氣候相關風險的流程 p.60-61
管理氣候相關風險的流程 p.60-61
辨識、評估和管理氣候相關風險的流程，如何與企業風險管理機制融合 p.60-61
指標與目標評估氣候相關風險和機會時使用的指標 p.60-61
範疇一、範疇二和範疇三溫室氣體排放 p.64
氣候相關風險和機會之管理目標及實現情況 p.60-61氣候相關財務揭露 3.1.3　 氣候相關財務揭露（TCFD）框架
治理 策略 風險管理 指標與目標
董事會對氣候相關
風險和機會的監督
情況辨識出短期、中期
及長期氣候相關風
險和機會評估氣候相關風"
MT-3-4,0.8064426212624477,"2． 氣候相關風險與傳統金融風險
連結
1． 現有氣候治理架構
2． 管理層級於氣候議題扮演的
角色重大風險與機會之潛在財務影響、
影響期間（短、中、長期）及因
應策略揭露新光銀行近三年溫室氣體排
放情形，及投資組合碳排放針對鑑別出之重大風險與機會說
明該項目之管理作為
使用 NCDR RCP2.6 及RCP8.5進
行情境模擬，並建置風險地圖將依指標與目標工作坊結果，揭
露新光銀行針對目標之管理作為，
以及執行現況氣候變遷風險納入整體風險管理
政策之說明揭露項目 揭露項目 揭露項目 揭露項目 規劃內容 規劃內容 規劃內容 規劃內容"
MT-3-4,0.8044936666936069,"治理 策略 風險管理 指標與目標
董事會對氣候相關
風險和機會的監督
情況辨識出短期、中期
及長期氣候相關風
險和機會評估氣候相關風
險和機會時使用
的指標辨識和評估氣候相
關風險的流程
管理層級評估和管
理氣候相關風險和
機會的責任氣候相關風險和機
會對業務、策略和
財務規劃的影響範疇一、範疇二
和範疇三溫室氣
體排放管理氣候相關風險
的流程
不同情境對業務、
策略和財務規劃的
潛在影響氣候相關風險和
機會之管理目標
及實現情況辨識、評估和管理
氣候相關風險的流
程，如何與企業風
險管理機制融合1． 現有氣候治理架構
2． 董事會於氣候議題扮演的角色
及監督情形1． 新光銀行短中長期定義"
